"../../../Engine/Plugins/Animation/ACLPlugin/Content/ACLAnimCurveCompressionSettings.uasset" 0
"../../../Engine/Plugins/Animation/ACLPlugin/Content/ACLAnimCurveCompressionSettings.uexp" 1
"../../../Engine/Plugins/Animation/ACLPlugin/Content/ACLAnimBoneCompressionSettings.uasset" 2
"../../../Engine/Plugins/Animation/ACLPlugin/Content/ACLAnimBoneCompressionSettings.uexp" 3
"../../../Engine/Plugins/2D/Paper2D/Content/PlaceholderTextures/DummySpriteTexture.ubulk" 4
"../../../Engine/Plugins/2D/Paper2D/Content/PlaceholderTextures/DummySpriteTexture.uasset" 5
"../../../Engine/Plugins/2D/Paper2D/Content/PlaceholderTextures/DummySpriteTexture.uexp" 6
"../../../Engine/Plugins/2D/Paper2D/Content/DummySprite.uasset" 7
"../../../Engine/Plugins/2D/Paper2D/Content/DummySprite.uexp" 8
"../../../Engine/Plugins/2D/Paper2D/Content/DefaultPaperTerrainMaterial.uasset" 9
"../../../Engine/Plugins/2D/Paper2D/Content/DefaultPaperTerrainMaterial.uexp" 10
"../../../Engine/Plugins/Interchange/Runtime/Content/Pipelines/DefaultTexturePipeline.uasset" 11
"../../../Engine/Plugins/Interchange/Runtime/Content/Pipelines/DefaultTexturePipeline.uexp" 12
"../../../Engine/Plugins/Interchange/Runtime/Content/Pipelines/DefaultSceneLevelPipeline.uasset" 13
"../../../Engine/Plugins/Interchange/Runtime/Content/Pipelines/DefaultSceneLevelPipeline.uexp" 14
"../../../Engine/Plugins/Interchange/Runtime/Content/Pipelines/DefaultSceneAssetsPipeline.uasset" 15
"../../../Engine/Plugins/Interchange/Runtime/Content/Pipelines/DefaultSceneAssetsPipeline.uexp" 16
"../../../Engine/Plugins/Interchange/Runtime/Content/Pipelines/DefaultMaterialXPipeline.uasset" 17
"../../../Engine/Plugins/Interchange/Runtime/Content/Pipelines/DefaultMaterialXPipeline.uexp" 18
"../../../Engine/Plugins/Interchange/Runtime/Content/Pipelines/DefaultMaterialPipeline.uasset" 19
"../../../Engine/Plugins/Interchange/Runtime/Content/Pipelines/DefaultMaterialPipeline.uexp" 20
"../../../Engine/Plugins/Interchange/Runtime/Content/Pipelines/DefaultGLTFSceneAssetsPipeline.uasset" 21
"../../../Engine/Plugins/Interchange/Runtime/Content/Pipelines/DefaultGLTFSceneAssetsPipeline.uexp" 22
"../../../Engine/Plugins/Interchange/Runtime/Content/Pipelines/DefaultGLTFPipeline.uasset" 23
"../../../Engine/Plugins/Interchange/Runtime/Content/Pipelines/DefaultGLTFPipeline.uexp" 24
"../../../Engine/Plugins/Interchange/Runtime/Content/Pipelines/DefaultGLTFAssetsPipeline.uasset" 25
"../../../Engine/Plugins/Interchange/Runtime/Content/Pipelines/DefaultGLTFAssetsPipeline.uexp" 26
"../../../Engine/Plugins/Interchange/Runtime/Content/Pipelines/DefaultAssetsPipeline.uasset" 27
"../../../Engine/Plugins/Interchange/Runtime/Content/Pipelines/DefaultAssetsPipeline.uexp" 28
"../../../Engine/Plugins/Experimental/Water/Content/Waves/GerstnerWaves_Ocean.uasset" 29
"../../../Engine/Plugins/Experimental/Water/Content/Waves/GerstnerWaves_Ocean.uexp" 30
"../../../Engine/Plugins/Experimental/Water/Content/Waves/GerstnerWaves_Lake.uasset" 31
"../../../Engine/Plugins/Experimental/Water/Content/Waves/GerstnerWaves_Lake.uexp" 32
"../../../Engine/Content/MobileResources/HUD/VirtualJoystick_Thumb.uasset" 33
"../../../Engine/Content/MobileResources/HUD/VirtualJoystick_Thumb.uexp" 34
"../../../Engine/Content/MobileResources/HUD/VirtualJoystick_Background.uasset" 35
"../../../Engine/Content/MobileResources/HUD/VirtualJoystick_Background.uexp" 36
"../../../Engine/Content/MobileResources/HUD/DefaultVirtualJoysticks.uasset" 37
"../../../Engine/Content/MobileResources/HUD/DefaultVirtualJoysticks.uexp" 38
"../../../Engine/Content/EngineSounds/Master.uasset" 39
"../../../Engine/Content/EngineSounds/Master.uexp" 40
"../../../Engine/Content/EngineMaterials/DefaultDestructiblePhysicalMaterial.uasset" 41
"../../../Engine/Content/EngineMaterials/DefaultDestructiblePhysicalMaterial.uexp" 42
"../../../Engine/Content/Animation/DefaultVariableFrameStrippingSettings.uasset" 43
"../../../Engine/Content/Animation/DefaultVariableFrameStrippingSettings.uexp" 44
"../../../Engine/Content/Animation/DefaultRecorderBoneCompression.uasset" 45
"../../../Engine/Content/Animation/DefaultRecorderBoneCompression.uexp" 46
"../../../Engine/Content/EngineResources/GradientTexture0.uasset" 47
"../../../Engine/Content/EngineResources/GradientTexture0.uexp" 48
"../../../Engine/Content/EditorResources/S_Actor.ubulk" 49
"../../../Engine/Content/EditorResources/S_Actor.uasset" 50
"../../../Engine/Content/EditorResources/S_Actor.uexp" 51
"../../../Engine/Content/EditorBlueprintResources/StandardMacros.uasset" 52
"../../../Engine/Content/EditorBlueprintResources/StandardMacros.uexp" 53
"../../../Engine/Plugins/VirtualProduction/VirtualCamera/Content/Common/Structs/S_VcamWidgetConfig.uasset" 54
"../../../Engine/Plugins/VirtualProduction/VirtualCamera/Content/Common/Structs/S_VcamWidgetConfig.uexp" 55
"../../../Engine/Plugins/VirtualProduction/VirtualCamera/Content/Common/Structs/S_VcamState.uasset" 56
"../../../Engine/Plugins/VirtualProduction/VirtualCamera/Content/Common/Structs/S_VcamState.uexp" 57
"../../../Engine/Plugins/VirtualProduction/VirtualCamera/Content/WidgetLibrary/BaseWidgets/BaseTextDisplay/Dependencies/BaseTextDisplayUserSettings.uasset" 58
"../../../Engine/Plugins/VirtualProduction/VirtualCamera/Content/WidgetLibrary/BaseWidgets/BaseTextDisplay/Dependencies/BaseTextDisplayUserSettings.uexp" 59
"../../../Engine/Plugins/VirtualProduction/VirtualCamera/Content/WidgetLibrary/BaseWidgets/BaseTextDisplay/Interfaces/BaseTextDisplayUserSettingsInterface.uasset" 60
"../../../Engine/Plugins/VirtualProduction/VirtualCamera/Content/WidgetLibrary/BaseWidgets/BaseTextDisplay/Interfaces/BaseTextDisplayUserSettingsInterface.uexp" 61
"../../../Engine/Plugins/VirtualProduction/VirtualCamera/Content/Common/TextStyles/VCamTextStyles.uasset" 62
"../../../Engine/Plugins/VirtualProduction/VirtualCamera/Content/Common/TextStyles/VCamTextStyles.uexp" 63
"../../../Engine/Plugins/VirtualProduction/VirtualCamera/Content/Common/TextStyles/VCamTextStyle.uasset" 64
"../../../Engine/Plugins/VirtualProduction/VirtualCamera/Content/Common/TextStyles/VCamTextStyle.uexp" 65
"../../../Engine/Content/EngineFonts/Faces/DroidSansFallback.uexp" 66
"../../../Engine/Content/EngineFonts/Faces/DroidSansFallback.uasset" 67
"../../../Engine/Content/EngineFonts/Faces/DroidSansFallback.ufont" 68
"../../../Engine/Content/EngineFonts/Faces/RobotoBold.uexp" 69
"../../../Engine/Content/EngineFonts/Faces/RobotoBold.uasset" 70
"../../../Engine/Content/EngineFonts/Faces/RobotoBold.ufont" 71
"../../../Engine/Content/EngineFonts/Faces/RobotoBoldItalic.uexp" 72
"../../../Engine/Content/EngineFonts/Faces/RobotoBoldItalic.uasset" 73
"../../../Engine/Content/EngineFonts/Faces/RobotoBoldItalic.ufont" 74
"../../../Engine/Content/EngineFonts/Faces/RobotoItalic.uexp" 75
"../../../Engine/Content/EngineFonts/Faces/RobotoItalic.uasset" 76
"../../../Engine/Content/EngineFonts/Faces/RobotoItalic.ufont" 77
"../../../Engine/Content/EngineFonts/Faces/RobotoLight.uexp" 78
"../../../Engine/Content/EngineFonts/Faces/RobotoLight.uasset" 79
"../../../Engine/Content/EngineFonts/Faces/RobotoLight.ufont" 80
"../../../Engine/Content/EngineFonts/Faces/RobotoRegular.uexp" 81
"../../../Engine/Content/EngineFonts/Faces/RobotoRegular.uasset" 82
"../../../Engine/Content/EngineFonts/Faces/RobotoRegular.ufont" 83
"../../../Engine/Content/EngineFonts/Roboto.uasset" 84
"../../../Engine/Content/EngineFonts/Roboto.uexp" 85
"../../../Engine/Plugins/VirtualProduction/VirtualCamera/Content/Common/TextStyles/VCamTextStyleTable.uasset" 86
"../../../Engine/Plugins/VirtualProduction/VirtualCamera/Content/Common/TextStyles/VCamTextStyleTable.uexp" 87
"../../../Engine/Plugins/VirtualProduction/VirtualCamera/Content/WidgetLibrary/BaseWidgets/BaseTextDisplay/Dependencies/BaseTextDisplayStyleSettings.uasset" 88
"../../../Engine/Plugins/VirtualProduction/VirtualCamera/Content/WidgetLibrary/BaseWidgets/BaseTextDisplay/Dependencies/BaseTextDisplayStyleSettings.uexp" 89
"../../../Engine/Plugins/VirtualProduction/VirtualCamera/Content/WidgetLibrary/BaseWidgets/BaseTextDisplay/Interfaces/BaseTextDisplayStyleSettingsInterface.uasset" 90
"../../../Engine/Plugins/VirtualProduction/VirtualCamera/Content/WidgetLibrary/BaseWidgets/BaseTextDisplay/Interfaces/BaseTextDisplayStyleSettingsInterface.uexp" 91
"../../../Engine/Plugins/VirtualProduction/VirtualCamera/Content/WidgetLibrary/BaseWidgets/BaseTextDisplay/BaseTextDisplay.uasset" 92
"../../../Engine/Plugins/VirtualProduction/VirtualCamera/Content/WidgetLibrary/BaseWidgets/BaseTextDisplay/BaseTextDisplay.uexp" 93
"../../../Engine/Plugins/VirtualProduction/VirtualCamera/Content/WidgetLibrary/Common/VCamIcons/IconHidden.uasset" 94
"../../../Engine/Plugins/VirtualProduction/VirtualCamera/Content/WidgetLibrary/Common/VCamIcons/IconHidden.uexp" 95
"../../../Engine/Plugins/VirtualProduction/VirtualCamera/Content/WidgetLibrary/Common/VCamIcons/IconTools.uasset" 96
"../../../Engine/Plugins/VirtualProduction/VirtualCamera/Content/WidgetLibrary/Common/VCamIcons/IconTools.uexp" 97
"../../../Engine/Plugins/VirtualProduction/VirtualCamera/Content/WidgetLibrary/Common/VCamIcons/IconVisible.uasset" 98
"../../../Engine/Plugins/VirtualProduction/VirtualCamera/Content/WidgetLibrary/Common/VCamIcons/IconVisible.uexp" 99
"../../../Engine/Plugins/VirtualProduction/VirtualCamera/Content/WidgetLibrary/VCamButton/Dependencies/VCamButtonStyleSettings.uasset" 100
"../../../Engine/Plugins/VirtualProduction/VirtualCamera/Content/WidgetLibrary/VCamButton/Dependencies/VCamButtonStyleSettings.uexp" 101
"../../../Engine/Plugins/VirtualProduction/VirtualCamera/Content/WidgetLibrary/VCamButton/Interfaces/VCamButtonStyleSettingsInterface.uasset" 102
"../../../Engine/Plugins/VirtualProduction/VirtualCamera/Content/WidgetLibrary/VCamButton/Interfaces/VCamButtonStyleSettingsInterface.uexp" 103
"../../../Engine/Plugins/VirtualProduction/VirtualCamera/Content/WidgetLibrary/VcamBadge/VCamBadgeTooltip.uasset" 104
"../../../Engine/Plugins/VirtualProduction/VirtualCamera/Content/WidgetLibrary/VcamBadge/VCamBadgeTooltip.uexp" 105
"../../../Engine/Plugins/VirtualProduction/VirtualCamera/Content/WidgetLibrary/VcamBadge/VCamBadgeStyleSettings.uasset" 106
"../../../Engine/Plugins/VirtualProduction/VirtualCamera/Content/WidgetLibrary/VcamBadge/VCamBadgeStyleSettings.uexp" 107
"../../../Engine/Plugins/VirtualProduction/VirtualCamera/Content/WidgetLibrary/VcamBadge/VCamBadgeStyleSettingsInterface.uasset" 108
"../../../Engine/Plugins/VirtualProduction/VirtualCamera/Content/WidgetLibrary/VcamBadge/VCamBadgeStyleSettingsInterface.uexp" 109
"../../../Engine/Plugins/VirtualProduction/VirtualCamera/Content/WidgetLibrary/VcamBadge/VCamBadge.uasset" 110
"../../../Engine/Plugins/VirtualProduction/VirtualCamera/Content/WidgetLibrary/VcamBadge/VCamBadge.uexp" 111
"../../../Engine/Plugins/VirtualProduction/VirtualCamera/Content/WidgetLibrary/VCamTakesBrowser/tex/T_IconSearch.uasset" 112
"../../../Engine/Plugins/VirtualProduction/VirtualCamera/Content/WidgetLibrary/VCamTakesBrowser/tex/T_IconSearch.uexp" 113
"../../../Engine/Plugins/VirtualProduction/VirtualCamera/Content/WidgetLibrary/VCamTakesBrowser/tex/T_IconFilter.uasset" 114
"../../../Engine/Plugins/VirtualProduction/VirtualCamera/Content/WidgetLibrary/VCamTakesBrowser/tex/T_IconFilter.uexp" 115
"../../../Engine/Plugins/VirtualProduction/VirtualCamera/Content/WidgetLibrary/Common/VCamIcons/IconSettings.uasset" 116
"../../../Engine/Plugins/VirtualProduction/VirtualCamera/Content/WidgetLibrary/Common/VCamIcons/IconSettings.uexp" 117
"../../../Engine/Plugins/VirtualProduction/VirtualCamera/Content/WidgetLibrary/VCamTakesBrowser/enum/E_VCamAssetBrowserOptionMode.uasset" 118
"../../../Engine/Plugins/VirtualProduction/VirtualCamera/Content/WidgetLibrary/VCamTakesBrowser/enum/E_VCamAssetBrowserOptionMode.uexp" 119
"../../../Engine/Plugins/VirtualProduction/VirtualCamera/Content/WidgetLibrary/VCamTakesBrowser/VCamAssetBrowser.uasset" 120
"../../../Engine/Plugins/VirtualProduction/VirtualCamera/Content/WidgetLibrary/VCamTakesBrowser/VCamAssetBrowser.uexp" 121
"../../../Engine/Plugins/VirtualProduction/VirtualCamera/Content/WidgetLibrary/VCamTakesBrowser/enum/E_VCamAssetBrowserSort.uasset" 122
"../../../Engine/Plugins/VirtualProduction/VirtualCamera/Content/WidgetLibrary/VCamTakesBrowser/enum/E_VCamAssetBrowserSort.uexp" 123
"../../../Engine/Plugins/VirtualProduction/VirtualCamera/Content/WidgetLibrary/VCamTakesBrowser/tex/T_IconRecent_Up.uasset" 124
"../../../Engine/Plugins/VirtualProduction/VirtualCamera/Content/WidgetLibrary/VCamTakesBrowser/tex/T_IconRecent_Up.uexp" 125
"../../../Engine/Plugins/VirtualProduction/VirtualCamera/Content/WidgetLibrary/VCamTakesBrowser/tex/T_IconRecent_Down.uasset" 126
"../../../Engine/Plugins/VirtualProduction/VirtualCamera/Content/WidgetLibrary/VCamTakesBrowser/tex/T_IconRecent_Down.uexp" 127
"../../../Engine/Plugins/VirtualProduction/VirtualCamera/Content/WidgetLibrary/VCamTakesBrowser/tex/T_IconFlag.uasset" 128
"../../../Engine/Plugins/VirtualProduction/VirtualCamera/Content/WidgetLibrary/VCamTakesBrowser/tex/T_IconFlag.uexp" 129
"../../../Engine/Plugins/VirtualProduction/VirtualCamera/Content/WidgetLibrary/VCamTakesBrowser/tex/T_IconFavorite.uasset" 130
"../../../Engine/Plugins/VirtualProduction/VirtualCamera/Content/WidgetLibrary/VCamTakesBrowser/tex/T_IconFavorite.uexp" 131
"../../../Engine/Plugins/VirtualProduction/VirtualCamera/Content/WidgetLibrary/VCamTakesBrowser/tex/T_IconFavorite_1.uasset" 132
"../../../Engine/Plugins/VirtualProduction/VirtualCamera/Content/WidgetLibrary/VCamTakesBrowser/tex/T_IconFavorite_1.uexp" 133
"../../../Engine/Plugins/VirtualProduction/VirtualCamera/Content/WidgetLibrary/VCamTakesBrowser/tex/T_IconFavorite_2.uasset" 134
"../../../Engine/Plugins/VirtualProduction/VirtualCamera/Content/WidgetLibrary/VCamTakesBrowser/tex/T_IconFavorite_2.uexp" 135
"../../../Engine/Plugins/VirtualProduction/VirtualCamera/Content/WidgetLibrary/VCamTakesBrowser/tex/T_IconFavorite_3.uasset" 136
"../../../Engine/Plugins/VirtualProduction/VirtualCamera/Content/WidgetLibrary/VCamTakesBrowser/tex/T_IconFavorite_3.uexp" 137
"../../../Engine/Plugins/VirtualProduction/VirtualCamera/Content/WidgetLibrary/VCamTakesBrowser/tex/T_IconAZup.uasset" 138
"../../../Engine/Plugins/VirtualProduction/VirtualCamera/Content/WidgetLibrary/VCamTakesBrowser/tex/T_IconAZup.uexp" 139
"../../../Engine/Plugins/VirtualProduction/VirtualCamera/Content/WidgetLibrary/VCamTakesBrowser/tex/T_IconAZdown.uasset" 140
"../../../Engine/Plugins/VirtualProduction/VirtualCamera/Content/WidgetLibrary/VCamTakesBrowser/tex/T_IconAZdown.uexp" 141
"../../../Engine/Plugins/VirtualProduction/VirtualCamera/Content/WidgetLibrary/VCamBookmarkBrowser/S_VCamBookmarkBrowserFilterState.uasset" 142
"../../../Engine/Plugins/VirtualProduction/VirtualCamera/Content/WidgetLibrary/VCamBookmarkBrowser/S_VCamBookmarkBrowserFilterState.uexp" 143
"../../../Engine/Plugins/VirtualProduction/VirtualCamera/Content/WidgetLibrary/Common/VCamIcons/IconReject.uasset" 144
"../../../Engine/Plugins/VirtualProduction/VirtualCamera/Content/WidgetLibrary/Common/VCamIcons/IconReject.uexp" 145
"../../../Engine/Plugins/VirtualProduction/VirtualCamera/Content/WidgetLibrary/VCamBookmarkBrowser/VCamBookmarkFilterWidget.uasset" 146
"../../../Engine/Plugins/VirtualProduction/VirtualCamera/Content/WidgetLibrary/VCamBookmarkBrowser/VCamBookmarkFilterWidget.uexp" 147
"../../../Engine/Plugins/VirtualProduction/VirtualCamera/Content/WidgetLibrary/VCamTakesBrowser/widgets/VCamTakeInterface.uasset" 148
"../../../Engine/Plugins/VirtualProduction/VirtualCamera/Content/WidgetLibrary/VCamTakesBrowser/widgets/VCamTakeInterface.uexp" 149
"../../../Engine/Plugins/VirtualProduction/VirtualCamera/Content/WidgetLibrary/VCamTakesBrowser/widgets/VCamAssetEntryData.uasset" 150
"../../../Engine/Plugins/VirtualProduction/VirtualCamera/Content/WidgetLibrary/VCamTakesBrowser/widgets/VCamAssetEntryData.uexp" 151
"../../../Engine/Plugins/VirtualProduction/VirtualCamera/Content/WidgetLibrary/VCamTakesBrowser/widgets/VCamAssetEntry.uasset" 152
"../../../Engine/Plugins/VirtualProduction/VirtualCamera/Content/WidgetLibrary/VCamTakesBrowser/widgets/VCamAssetEntry.uexp" 153
"../../../Engine/Content/Functions/Engine_MaterialFunctions01/Gradient/LinearGradient.uasset" 154
"../../../Engine/Content/Functions/Engine_MaterialFunctions01/Gradient/LinearGradient.uexp" 155
"../../../Engine/Plugins/VirtualProduction/VirtualCamera/Content/WidgetLibrary/VCamTakesBrowser/widgets/mat/M_Gradient.uasset" 156
"../../../Engine/Plugins/VirtualProduction/VirtualCamera/Content/WidgetLibrary/VCamTakesBrowser/widgets/mat/M_Gradient.uexp" 157
"../../../Engine/Plugins/VirtualProduction/VirtualCamera/Content/WidgetLibrary/VCamTakesBrowser/tex/T_ThumbsDown.uasset" 158
"../../../Engine/Plugins/VirtualProduction/VirtualCamera/Content/WidgetLibrary/VCamTakesBrowser/tex/T_ThumbsDown.uexp" 159
"../../../Engine/Plugins/VirtualProduction/VirtualCamera/Content/WidgetLibrary/VCamTakesBrowser/tex/T_IconFavorite_Mini.uasset" 160
"../../../Engine/Plugins/VirtualProduction/VirtualCamera/Content/WidgetLibrary/VCamTakesBrowser/tex/T_IconFavorite_Mini.uexp" 161
"../../../Engine/Plugins/VirtualProduction/VirtualCamera/Content/WidgetLibrary/Common/VCamIcons/IconUndo.uasset" 162
"../../../Engine/Plugins/VirtualProduction/VirtualCamera/Content/WidgetLibrary/Common/VCamIcons/IconUndo.uexp" 163
"../../../Engine/Plugins/VirtualProduction/VirtualCamera/Content/WidgetLibrary/VCamBookmarkBrowser/VCamBookmarkEntryObject.uasset" 164
"../../../Engine/Plugins/VirtualProduction/VirtualCamera/Content/WidgetLibrary/VCamBookmarkBrowser/VCamBookmarkEntryObject.uexp" 165
"../../../Engine/Plugins/VirtualProduction/VirtualCamera/Content/WidgetLibrary/Common/VCamIcons/IconBookmarks.uasset" 166
"../../../Engine/Plugins/VirtualProduction/VirtualCamera/Content/WidgetLibrary/Common/VCamIcons/IconBookmarks.uexp" 167
"../../../Engine/Plugins/VirtualProduction/VirtualCamera/Content/WidgetLibrary/VCamBookmarkBrowser/VCamBookmarkEntryWidget.uasset" 168
"../../../Engine/Plugins/VirtualProduction/VirtualCamera/Content/WidgetLibrary/VCamBookmarkBrowser/VCamBookmarkEntryWidget.uexp" 169
"../../../Engine/Plugins/VirtualProduction/VirtualCamera/Content/WidgetLibrary/Common/VCamIcons/IconCamera.uasset" 170
"../../../Engine/Plugins/VirtualProduction/VirtualCamera/Content/WidgetLibrary/Common/VCamIcons/IconCamera.uexp" 171
"../../../Engine/Plugins/VirtualProduction/VirtualCamera/Content/WidgetLibrary/Common/VCamIcons/IconCameraNot.uasset" 172
"../../../Engine/Plugins/VirtualProduction/VirtualCamera/Content/WidgetLibrary/Common/VCamIcons/IconCameraNot.uexp" 173
"../../../Engine/Plugins/VirtualProduction/VirtualCamera/Content/WidgetLibrary/Common/VCamIcons/IconUpdate.uasset" 174
"../../../Engine/Plugins/VirtualProduction/VirtualCamera/Content/WidgetLibrary/Common/VCamIcons/IconUpdate.uexp" 175
"../../../Engine/Plugins/VirtualProduction/VirtualCamera/Content/WidgetLibrary/VCamBookmarkBrowser/VCamBookmarkConfigWidget.uasset" 176
"../../../Engine/Plugins/VirtualProduction/VirtualCamera/Content/WidgetLibrary/VCamBookmarkBrowser/VCamBookmarkConfigWidget.uexp" 177
"../../../Engine/Plugins/VirtualProduction/VirtualCamera/Content/WidgetLibrary/VCamBookmarkBrowser/VCamBookmarkBrowserInterface.uasset" 178
"../../../Engine/Plugins/VirtualProduction/VirtualCamera/Content/WidgetLibrary/VCamBookmarkBrowser/VCamBookmarkBrowserInterface.uexp" 179
"../../../Engine/Plugins/VirtualProduction/VirtualCamera/Content/Modifiers/BookmarkModifier/Input/CreateBookmark.uasset" 180
"../../../Engine/Plugins/VirtualProduction/VirtualCamera/Content/Modifiers/BookmarkModifier/Input/CreateBookmark.uexp" 181
"../../../Engine/Plugins/VirtualProduction/VirtualCamera/Content/WidgetLibrary/VCamBookmarkBrowser/VCamBookmarkBrowser.uasset" 182
"../../../Engine/Plugins/VirtualProduction/VirtualCamera/Content/WidgetLibrary/VCamBookmarkBrowser/VCamBookmarkBrowser.uexp" 183
"../../../Engine/Content/Functions/Engine_MaterialFunctions02/Utility/BreakOutFloat3Components.uasset" 184
"../../../Engine/Content/Functions/Engine_MaterialFunctions02/Utility/BreakOutFloat3Components.uexp" 185
"../../../Engine/Content/Functions/Engine_MaterialFunctions02/Utility/VectorToRadialValue.uasset" 186
"../../../Engine/Content/Functions/Engine_MaterialFunctions02/Utility/VectorToRadialValue.uexp" 187
"../../../Engine/Content/Functions/Engine_MaterialFunctions02/Texturing/CustomRotator.uasset" 188
"../../../Engine/Content/Functions/Engine_MaterialFunctions02/Texturing/CustomRotator.uexp" 189
"../../../Engine/Content/Functions/Engine_MaterialFunctions01/Density/ExponentialDensity.uasset" 190
"../../../Engine/Content/Functions/Engine_MaterialFunctions01/Density/ExponentialDensity.uexp" 191
"../../../Engine/Content/Functions/Engine_MaterialFunctions01/Gradient/RadialGradientExponential.uasset" 192
"../../../Engine/Content/Functions/Engine_MaterialFunctions01/Gradient/RadialGradientExponential.uexp" 193
"../../../Engine/Plugins/VirtualProduction/VirtualCamera/Content/WidgetLibrary/Common/VCamIcons/IconTrash.uasset" 194
"../../../Engine/Plugins/VirtualProduction/VirtualCamera/Content/WidgetLibrary/Common/VCamIcons/IconTrash.uexp" 195
"../../../Engine/Plugins/VirtualProduction/VirtualCamera/Content/WidgetLibrary/VCamButton/Dependencies/M_HoldTimer.uasset" 196
"../../../Engine/Plugins/VirtualProduction/VirtualCamera/Content/WidgetLibrary/VCamButton/Dependencies/M_HoldTimer.uexp" 197
"../../../Engine/Plugins/VirtualProduction/VirtualCamera/Content/WidgetLibrary/VCamButton/VCamButton.uasset" 198
"../../../Engine/Plugins/VirtualProduction/VirtualCamera/Content/WidgetLibrary/VCamButton/VCamButton.uexp" 199
"../../../Engine/Plugins/VirtualProduction/VirtualCamera/Content/WidgetLibrary/VCamComboBox/Dependencies/VCamComboBoxUserSettings.uasset" 200
"../../../Engine/Plugins/VirtualProduction/VirtualCamera/Content/WidgetLibrary/VCamComboBox/Dependencies/VCamComboBoxUserSettings.uexp" 201
"../../../Engine/Plugins/VirtualProduction/VirtualCamera/Content/WidgetLibrary/VCamComboBox/Interfaces/VCamComboBoxInterface.uasset" 202
"../../../Engine/Plugins/VirtualProduction/VirtualCamera/Content/WidgetLibrary/VCamComboBox/Interfaces/VCamComboBoxInterface.uexp" 203
"../../../Engine/Plugins/VirtualProduction/VirtualCamera/Content/WidgetLibrary/VCamComboBox/Dependencies/VCamComboBoxDirection.uasset" 204
"../../../Engine/Plugins/VirtualProduction/VirtualCamera/Content/WidgetLibrary/VCamComboBox/Dependencies/VCamComboBoxDirection.uexp" 205
"../../../Engine/Plugins/VirtualProduction/VirtualCamera/Content/WidgetLibrary/Common/VCamIcons/Icon-chevron-down.uasset" 206
"../../../Engine/Plugins/VirtualProduction/VirtualCamera/Content/WidgetLibrary/Common/VCamIcons/Icon-chevron-down.uexp" 207
"../../../Engine/Plugins/VirtualProduction/VirtualCamera/Content/WidgetLibrary/VCamComboBox/Dependencies/VCamComboBoxEntryData.uasset" 208
"../../../Engine/Plugins/VirtualProduction/VirtualCamera/Content/WidgetLibrary/VCamComboBox/Dependencies/VCamComboBoxEntryData.uexp" 209
"../../../Engine/Plugins/VirtualProduction/VirtualCamera/Content/WidgetLibrary/VCamComboBox/Dependencies/VCamComboBoxEntryWidget.uasset" 210
"../../../Engine/Plugins/VirtualProduction/VirtualCamera/Content/WidgetLibrary/VCamComboBox/Dependencies/VCamComboBoxEntryWidget.uexp" 211
"../../../Engine/Plugins/VirtualProduction/VirtualCamera/Content/WidgetLibrary/Common/VCamIcons/Icon-chevron-up.uasset" 212
"../../../Engine/Plugins/VirtualProduction/VirtualCamera/Content/WidgetLibrary/Common/VCamIcons/Icon-chevron-up.uexp" 213
"../../../Engine/Plugins/VirtualProduction/VirtualCamera/Content/WidgetLibrary/VCamComboBox/VCamComboBox.uasset" 214
"../../../Engine/Plugins/VirtualProduction/VirtualCamera/Content/WidgetLibrary/VCamComboBox/VCamComboBox.uexp" 215
"../../../Engine/Plugins/VirtualProduction/VirtualCamera/Content/WidgetLibrary/Common/Enums/ESidedWidgetSide.uasset" 216
"../../../Engine/Plugins/VirtualProduction/VirtualCamera/Content/WidgetLibrary/Common/Enums/ESidedWidgetSide.uexp" 217
"../../../Engine/Plugins/VirtualProduction/VirtualCamera/Content/WidgetLibrary/VCamDial/Enums/VCamDialType.uasset" 218
"../../../Engine/Plugins/VirtualProduction/VirtualCamera/Content/WidgetLibrary/VCamDial/Enums/VCamDialType.uexp" 219
"../../../Engine/Plugins/VirtualProduction/VirtualCamera/Content/WidgetLibrary/VCamDial/Structs/VCamDialSettings.uasset" 220
"../../../Engine/Plugins/VirtualProduction/VirtualCamera/Content/WidgetLibrary/VCamDial/Structs/VCamDialSettings.uexp" 221
"../../../Engine/Plugins/VirtualProduction/VirtualCamera/Content/WidgetLibrary/VCamDial/Textures/T_VcamDial_Outer_R.uasset" 222
"../../../Engine/Plugins/VirtualProduction/VirtualCamera/Content/WidgetLibrary/VCamDial/Textures/T_VcamDial_Outer_R.uexp" 223
"../../../Engine/Plugins/VirtualProduction/VirtualCamera/Content/WidgetLibrary/VCamDial/Textures/T_VCamDial_Outer_L.uasset" 224
"../../../Engine/Plugins/VirtualProduction/VirtualCamera/Content/WidgetLibrary/VCamDial/Textures/T_VCamDial_Outer_L.uexp" 225
"../../../Engine/Plugins/VirtualProduction/VirtualCamera/Content/WidgetLibrary/VCamDial/Textures/T_VCamDial_Inner_R.uasset" 226
"../../../Engine/Plugins/VirtualProduction/VirtualCamera/Content/WidgetLibrary/VCamDial/Textures/T_VCamDial_Inner_R.uexp" 227
"../../../Engine/Plugins/VirtualProduction/VirtualCamera/Content/WidgetLibrary/VCamDial/Textures/T_VCamDial_Inner_L.uasset" 228
"../../../Engine/Plugins/VirtualProduction/VirtualCamera/Content/WidgetLibrary/VCamDial/Textures/T_VCamDial_Inner_L.uexp" 229
"../../../Engine/Plugins/VirtualProduction/VirtualCamera/Content/WidgetLibrary/VCamDial/SubWidgets/VCamDial_ValueLabel.uasset" 230
"../../../Engine/Plugins/VirtualProduction/VirtualCamera/Content/WidgetLibrary/VCamDial/SubWidgets/VCamDial_ValueLabel.uexp" 231
"../../../Engine/Plugins/VirtualProduction/VirtualCamera/Content/WidgetLibrary/VCamDial/SubWidgets/VCamDial_TouchHandler.uasset" 232
"../../../Engine/Plugins/VirtualProduction/VirtualCamera/Content/WidgetLibrary/VCamDial/SubWidgets/VCamDial_TouchHandler.uexp" 233
"../../../Engine/Plugins/VirtualProduction/VirtualCamera/Content/WidgetLibrary/VCamDial/Structs/VCamDialUserSettings.uasset" 234
"../../../Engine/Plugins/VirtualProduction/VirtualCamera/Content/WidgetLibrary/VCamDial/Structs/VCamDialUserSettings.uexp" 235
"../../../Engine/Plugins/VirtualProduction/VirtualCamera/Content/WidgetLibrary/VCamDial/Enums/VCamDialOptionsType.uasset" 236
"../../../Engine/Plugins/VirtualProduction/VirtualCamera/Content/WidgetLibrary/VCamDial/Enums/VCamDialOptionsType.uexp" 237
"../../../Engine/Plugins/VirtualProduction/VirtualCamera/Content/WidgetLibrary/BaseWidgets/BasicLabel/Structs/BasicLabelUserSettings.uasset" 238
"../../../Engine/Plugins/VirtualProduction/VirtualCamera/Content/WidgetLibrary/BaseWidgets/BasicLabel/Structs/BasicLabelUserSettings.uexp" 239
"../../../Engine/Plugins/VirtualProduction/VirtualCamera/Content/WidgetLibrary/VCamDial/Structs/VCamDialStyleSettings.uasset" 240
"../../../Engine/Plugins/VirtualProduction/VirtualCamera/Content/WidgetLibrary/VCamDial/Structs/VCamDialStyleSettings.uexp" 241
"../../../Engine/Plugins/VirtualProduction/VirtualCamera/Content/WidgetLibrary/VCamDial/Interfaces/VCamDialUserSettingsInterface.uasset" 242
"../../../Engine/Plugins/VirtualProduction/VirtualCamera/Content/WidgetLibrary/VCamDial/Interfaces/VCamDialUserSettingsInterface.uexp" 243
"../../../Engine/Plugins/VirtualProduction/VirtualCamera/Content/WidgetLibrary/VCamDial/Interfaces/VCamDialStyleSettingsInterface.uasset" 244
"../../../Engine/Plugins/VirtualProduction/VirtualCamera/Content/WidgetLibrary/VCamDial/Interfaces/VCamDialStyleSettingsInterface.uexp" 245
"../../../Engine/Plugins/VirtualProduction/VirtualCamera/Content/WidgetLibrary/VCamDial/Enums/VCamDialActivationState.uasset" 246
"../../../Engine/Plugins/VirtualProduction/VirtualCamera/Content/WidgetLibrary/VCamDial/Enums/VCamDialActivationState.uexp" 247
"../../../Engine/Plugins/VirtualProduction/VirtualCamera/Content/WidgetLibrary/BaseWidgets/SpinSlot/Structs/SpinSlotSettings.uasset" 248
"../../../Engine/Plugins/VirtualProduction/VirtualCamera/Content/WidgetLibrary/BaseWidgets/SpinSlot/Structs/SpinSlotSettings.uexp" 249
"../../../Engine/Plugins/VirtualProduction/VirtualCamera/Content/WidgetLibrary/BaseWidgets/SpinSlot/SpinSlot.uasset" 250
"../../../Engine/Plugins/VirtualProduction/VirtualCamera/Content/WidgetLibrary/BaseWidgets/SpinSlot/SpinSlot.uexp" 251
"../../../Engine/Plugins/VirtualProduction/VirtualCamera/Content/WidgetLibrary/BaseWidgets/BasicLabel/Enums/EBasicLabelType.uasset" 252
"../../../Engine/Plugins/VirtualProduction/VirtualCamera/Content/WidgetLibrary/BaseWidgets/BasicLabel/Enums/EBasicLabelType.uexp" 253
"../../../Engine/Plugins/VirtualProduction/VirtualCamera/Content/WidgetLibrary/BaseWidgets/BasicLabel/Structs/BasicLabelSettings.uasset" 254
"../../../Engine/Plugins/VirtualProduction/VirtualCamera/Content/WidgetLibrary/BaseWidgets/BasicLabel/Structs/BasicLabelSettings.uexp" 255
"../../../Engine/Plugins/VirtualProduction/VirtualCamera/Content/WidgetLibrary/BaseWidgets/BasicLabel/BasicLabel.uasset" 256
"../../../Engine/Plugins/VirtualProduction/VirtualCamera/Content/WidgetLibrary/BaseWidgets/BasicLabel/BasicLabel.uexp" 257
"../../../Engine/Plugins/VirtualProduction/VirtualCamera/Content/WidgetLibrary/BaseWidgets/BasicLabel/Textures/BasicLabel_TickLeft.uasset" 258
"../../../Engine/Plugins/VirtualProduction/VirtualCamera/Content/WidgetLibrary/BaseWidgets/BasicLabel/Textures/BasicLabel_TickLeft.uexp" 259
"../../../Engine/Plugins/VirtualProduction/VirtualCamera/Content/WidgetLibrary/BaseWidgets/BasicLabel/Textures/BasicLabel_TickRight.uasset" 260
"../../../Engine/Plugins/VirtualProduction/VirtualCamera/Content/WidgetLibrary/BaseWidgets/BasicLabel/Textures/BasicLabel_TickRight.uexp" 261
"../../../Engine/Plugins/VirtualProduction/VirtualCamera/Content/WidgetLibrary/BaseWidgets/RadialBox/Structs/RadialBoxEntry.uasset" 262
"../../../Engine/Plugins/VirtualProduction/VirtualCamera/Content/WidgetLibrary/BaseWidgets/RadialBox/Structs/RadialBoxEntry.uexp" 263
"../../../Engine/Plugins/VirtualProduction/VirtualCamera/Content/WidgetLibrary/BaseWidgets/RadialBox/Structs/RadialBoxSettings.uasset" 264
"../../../Engine/Plugins/VirtualProduction/VirtualCamera/Content/WidgetLibrary/BaseWidgets/RadialBox/Structs/RadialBoxSettings.uexp" 265
"../../../Engine/Plugins/VirtualProduction/VirtualCamera/Content/WidgetLibrary/BaseWidgets/RadialBox/RadialBox.uasset" 266
"../../../Engine/Plugins/VirtualProduction/VirtualCamera/Content/WidgetLibrary/BaseWidgets/RadialBox/RadialBox.uexp" 267
"../../../Engine/Plugins/VirtualProduction/VirtualCamera/Content/WidgetLibrary/VCamDial/VCamDial_Touch.uasset" 268
"../../../Engine/Plugins/VirtualProduction/VirtualCamera/Content/WidgetLibrary/VCamDial/VCamDial_Touch.uexp" 269
"../../../Engine/Plugins/VirtualProduction/VirtualCamera/Content/WidgetLibrary/VCamHUDButton/Dependencies/VCamHUDButtonUserSettings.uasset" 270
"../../../Engine/Plugins/VirtualProduction/VirtualCamera/Content/WidgetLibrary/VCamHUDButton/Dependencies/VCamHUDButtonUserSettings.uexp" 271
"../../../Engine/Plugins/VirtualProduction/VirtualCamera/Content/WidgetLibrary/VCamHUDButton/Interfaces/VCamHUDButtonInterface.uasset" 272
"../../../Engine/Plugins/VirtualProduction/VirtualCamera/Content/WidgetLibrary/VCamHUDButton/Interfaces/VCamHUDButtonInterface.uexp" 273
"../../../Engine/Plugins/VirtualProduction/VirtualCamera/Content/WidgetLibrary/Common/VCamIcons/IconDrive.uasset" 274
"../../../Engine/Plugins/VirtualProduction/VirtualCamera/Content/WidgetLibrary/Common/VCamIcons/IconDrive.uexp" 275
"../../../Engine/Plugins/VirtualProduction/VirtualCamera/Content/WidgetLibrary/VCamSlider/Dependencies/VCamSliderUserSettings.uasset" 276
"../../../Engine/Plugins/VirtualProduction/VirtualCamera/Content/WidgetLibrary/VCamSlider/Dependencies/VCamSliderUserSettings.uexp" 277
"../../../Engine/Plugins/VirtualProduction/VirtualCamera/Content/WidgetLibrary/VCamSlider/Dependencies/VCamSliderStyleSettings.uasset" 278
"../../../Engine/Plugins/VirtualProduction/VirtualCamera/Content/WidgetLibrary/VCamSlider/Dependencies/VCamSliderStyleSettings.uexp" 279
"../../../Engine/Plugins/VirtualProduction/VirtualCamera/Content/WidgetLibrary/VCamSlider/Interfaces/VCamSliderInterface.uasset" 280
"../../../Engine/Plugins/VirtualProduction/VirtualCamera/Content/WidgetLibrary/VCamSlider/Interfaces/VCamSliderInterface.uexp" 281
"../../../Engine/Plugins/VirtualProduction/VirtualCamera/Content/WidgetLibrary/VCamSequencerTimeline/Textures/T_Play.uasset" 282
"../../../Engine/Plugins/VirtualProduction/VirtualCamera/Content/WidgetLibrary/VCamSequencerTimeline/Textures/T_Play.uexp" 283
"../../../Engine/Plugins/VirtualProduction/VirtualCamera/Content/WidgetLibrary/VCamSequencerTimeline/Textures/T_ToPlaybackStart.uasset" 284
"../../../Engine/Plugins/VirtualProduction/VirtualCamera/Content/WidgetLibrary/VCamSequencerTimeline/Textures/T_ToPlaybackStart.uexp" 285
"../../../Engine/Plugins/VirtualProduction/VirtualCamera/Content/WidgetLibrary/VCamSequencerTimeline/Textures/T_Pause.uasset" 286
"../../../Engine/Plugins/VirtualProduction/VirtualCamera/Content/WidgetLibrary/VCamSequencerTimeline/Textures/T_Pause.uexp" 287
"../../../Engine/Plugins/VirtualProduction/VirtualCamera/Content/WidgetLibrary/Common/VCamIcons/IconPlayControlsLooping.uasset" 288
"../../../Engine/Plugins/VirtualProduction/VirtualCamera/Content/WidgetLibrary/Common/VCamIcons/IconPlayControlsLooping.uexp" 289
"../../../Engine/Plugins/VirtualProduction/VirtualCamera/Content/WidgetLibrary/Common/VCamIcons/IconPlayControlsNoLooping.uasset" 290
"../../../Engine/Plugins/VirtualProduction/VirtualCamera/Content/WidgetLibrary/Common/VCamIcons/IconPlayControlsNoLooping.uexp" 291
"../../../Engine/Plugins/VirtualProduction/VirtualCamera/Content/WidgetLibrary/VCamSequencerTimeline/Structs/VCamSequencerTimelineStyleSettings.uasset" 292
"../../../Engine/Plugins/VirtualProduction/VirtualCamera/Content/WidgetLibrary/VCamSequencerTimeline/Structs/VCamSequencerTimelineStyleSettings.uexp" 293
"../../../Engine/Plugins/VirtualProduction/VirtualCamera/Content/WidgetLibrary/VCamSequencerTimeline/Interfaces/VCamSequencerTimelineStyleInterface.uasset" 294
"../../../Engine/Plugins/VirtualProduction/VirtualCamera/Content/WidgetLibrary/VCamSequencerTimeline/Interfaces/VCamSequencerTimelineStyleInterface.uexp" 295
"../../../Engine/Plugins/VirtualProduction/VirtualCamera/Content/WidgetLibrary/VCamEarMenu/Updated/structs/VCamEarMenuButtonStyleSettings.uasset" 296
"../../../Engine/Plugins/VirtualProduction/VirtualCamera/Content/WidgetLibrary/VCamEarMenu/Updated/structs/VCamEarMenuButtonStyleSettings.uexp" 297
"../../../Engine/Plugins/VirtualProduction/VirtualCamera/Content/WidgetLibrary/VCamEarMenu/Updated/interfaces/VCamEarMenuButtonStyleSettingsInterface.uasset" 298
"../../../Engine/Plugins/VirtualProduction/VirtualCamera/Content/WidgetLibrary/VCamEarMenu/Updated/interfaces/VCamEarMenuButtonStyleSettingsInterface.uexp" 299
"../../../Engine/Plugins/VirtualProduction/VirtualCamera/Content/Modifiers/ZeroOutModifier/Interfaces/ZeroOutModifierInterface.uasset" 300
"../../../Engine/Plugins/VirtualProduction/VirtualCamera/Content/Modifiers/ZeroOutModifier/Interfaces/ZeroOutModifierInterface.uexp" 301
"../../../Engine/Plugins/VirtualProduction/VirtualCamera/Content/WidgetLibrary/VCamDial/Blueprints/VCamDialHelperFunctions.uasset" 302
"../../../Engine/Plugins/VirtualProduction/VirtualCamera/Content/WidgetLibrary/VCamDial/Blueprints/VCamDialHelperFunctions.uexp" 303
"../../../Engine/Plugins/VirtualProduction/VirtualCamera/Content/Modifiers/MultiUserModifier/Interfaces/MultiUserModifierInterface.uasset" 304
"../../../Engine/Plugins/VirtualProduction/VirtualCamera/Content/Modifiers/MultiUserModifier/Interfaces/MultiUserModifierInterface.uexp" 305
"../../../Engine/Plugins/VirtualProduction/VirtualCamera/Content/WidgetLibrary/VCamSequencerTimeline/Textures/T_PlayReverse.uasset" 306
"../../../Engine/Plugins/VirtualProduction/VirtualCamera/Content/WidgetLibrary/VCamSequencerTimeline/Textures/T_PlayReverse.uexp" 307
"../../../Engine/Plugins/VirtualProduction/VirtualCamera/Content/WidgetLibrary/VCamDial/Textures/T_VCamDial_LeftArrow.ubulk" 308
"../../../Engine/Plugins/VirtualProduction/VirtualCamera/Content/WidgetLibrary/VCamDial/Textures/T_VCamDial_LeftArrow.uasset" 309
"../../../Engine/Plugins/VirtualProduction/VirtualCamera/Content/WidgetLibrary/VCamDial/Textures/T_VCamDial_LeftArrow.uexp" 310
"../../../Engine/Plugins/VirtualProduction/VirtualCamera/Content/WidgetLibrary/Common/VCamIcons/IconArrowLeft.uasset" 311
"../../../Engine/Plugins/VirtualProduction/VirtualCamera/Content/WidgetLibrary/Common/VCamIcons/IconArrowLeft.uexp" 312
"../../../Engine/Plugins/VirtualProduction/VirtualCamera/Content/WidgetLibrary/Common/VCamIcons/IconArrowRight.uasset" 313
"../../../Engine/Plugins/VirtualProduction/VirtualCamera/Content/WidgetLibrary/Common/VCamIcons/IconArrowRight.uexp" 314
"../../../Engine/Plugins/VirtualProduction/VirtualCamera/Content/WidgetLibrary/Common/VCamIcons/IconAttach.uasset" 315
"../../../Engine/Plugins/VirtualProduction/VirtualCamera/Content/WidgetLibrary/Common/VCamIcons/IconAttach.uexp" 316
"../../../Engine/Plugins/VirtualProduction/VirtualCamera/Content/WidgetLibrary/Common/VCamIcons/IconAutoKey.uasset" 317
"../../../Engine/Plugins/VirtualProduction/VirtualCamera/Content/WidgetLibrary/Common/VCamIcons/IconAutoKey.uexp" 318
"../../../Engine/Plugins/VirtualProduction/VirtualCamera/Content/WidgetLibrary/Common/VCamIcons/IconMinus.uasset" 319
"../../../Engine/Plugins/VirtualProduction/VirtualCamera/Content/WidgetLibrary/Common/VCamIcons/IconMinus.uexp" 320
"../../../Engine/Plugins/VirtualProduction/VirtualCamera/Content/WidgetLibrary/Common/VCamIcons/IconRecent.uasset" 321
"../../../Engine/Plugins/VirtualProduction/VirtualCamera/Content/WidgetLibrary/Common/VCamIcons/IconRecent.uexp" 322
"../../../Engine/Plugins/VirtualProduction/VirtualCamera/Content/WidgetLibrary/Common/VCamIcons/IconSpeed.uasset" 323
"../../../Engine/Plugins/VirtualProduction/VirtualCamera/Content/WidgetLibrary/Common/VCamIcons/IconSpeed.uexp" 324
"../../../Engine/Plugins/VirtualProduction/VirtualCamera/Content/WidgetLibrary/Common/VCamIcons/IconSplineAppend.uasset" 325
"../../../Engine/Plugins/VirtualProduction/VirtualCamera/Content/WidgetLibrary/Common/VCamIcons/IconSplineAppend.uexp" 326
"../../../Engine/Plugins/VirtualProduction/VirtualCamera/Content/WidgetLibrary/Common/VCamIcons/IconSplineInsert.uasset" 327
"../../../Engine/Plugins/VirtualProduction/VirtualCamera/Content/WidgetLibrary/Common/VCamIcons/IconSplineInsert.uexp" 328
"../../../Engine/Plugins/VirtualProduction/VirtualCamera/Content/WidgetLibrary/Common/VCamIcons/IconSplineSplit.uasset" 329
"../../../Engine/Plugins/VirtualProduction/VirtualCamera/Content/WidgetLibrary/Common/VCamIcons/IconSplineSplit.uexp" 330
"../../../Engine/Plugins/VirtualProduction/VirtualCamera/Content/WidgetLibrary/Common/VCamIcons/IconRotate.uasset" 331
"../../../Engine/Plugins/VirtualProduction/VirtualCamera/Content/WidgetLibrary/Common/VCamIcons/IconRotate.uexp" 332
"../../../Engine/Plugins/VirtualProduction/VirtualCamera/Content/WidgetLibrary/Common/VCamIcons/IconPlus.uasset" 333
"../../../Engine/Plugins/VirtualProduction/VirtualCamera/Content/WidgetLibrary/Common/VCamIcons/IconPlus.uexp" 334
"../../../Engine/Plugins/VirtualProduction/VirtualCamera/Content/WidgetLibrary/Common/VCamIcons/IconPlayControlsBounce.ubulk" 335
"../../../Engine/Plugins/VirtualProduction/VirtualCamera/Content/WidgetLibrary/Common/VCamIcons/IconPlayControlsBounce.uasset" 336
"../../../Engine/Plugins/VirtualProduction/VirtualCamera/Content/WidgetLibrary/Common/VCamIcons/IconPlayControlsBounce.uexp" 337
"../../../Engine/Plugins/VirtualProduction/VirtualCamera/Content/Modifiers/SplineModifier/Input/UpdateSplinePoint.uasset" 338
"../../../Engine/Plugins/VirtualProduction/VirtualCamera/Content/Modifiers/SplineModifier/Input/UpdateSplinePoint.uexp" 339
"../../../Engine/Plugins/VirtualProduction/VirtualCamera/Content/Modifiers/SplineModifier/Input/ToggleSpeedMode.uasset" 340
"../../../Engine/Plugins/VirtualProduction/VirtualCamera/Content/Modifiers/SplineModifier/Input/ToggleSpeedMode.uexp" 341
"../../../Engine/Plugins/VirtualProduction/VirtualCamera/Content/Modifiers/SplineModifier/Input/ToggleDurationMode.uasset" 342
"../../../Engine/Plugins/VirtualProduction/VirtualCamera/Content/Modifiers/SplineModifier/Input/ToggleDurationMode.uexp" 343
"../../../Engine/Plugins/VirtualProduction/VirtualCamera/Content/Modifiers/SplineModifier/Input/ToggleDriveLoop.uasset" 344
"../../../Engine/Plugins/VirtualProduction/VirtualCamera/Content/Modifiers/SplineModifier/Input/ToggleDriveLoop.uexp" 345
"../../../Engine/Plugins/VirtualProduction/VirtualCamera/Content/Modifiers/SplineModifier/Input/ToggleDriveInReverse.uasset" 346
"../../../Engine/Plugins/VirtualProduction/VirtualCamera/Content/Modifiers/SplineModifier/Input/ToggleDriveInReverse.uexp" 347
"../../../Engine/Plugins/VirtualProduction/VirtualCamera/Content/Modifiers/SplineModifier/Input/ToggleDriveForward.uasset" 348
"../../../Engine/Plugins/VirtualProduction/VirtualCamera/Content/Modifiers/SplineModifier/Input/ToggleDriveForward.uexp" 349
"../../../Engine/Plugins/VirtualProduction/VirtualCamera/Content/Modifiers/SplineModifier/Input/ToggleAutoKey.uasset" 350
"../../../Engine/Plugins/VirtualProduction/VirtualCamera/Content/Modifiers/SplineModifier/Input/ToggleAutoKey.uexp" 351
"../../../Engine/Plugins/VirtualProduction/VirtualCamera/Content/Modifiers/SplineModifier/Input/ToggleAttachRotationZ.uasset" 352
"../../../Engine/Plugins/VirtualProduction/VirtualCamera/Content/Modifiers/SplineModifier/Input/ToggleAttachRotationZ.uexp" 353
"../../../Engine/Plugins/VirtualProduction/VirtualCamera/Content/Modifiers/SplineModifier/Input/ToggleAttachRotationY.uasset" 354
"../../../Engine/Plugins/VirtualProduction/VirtualCamera/Content/Modifiers/SplineModifier/Input/ToggleAttachRotationY.uexp" 355
"../../../Engine/Plugins/VirtualProduction/VirtualCamera/Content/Modifiers/SplineModifier/Input/ToggleAttachRotationX.uasset" 356
"../../../Engine/Plugins/VirtualProduction/VirtualCamera/Content/Modifiers/SplineModifier/Input/ToggleAttachRotationX.uexp" 357
"../../../Engine/Plugins/VirtualProduction/VirtualCamera/Content/Modifiers/SplineModifier/Input/ToggleAttachLocationZ.uasset" 358
"../../../Engine/Plugins/VirtualProduction/VirtualCamera/Content/Modifiers/SplineModifier/Input/ToggleAttachLocationZ.uexp" 359
"../../../Engine/Plugins/VirtualProduction/VirtualCamera/Content/Modifiers/SplineModifier/Input/ToggleAttachLocationY.uasset" 360
"../../../Engine/Plugins/VirtualProduction/VirtualCamera/Content/Modifiers/SplineModifier/Input/ToggleAttachLocationY.uexp" 361
"../../../Engine/Plugins/VirtualProduction/VirtualCamera/Content/Modifiers/SplineModifier/Input/ToggleAttachLocationX.uasset" 362
"../../../Engine/Plugins/VirtualProduction/VirtualCamera/Content/Modifiers/SplineModifier/Input/ToggleAttachLocationX.uexp" 363
"../../../Engine/Plugins/VirtualProduction/VirtualCamera/Content/Modifiers/SplineModifier/Input/ToggleAttachCameraParameters.uasset" 364
"../../../Engine/Plugins/VirtualProduction/VirtualCamera/Content/Modifiers/SplineModifier/Input/ToggleAttachCameraParameters.uexp" 365
"../../../Engine/Plugins/VirtualProduction/VirtualCamera/Content/Modifiers/SplineModifier/Input/ToggleAttach.uasset" 366
"../../../Engine/Plugins/VirtualProduction/VirtualCamera/Content/Modifiers/SplineModifier/Input/ToggleAttach.uexp" 367
"../../../Engine/Plugins/VirtualProduction/VirtualCamera/Content/Modifiers/SplineModifier/Input/SplitSplineSegment.uasset" 368
"../../../Engine/Plugins/VirtualProduction/VirtualCamera/Content/Modifiers/SplineModifier/Input/SplitSplineSegment.uexp" 369
"../../../Engine/Plugins/VirtualProduction/VirtualCamera/Content/Modifiers/SplineModifier/Input/SetSplineDriveModeOptionValueAxis.uasset" 370
"../../../Engine/Plugins/VirtualProduction/VirtualCamera/Content/Modifiers/SplineModifier/Input/SetSplineDriveModeOptionValueAxis.uexp" 371
"../../../Engine/Plugins/VirtualProduction/VirtualCamera/Content/Modifiers/SplineModifier/Input/SetSplineDriveMode.uasset" 372
"../../../Engine/Plugins/VirtualProduction/VirtualCamera/Content/Modifiers/SplineModifier/Input/SetSplineDriveMode.uexp" 373
"../../../Engine/Plugins/VirtualProduction/VirtualCamera/Content/Modifiers/SplineModifier/Input/SetSplineCurrentPosition.uasset" 374
"../../../Engine/Plugins/VirtualProduction/VirtualCamera/Content/Modifiers/SplineModifier/Input/SetSplineCurrentPosition.uexp" 375
"../../../Engine/Plugins/VirtualProduction/VirtualCamera/Content/Modifiers/SplineModifier/Input/SetDriveModeToManual.uasset" 376
"../../../Engine/Plugins/VirtualProduction/VirtualCamera/Content/Modifiers/SplineModifier/Input/SetDriveModeToManual.uexp" 377
"../../../Engine/Plugins/VirtualProduction/VirtualCamera/Content/Modifiers/SplineModifier/Input/PreviousSplinePoint.uasset" 378
"../../../Engine/Plugins/VirtualProduction/VirtualCamera/Content/Modifiers/SplineModifier/Input/PreviousSplinePoint.uexp" 379
"../../../Engine/Plugins/VirtualProduction/VirtualCamera/Content/Modifiers/SplineModifier/Input/PreviousRigRail.uasset" 380
"../../../Engine/Plugins/VirtualProduction/VirtualCamera/Content/Modifiers/SplineModifier/Input/PreviousRigRail.uexp" 381
"../../../Engine/Plugins/VirtualProduction/VirtualCamera/Content/Modifiers/SplineModifier/Input/PreviousKeyframe.uasset" 382
"../../../Engine/Plugins/VirtualProduction/VirtualCamera/Content/Modifiers/SplineModifier/Input/PreviousKeyframe.uexp" 383
"../../../Engine/Plugins/VirtualProduction/VirtualCamera/Content/Modifiers/SplineModifier/Input/NextSplinePoint.uasset" 384
"../../../Engine/Plugins/VirtualProduction/VirtualCamera/Content/Modifiers/SplineModifier/Input/NextSplinePoint.uexp" 385
"../../../Engine/Plugins/VirtualProduction/VirtualCamera/Content/Modifiers/SplineModifier/Input/NextRigRail.uasset" 386
"../../../Engine/Plugins/VirtualProduction/VirtualCamera/Content/Modifiers/SplineModifier/Input/NextRigRail.uexp" 387
"../../../Engine/Plugins/VirtualProduction/VirtualCamera/Content/Modifiers/SplineModifier/Input/NextKeyframe.uasset" 388
"../../../Engine/Plugins/VirtualProduction/VirtualCamera/Content/Modifiers/SplineModifier/Input/NextKeyframe.uexp" 389
"../../../Engine/Plugins/VirtualProduction/VirtualCamera/Content/Modifiers/SplineModifier/Input/InsertSplinePoint.uasset" 390
"../../../Engine/Plugins/VirtualProduction/VirtualCamera/Content/Modifiers/SplineModifier/Input/InsertSplinePoint.uexp" 391
"../../../Engine/Plugins/VirtualProduction/VirtualCamera/Content/Modifiers/SplineModifier/Input/GoToStartPosition.uasset" 392
"../../../Engine/Plugins/VirtualProduction/VirtualCamera/Content/Modifiers/SplineModifier/Input/GoToStartPosition.uexp" 393
"../../../Engine/Plugins/VirtualProduction/VirtualCamera/Content/Modifiers/SplineModifier/Input/DeleteSplinePoint.uasset" 394
"../../../Engine/Plugins/VirtualProduction/VirtualCamera/Content/Modifiers/SplineModifier/Input/DeleteSplinePoint.uexp" 395
"../../../Engine/Plugins/VirtualProduction/VirtualCamera/Content/Modifiers/SplineModifier/Input/DeleteRigRail.uasset" 396
"../../../Engine/Plugins/VirtualProduction/VirtualCamera/Content/Modifiers/SplineModifier/Input/DeleteRigRail.uexp" 397
"../../../Engine/Plugins/VirtualProduction/VirtualCamera/Content/Modifiers/SplineModifier/Input/DeleteKeyframe.uasset" 398
"../../../Engine/Plugins/VirtualProduction/VirtualCamera/Content/Modifiers/SplineModifier/Input/DeleteKeyframe.uexp" 399
"../../../Engine/Plugins/VirtualProduction/VirtualCamera/Content/Modifiers/SplineModifier/Input/CurrentRigRail.uasset" 400
"../../../Engine/Plugins/VirtualProduction/VirtualCamera/Content/Modifiers/SplineModifier/Input/CurrentRigRail.uexp" 401
"../../../Engine/Plugins/VirtualProduction/VirtualCamera/Content/Modifiers/SplineModifier/Input/AddKeyframe.uasset" 402
"../../../Engine/Plugins/VirtualProduction/VirtualCamera/Content/Modifiers/SplineModifier/Input/AddKeyframe.uexp" 403
"../../../Engine/Plugins/VirtualProduction/VirtualCamera/Content/Modifiers/SplineModifier/Input/AddSplinePoint.uasset" 404
"../../../Engine/Plugins/VirtualProduction/VirtualCamera/Content/Modifiers/SplineModifier/Input/AddSplinePoint.uexp" 405
"../../../Engine/Plugins/VirtualProduction/VirtualCamera/Content/Modifiers/SplineModifier/Input/AppendSplinePoint.uasset" 406
"../../../Engine/Plugins/VirtualProduction/VirtualCamera/Content/Modifiers/SplineModifier/Input/AppendSplinePoint.uexp" 407
"../../../Engine/Plugins/VirtualProduction/VirtualCamera/Content/Modifiers/SplineModifier/Input/CreateRigRail.uasset" 408
"../../../Engine/Plugins/VirtualProduction/VirtualCamera/Content/Modifiers/SplineModifier/Input/CreateRigRail.uexp" 409
"../../../Engine/Plugins/VirtualProduction/VirtualCamera/Content/Modifiers/SplineModifier/Input/SplineModifierInputMappingContext.uasset" 410
"../../../Engine/Plugins/VirtualProduction/VirtualCamera/Content/Modifiers/SplineModifier/Input/SplineModifierInputMappingContext.uexp" 411
"../../../Engine/Plugins/VirtualProduction/VirtualCamera/Content/Modifiers/SplineModifier/Input/SplineAttachStatus.uasset" 412
"../../../Engine/Plugins/VirtualProduction/VirtualCamera/Content/Modifiers/SplineModifier/Input/SplineAttachStatus.uexp" 413
"../../../Engine/Plugins/VirtualProduction/VirtualCamera/Content/Modifiers/SplineModifier/SplineModifier.uasset" 414
"../../../Engine/Plugins/VirtualProduction/VirtualCamera/Content/Modifiers/SplineModifier/SplineModifier.uexp" 415
"../../../Engine/Plugins/VirtualProduction/VirtualCamera/Content/WidgetLibrary/Common/VCamIcons/IconSpline.uasset" 416
"../../../Engine/Plugins/VirtualProduction/VirtualCamera/Content/WidgetLibrary/Common/VCamIcons/IconSpline.uexp" 417
"../../../Engine/Plugins/VirtualProduction/VirtualCamera/Content/WidgetLibrary/Common/VCamIcons/IconAxis.uasset" 418
"../../../Engine/Plugins/VirtualProduction/VirtualCamera/Content/WidgetLibrary/Common/VCamIcons/IconAxis.uexp" 419
"../../../Engine/Plugins/VirtualProduction/VirtualCamera/Content/WidgetLibrary/Common/VCamIcons/IconFlight.uasset" 420
"../../../Engine/Plugins/VirtualProduction/VirtualCamera/Content/WidgetLibrary/Common/VCamIcons/IconFlight.uexp" 421
"../../../Engine/Plugins/VirtualProduction/VirtualCamera/Content/WidgetLibrary/Common/VCamIcons/IconHold.uasset" 422
"../../../Engine/Plugins/VirtualProduction/VirtualCamera/Content/WidgetLibrary/Common/VCamIcons/IconHold.uexp" 423
"../../../Engine/Plugins/VirtualProduction/VirtualCamera/Content/WidgetLibrary/Common/VCamIcons/IconKillRoll.uasset" 424
"../../../Engine/Plugins/VirtualProduction/VirtualCamera/Content/WidgetLibrary/Common/VCamIcons/IconKillRoll.uexp" 425
"../../../Engine/Plugins/VirtualProduction/VirtualCamera/Content/WidgetLibrary/Common/VCamIcons/IconZeroState.uasset" 426
"../../../Engine/Plugins/VirtualProduction/VirtualCamera/Content/WidgetLibrary/Common/VCamIcons/IconZeroState.uexp" 427
"../../../Engine/Plugins/VirtualProduction/VirtualCamera/Content/WidgetLibrary/Common/VCamIcons/IconCrane.uasset" 428
"../../../Engine/Plugins/VirtualProduction/VirtualCamera/Content/WidgetLibrary/Common/VCamIcons/IconCrane.uexp" 429
"../../../Engine/Plugins/VirtualProduction/VirtualCamera/Content/WidgetLibrary/Common/VCamIcons/IconDolly.uasset" 430
"../../../Engine/Plugins/VirtualProduction/VirtualCamera/Content/WidgetLibrary/Common/VCamIcons/IconDolly.uexp" 431
"../../../Engine/Plugins/VirtualProduction/VirtualCamera/Content/WidgetLibrary/Common/VCamIcons/IconPan.uasset" 432
"../../../Engine/Plugins/VirtualProduction/VirtualCamera/Content/WidgetLibrary/Common/VCamIcons/IconPan.uexp" 433
"../../../Engine/Plugins/VirtualProduction/VirtualCamera/Content/WidgetLibrary/Common/VCamIcons/IconRoll.uasset" 434
"../../../Engine/Plugins/VirtualProduction/VirtualCamera/Content/WidgetLibrary/Common/VCamIcons/IconRoll.uexp" 435
"../../../Engine/Plugins/VirtualProduction/VirtualCamera/Content/WidgetLibrary/Common/VCamIcons/IconTilt.uasset" 436
"../../../Engine/Plugins/VirtualProduction/VirtualCamera/Content/WidgetLibrary/Common/VCamIcons/IconTilt.uexp" 437
"../../../Engine/Plugins/VirtualProduction/VirtualCamera/Content/WidgetLibrary/Common/VCamIcons/IconTruck.uasset" 438
"../../../Engine/Plugins/VirtualProduction/VirtualCamera/Content/WidgetLibrary/Common/VCamIcons/IconTruck.uexp" 439
"../../../Engine/Plugins/VirtualProduction/VirtualCamera/Content/WidgetLibrary/Common/VCamIcons/T_MultiUser.ubulk" 440
"../../../Engine/Plugins/VirtualProduction/VirtualCamera/Content/WidgetLibrary/Common/VCamIcons/T_MultiUser.uasset" 441
"../../../Engine/Plugins/VirtualProduction/VirtualCamera/Content/WidgetLibrary/Common/VCamIcons/T_MultiUser.uexp" 442
"../../../Engine/Plugins/VirtualProduction/VirtualCamera/Content/WidgetLibrary/VCamEarMenu/Updated/hierarchy/WS_EarButton.uasset" 443
"../../../Engine/Plugins/VirtualProduction/VirtualCamera/Content/WidgetLibrary/VCamEarMenu/Updated/hierarchy/WS_EarButton.uexp" 444
"../../../Engine/Plugins/VirtualProduction/VirtualCamera/Content/WidgetLibrary/Common/VCamIcons/TiltOffset.uasset" 445
"../../../Engine/Plugins/VirtualProduction/VirtualCamera/Content/WidgetLibrary/Common/VCamIcons/TiltOffset.uexp" 446
"../../../Engine/Plugins/VirtualProduction/VirtualCamera/Content/WidgetLibrary/Common/VCamIcons/IconZeroToParent.uasset" 447
"../../../Engine/Plugins/VirtualProduction/VirtualCamera/Content/WidgetLibrary/Common/VCamIcons/IconZeroToParent.uexp" 448
"../../../Engine/Plugins/VirtualProduction/VirtualCamera/Content/WidgetLibrary/Common/VCamIcons/IconSplineUpdate.uasset" 449
"../../../Engine/Plugins/VirtualProduction/VirtualCamera/Content/WidgetLibrary/Common/VCamIcons/IconSplineUpdate.uexp" 450
"../../../Engine/Plugins/VirtualProduction/VirtualCamera/Content/WidgetLibrary/Common/VCamIcons/IconGameView.uasset" 451
"../../../Engine/Plugins/VirtualProduction/VirtualCamera/Content/WidgetLibrary/Common/VCamIcons/IconGameView.uexp" 452
"../../../Engine/Plugins/VirtualProduction/VirtualCamera/Content/WidgetLibrary/Common/VCamIcons/IconFilm.uasset" 453
"../../../Engine/Plugins/VirtualProduction/VirtualCamera/Content/WidgetLibrary/Common/VCamIcons/IconFilm.uexp" 454
"../../../Engine/Plugins/VirtualProduction/VirtualCamera/Content/WidgetLibrary/Common/VCamIcons/IconEditOptions.uasset" 455
"../../../Engine/Plugins/VirtualProduction/VirtualCamera/Content/WidgetLibrary/Common/VCamIcons/IconEditOptions.uexp" 456
"../../../Engine/Plugins/VirtualProduction/VirtualCamera/Content/WidgetLibrary/Common/VCamIcons/IconAttachOptions.uasset" 457
"../../../Engine/Plugins/VirtualProduction/VirtualCamera/Content/WidgetLibrary/Common/VCamIcons/IconAttachOptions.uexp" 458
"../../../Engine/Plugins/VirtualProduction/VirtualCamera/Content/WidgetLibrary/VCamEarMenu/Updated/hierarchy/MBWS_EarMenu_Right.uasset" 459
"../../../Engine/Plugins/VirtualProduction/VirtualCamera/Content/WidgetLibrary/VCamEarMenu/Updated/hierarchy/MBWS_EarMenu_Right.uexp" 460
"../../../Engine/Plugins/VirtualProduction/VirtualCamera/Content/WidgetLibrary/VCamEarMenu/Updated/hierarchy/MH_EarMenu_Right.uasset" 461
"../../../Engine/Plugins/VirtualProduction/VirtualCamera/Content/WidgetLibrary/VCamEarMenu/Updated/hierarchy/MH_EarMenu_Right.uexp" 462
"../../../Engine/Plugins/VirtualProduction/VirtualCamera/Content/WidgetLibrary/VCamEarMenu/Textures/T_LeftEarBottom.uasset" 463
"../../../Engine/Plugins/VirtualProduction/VirtualCamera/Content/WidgetLibrary/VCamEarMenu/Textures/T_LeftEarBottom.uexp" 464
"../../../Engine/Plugins/VirtualProduction/VirtualCamera/Content/WidgetLibrary/Common/VCamIcons/IconArrowDown.uasset" 465
"../../../Engine/Plugins/VirtualProduction/VirtualCamera/Content/WidgetLibrary/Common/VCamIcons/IconArrowDown.uexp" 466
"../../../Engine/Plugins/VirtualProduction/VirtualCamera/Content/WidgetLibrary/VCamEarMenu/Updated/BPI_VCamEar.uasset" 467
"../../../Engine/Plugins/VirtualProduction/VirtualCamera/Content/WidgetLibrary/VCamEarMenu/Updated/BPI_VCamEar.uexp" 468
"../../../Engine/Content/EngineResources/WhiteSquareTexture.uasset" 469
"../../../Engine/Content/EngineResources/WhiteSquareTexture.uexp" 470
"../../../Engine/Plugins/VirtualProduction/VirtualCamera/Content/WidgetLibrary/Common/VCamIcons/IconAperture.uasset" 471
"../../../Engine/Plugins/VirtualProduction/VirtualCamera/Content/WidgetLibrary/Common/VCamIcons/IconAperture.uexp" 472
"../../../Engine/Plugins/VirtualProduction/VirtualCamera/Content/WidgetLibrary/VCamEarMenu/Updated/widgets/EarButton/EarButton.uasset" 473
"../../../Engine/Plugins/VirtualProduction/VirtualCamera/Content/WidgetLibrary/VCamEarMenu/Updated/widgets/EarButton/EarButton.uexp" 474
"../../../Engine/Plugins/VirtualProduction/VirtualCamera/Content/WidgetLibrary/VCamEarMenu/Updated/tex/ScrollFade_Top.uasset" 475
"../../../Engine/Plugins/VirtualProduction/VirtualCamera/Content/WidgetLibrary/VCamEarMenu/Updated/tex/ScrollFade_Top.uexp" 476
"../../../Engine/Plugins/VirtualProduction/VirtualCamera/Content/WidgetLibrary/VCamEarMenu/Updated/tex/ScrollFade_Bottom.uasset" 477
"../../../Engine/Plugins/VirtualProduction/VirtualCamera/Content/WidgetLibrary/VCamEarMenu/Updated/tex/ScrollFade_Bottom.uexp" 478
"../../../Engine/Plugins/VirtualProduction/VirtualCamera/Content/WidgetLibrary/VCamEarMenu/Updated/hierarchy/MH_EarMenu_Left.uasset" 479
"../../../Engine/Plugins/VirtualProduction/VirtualCamera/Content/WidgetLibrary/VCamEarMenu/Updated/hierarchy/MH_EarMenu_Left.uexp" 480
"../../../Engine/Plugins/VirtualProduction/VirtualCamera/Content/WidgetLibrary/Common/VCamIcons/IconClipPlane.uasset" 481
"../../../Engine/Plugins/VirtualProduction/VirtualCamera/Content/WidgetLibrary/Common/VCamIcons/IconClipPlane.uexp" 482
"../../../Engine/Plugins/VirtualProduction/VirtualCamera/Content/WidgetLibrary/Common/VCamIcons/IconISO.uasset" 483
"../../../Engine/Plugins/VirtualProduction/VirtualCamera/Content/WidgetLibrary/Common/VCamIcons/IconISO.uexp" 484
"../../../Engine/Plugins/VirtualProduction/VirtualCamera/Content/WidgetLibrary/Common/VCamIcons/IconLens.uasset" 485
"../../../Engine/Plugins/VirtualProduction/VirtualCamera/Content/WidgetLibrary/Common/VCamIcons/IconLens.uexp" 486
"../../../Engine/Plugins/VirtualProduction/VirtualCamera/Content/WidgetLibrary/Common/VCamIcons/IconViewfinder.uasset" 487
"../../../Engine/Plugins/VirtualProduction/VirtualCamera/Content/WidgetLibrary/Common/VCamIcons/IconViewfinder.uexp" 488
"../../../Engine/Plugins/VirtualProduction/VirtualCamera/Content/WidgetLibrary/Common/VCamIcons/IconFocusPeaking.uasset" 489
"../../../Engine/Plugins/VirtualProduction/VirtualCamera/Content/WidgetLibrary/Common/VCamIcons/IconFocusPeaking.uexp" 490
"../../../Engine/Plugins/VirtualProduction/VirtualCamera/Content/WidgetLibrary/Common/VCamIcons/IconZebraPattern.uasset" 491
"../../../Engine/Plugins/VirtualProduction/VirtualCamera/Content/WidgetLibrary/Common/VCamIcons/IconZebraPattern.uexp" 492
"../../../Engine/Plugins/VirtualProduction/VirtualCamera/Content/WidgetLibrary/Common/VCamIcons/IconFocus.uasset" 493
"../../../Engine/Plugins/VirtualProduction/VirtualCamera/Content/WidgetLibrary/Common/VCamIcons/IconFocus.uexp" 494
"../../../Engine/Plugins/VirtualProduction/VirtualCamera/Content/WidgetLibrary/Common/VCamIcons/IconTrackFocus.uasset" 495
"../../../Engine/Plugins/VirtualProduction/VirtualCamera/Content/WidgetLibrary/Common/VCamIcons/IconTrackFocus.uexp" 496
"../../../Engine/Plugins/VirtualProduction/VirtualCamera/Content/WidgetLibrary/Common/VCamIcons/IconFocusPlane.uasset" 497
"../../../Engine/Plugins/VirtualProduction/VirtualCamera/Content/WidgetLibrary/Common/VCamIcons/IconFocusPlane.uexp" 498
"../../../Engine/Plugins/VirtualProduction/VirtualCamera/Content/WidgetLibrary/VCamEarMenu/Updated/hierarchy/MBWS_EarMenu_Left.uasset" 499
"../../../Engine/Plugins/VirtualProduction/VirtualCamera/Content/WidgetLibrary/VCamEarMenu/Updated/hierarchy/MBWS_EarMenu_Left.uexp" 500
"../../../Engine/Plugins/VirtualProduction/VirtualCamera/Content/WidgetLibrary/VCamEarMenu/Updated/enum/E_VCamEarState.uasset" 501
"../../../Engine/Plugins/VirtualProduction/VirtualCamera/Content/WidgetLibrary/VCamEarMenu/Updated/enum/E_VCamEarState.uexp" 502
"../../../Engine/Plugins/VirtualProduction/VirtualCamera/Content/WidgetLibrary/VCamEarMenu/Updated/curves/C_AnimIn.uasset" 503
"../../../Engine/Plugins/VirtualProduction/VirtualCamera/Content/WidgetLibrary/VCamEarMenu/Updated/curves/C_AnimIn.uexp" 504
"../../../Engine/Plugins/VirtualProduction/VirtualCamera/Content/WidgetLibrary/VCamEarMenu/Updated/VCamEar.uasset" 505
"../../../Engine/Plugins/VirtualProduction/VirtualCamera/Content/WidgetLibrary/VCamEarMenu/Updated/VCamEar.uexp" 506
"../../../Engine/Plugins/VirtualProduction/VirtualCamera/Content/WidgetLibrary/VCamEarMenu/Updated/widgets/EarButton/EarButtonTooltip.uasset" 507
"../../../Engine/Plugins/VirtualProduction/VirtualCamera/Content/WidgetLibrary/VCamEarMenu/Updated/widgets/EarButton/EarButtonTooltip.uexp" 508
"../../../Engine/Plugins/VirtualProduction/VirtualCamera/Content/WidgetLibrary/VCamJoysticks/Dependencies/T_DollyJoystickOuter.uasset" 509
"../../../Engine/Plugins/VirtualProduction/VirtualCamera/Content/WidgetLibrary/VCamJoysticks/Dependencies/T_DollyJoystickOuter.uexp" 510
"../../../Engine/Plugins/VirtualProduction/VirtualCamera/Content/WidgetLibrary/VCamJoysticks/Dependencies/T_DollyJoystickInner.uasset" 511
"../../../Engine/Plugins/VirtualProduction/VirtualCamera/Content/WidgetLibrary/VCamJoysticks/Dependencies/T_DollyJoystickInner.uexp" 512
"../../../Engine/Plugins/VirtualProduction/VirtualCamera/Content/WidgetLibrary/BaseWidgets/BaseJoystick/BaseJoystick.uasset" 513
"../../../Engine/Plugins/VirtualProduction/VirtualCamera/Content/WidgetLibrary/BaseWidgets/BaseJoystick/BaseJoystick.uexp" 514
"../../../Engine/Plugins/VirtualProduction/VirtualCamera/Content/WidgetLibrary/VCamJoysticks/VCamJoystick_Planar.uasset" 515
"../../../Engine/Plugins/VirtualProduction/VirtualCamera/Content/WidgetLibrary/VCamJoysticks/VCamJoystick_Planar.uexp" 516
"../../../Engine/Plugins/VirtualProduction/VirtualCamera/Content/WidgetLibrary/VCamJoysticks/Dependencies/T_PanJoystickInner.uasset" 517
"../../../Engine/Plugins/VirtualProduction/VirtualCamera/Content/WidgetLibrary/VCamJoysticks/Dependencies/T_PanJoystickInner.uexp" 518
"../../../Engine/Plugins/VirtualProduction/VirtualCamera/Content/WidgetLibrary/VCamJoysticks/Dependencies/T_CraneJoystickOuter.uasset" 519
"../../../Engine/Plugins/VirtualProduction/VirtualCamera/Content/WidgetLibrary/VCamJoysticks/Dependencies/T_CraneJoystickOuter.uexp" 520
"../../../Engine/Plugins/VirtualProduction/VirtualCamera/Content/WidgetLibrary/VCamJoysticks/Dependencies/T_CraneJoystickInner.uasset" 521
"../../../Engine/Plugins/VirtualProduction/VirtualCamera/Content/WidgetLibrary/VCamJoysticks/Dependencies/T_CraneJoystickInner.uexp" 522
"../../../Engine/Plugins/VirtualProduction/VirtualCamera/Content/WidgetLibrary/VCamJoysticks/Dependencies/Joysticks_CranePanDirection.uasset" 523
"../../../Engine/Plugins/VirtualProduction/VirtualCamera/Content/WidgetLibrary/VCamJoysticks/Dependencies/Joysticks_CranePanDirection.uexp" 524
"../../../Engine/Plugins/VirtualProduction/VirtualCamera/Content/WidgetLibrary/VCamJoysticks/VCamJoysticks_CranePan.uasset" 525
"../../../Engine/Plugins/VirtualProduction/VirtualCamera/Content/WidgetLibrary/VCamJoysticks/VCamJoysticks_CranePan.uexp" 526
"../../../Engine/Plugins/VirtualProduction/VirtualCamera/Content/WidgetLibrary/VCW_AspectRatioMask/Dependencies/AspectRatioMaskUserSettings.uasset" 527
"../../../Engine/Plugins/VirtualProduction/VirtualCamera/Content/WidgetLibrary/VCW_AspectRatioMask/Dependencies/AspectRatioMaskUserSettings.uexp" 528
"../../../Engine/Plugins/VirtualProduction/VirtualCamera/Content/WidgetLibrary/VCW_AspectRatioMask/Interfaces/AspectRatioMaskInterface.uasset" 529
"../../../Engine/Plugins/VirtualProduction/VirtualCamera/Content/WidgetLibrary/VCW_AspectRatioMask/Interfaces/AspectRatioMaskInterface.uexp" 530
"../../../Engine/Plugins/VirtualProduction/VirtualCamera/Content/WidgetLibrary/VCamJoysticks/VCamJoysticks.uasset" 531
"../../../Engine/Plugins/VirtualProduction/VirtualCamera/Content/WidgetLibrary/VCamJoysticks/VCamJoysticks.uexp" 532
"../../../Engine/Plugins/VirtualProduction/VirtualCamera/Content/WidgetLibrary/VCamGestureWidget/Structs/VCamGestureUserSettings.uasset" 533
"../../../Engine/Plugins/VirtualProduction/VirtualCamera/Content/WidgetLibrary/VCamGestureWidget/Structs/VCamGestureUserSettings.uexp" 534
"../../../Engine/Plugins/VirtualProduction/VirtualCamera/Content/WidgetLibrary/VCamGestureWidget/Interfaces/VCamGestureUserSettings.uasset" 535
"../../../Engine/Plugins/VirtualProduction/VirtualCamera/Content/WidgetLibrary/VCamGestureWidget/Interfaces/VCamGestureUserSettings.uexp" 536
"../../../Engine/Plugins/VirtualProduction/VirtualCamera/Content/WidgetLibrary/VCamGestureWidget/Dependencies/VCamGestureIndex.uasset" 537
"../../../Engine/Plugins/VirtualProduction/VirtualCamera/Content/WidgetLibrary/VCamGestureWidget/Dependencies/VCamGestureIndex.uexp" 538
"../../../Engine/Content/Functions/Engine_MaterialFunctions02/Utility/BreakOutFloat2Components.uasset" 539
"../../../Engine/Content/Functions/Engine_MaterialFunctions02/Utility/BreakOutFloat2Components.uexp" 540
"../../../Engine/Content/Functions/Engine_MaterialFunctions03/Math/RemapValueRange.uasset" 541
"../../../Engine/Content/Functions/Engine_MaterialFunctions03/Math/RemapValueRange.uexp" 542
"../../../Engine/Plugins/VirtualProduction/VirtualCamera/Content/WidgetLibrary/VCamGestureWidget/Dependencies/M_GestureFocus.uasset" 543
"../../../Engine/Plugins/VirtualProduction/VirtualCamera/Content/WidgetLibrary/VCamGestureWidget/Dependencies/M_GestureFocus.uexp" 544
"../../../Engine/Plugins/VirtualProduction/VirtualCamera/Content/WidgetLibrary/VCamGestureWidget/Dependencies/MI_GestureFocus.uasset" 545
"../../../Engine/Plugins/VirtualProduction/VirtualCamera/Content/WidgetLibrary/VCamGestureWidget/Dependencies/MI_GestureFocus.uexp" 546
"../../../Engine/Plugins/VirtualProduction/VirtualCamera/Content/WidgetLibrary/VCamGestureWidget/Dependencies/M_GestureFeedback.uasset" 547
"../../../Engine/Plugins/VirtualProduction/VirtualCamera/Content/WidgetLibrary/VCamGestureWidget/Dependencies/M_GestureFeedback.uexp" 548
"../../../Engine/Plugins/VirtualProduction/VirtualCamera/Content/WidgetLibrary/VCamGestureWidget/Dependencies/MI_GestureFeedback.uasset" 549
"../../../Engine/Plugins/VirtualProduction/VirtualCamera/Content/WidgetLibrary/VCamGestureWidget/Dependencies/MI_GestureFeedback.uexp" 550
"../../../Engine/Plugins/VirtualProduction/VirtualCamera/Content/WidgetLibrary/VCamGestureWidget/VCamGestureUXWidget.uasset" 551
"../../../Engine/Plugins/VirtualProduction/VirtualCamera/Content/WidgetLibrary/VCamGestureWidget/VCamGestureUXWidget.uexp" 552
"../../../Engine/Plugins/VirtualProduction/VirtualCamera/Content/WidgetLibrary/VCamGestureWidget/Interfaces/VCamGestureViewportSettings.uasset" 553
"../../../Engine/Plugins/VirtualProduction/VirtualCamera/Content/WidgetLibrary/VCamGestureWidget/Interfaces/VCamGestureViewportSettings.uexp" 554
"../../../Engine/Plugins/VirtualProduction/VirtualCamera/Content/WidgetLibrary/VCamGestureWidget/Dependencies/EVcamGestureTutorials.uasset" 555
"../../../Engine/Plugins/VirtualProduction/VirtualCamera/Content/WidgetLibrary/VCamGestureWidget/Dependencies/EVcamGestureTutorials.uexp" 556
"../../../Engine/Plugins/VirtualProduction/VirtualCamera/Content/WidgetLibrary/VCamGestureWidget/Dependencies/TutorialImages/GestureDoubleTap.uasset" 557
"../../../Engine/Plugins/VirtualProduction/VirtualCamera/Content/WidgetLibrary/VCamGestureWidget/Dependencies/TutorialImages/GestureDoubleTap.uexp" 558
"../../../Engine/Plugins/VirtualProduction/VirtualCamera/Content/WidgetLibrary/VCamGestureWidget/Dependencies/TutorialImages/GestureDrag.uasset" 559
"../../../Engine/Plugins/VirtualProduction/VirtualCamera/Content/WidgetLibrary/VCamGestureWidget/Dependencies/TutorialImages/GestureDrag.uexp" 560
"../../../Engine/Plugins/VirtualProduction/VirtualCamera/Content/WidgetLibrary/VCamGestureWidget/Dependencies/TutorialImages/GesturePinch.uasset" 561
"../../../Engine/Plugins/VirtualProduction/VirtualCamera/Content/WidgetLibrary/VCamGestureWidget/Dependencies/TutorialImages/GesturePinch.uexp" 562
"../../../Engine/Plugins/VirtualProduction/VirtualCamera/Content/WidgetLibrary/VCamGestureWidget/Dependencies/TutorialImages/GestureThumbsUp.uasset" 563
"../../../Engine/Plugins/VirtualProduction/VirtualCamera/Content/WidgetLibrary/VCamGestureWidget/Dependencies/TutorialImages/GestureThumbsUp.uexp" 564
"../../../Engine/Plugins/VirtualProduction/VirtualCamera/Content/WidgetLibrary/VCamGestureWidget/Dependencies/TutorialImages/GestureTwoFinger.uasset" 565
"../../../Engine/Plugins/VirtualProduction/VirtualCamera/Content/WidgetLibrary/VCamGestureWidget/Dependencies/TutorialImages/GestureTwoFinger.uexp" 566
"../../../Engine/Plugins/VirtualProduction/VirtualCamera/Content/WidgetLibrary/VCamGestureWidget/VCamGestureWidget.uasset" 567
"../../../Engine/Plugins/VirtualProduction/VirtualCamera/Content/WidgetLibrary/VCamGestureWidget/VCamGestureWidget.uexp" 568
"../../../Engine/Plugins/VirtualProduction/VirtualCamera/Content/WidgetLibrary/VCamHUDBorder/Dependencies/VCamHUDBottomFrameLeft.uasset" 569
"../../../Engine/Plugins/VirtualProduction/VirtualCamera/Content/WidgetLibrary/VCamHUDBorder/Dependencies/VCamHUDBottomFrameLeft.uexp" 570
"../../../Engine/Plugins/VirtualProduction/VirtualCamera/Content/WidgetLibrary/VCamHUDBorder/Dependencies/T_VCamHUDTopFrameRight.uasset" 571
"../../../Engine/Plugins/VirtualProduction/VirtualCamera/Content/WidgetLibrary/VCamHUDBorder/Dependencies/T_VCamHUDTopFrameRight.uexp" 572
"../../../Engine/Plugins/VirtualProduction/VirtualCamera/Content/WidgetLibrary/VCamHUDBorder/Dependencies/T_VCamHUDTopFrameLeft.uasset" 573
"../../../Engine/Plugins/VirtualProduction/VirtualCamera/Content/WidgetLibrary/VCamHUDBorder/Dependencies/T_VCamHUDTopFrameLeft.uexp" 574
"../../../Engine/Plugins/VirtualProduction/VirtualCamera/Content/WidgetLibrary/VCamHUDBorder/Dependencies/T_VCamHUDTopFrameGap.uasset" 575
"../../../Engine/Plugins/VirtualProduction/VirtualCamera/Content/WidgetLibrary/VCamHUDBorder/Dependencies/T_VCamHUDTopFrameGap.uexp" 576
"../../../Engine/Plugins/VirtualProduction/VirtualCamera/Content/WidgetLibrary/VCamHUDBorder/Dependencies/T_VCamHUDCorner.uasset" 577
"../../../Engine/Plugins/VirtualProduction/VirtualCamera/Content/WidgetLibrary/VCamHUDBorder/Dependencies/T_VCamHUDCorner.uexp" 578
"../../../Engine/Plugins/VirtualProduction/VirtualCamera/Content/WidgetLibrary/VCamHUDBorder/Dependencies/T_VCamHUDBottomFrameRight.uasset" 579
"../../../Engine/Plugins/VirtualProduction/VirtualCamera/Content/WidgetLibrary/VCamHUDBorder/Dependencies/T_VCamHUDBottomFrameRight.uexp" 580
"../../../Engine/Plugins/VirtualProduction/VirtualCamera/Content/WidgetLibrary/VCamHUDBorder/Dependencies/T_VCamHUDBottomFrameMiddle.uasset" 581
"../../../Engine/Plugins/VirtualProduction/VirtualCamera/Content/WidgetLibrary/VCamHUDBorder/Dependencies/T_VCamHUDBottomFrameMiddle.uexp" 582
"../../../Engine/Plugins/VirtualProduction/VirtualCamera/Content/WidgetLibrary/VCamHUDBorder/VCamHUDBorder.uasset" 583
"../../../Engine/Plugins/VirtualProduction/VirtualCamera/Content/WidgetLibrary/VCamHUDBorder/VCamHUDBorder.uexp" 584
"../../../Engine/Plugins/VirtualProduction/VirtualCamera/Content/WidgetLibrary/VCamHUDButton/Dependencies/VCamHUDButtonStyleSettings.uasset" 585
"../../../Engine/Plugins/VirtualProduction/VirtualCamera/Content/WidgetLibrary/VCamHUDButton/Dependencies/VCamHUDButtonStyleSettings.uexp" 586
"../../../Engine/Plugins/VirtualProduction/VirtualCamera/Content/WidgetLibrary/VCamHUDButton/Interfaces/VCamHUDButtonStyleInterface.uasset" 587
"../../../Engine/Plugins/VirtualProduction/VirtualCamera/Content/WidgetLibrary/VCamHUDButton/Interfaces/VCamHUDButtonStyleInterface.uexp" 588
"../../../Engine/Plugins/VirtualProduction/VirtualCamera/Content/WidgetLibrary/VCamHUDButton/VCamHUDButton.uasset" 589
"../../../Engine/Plugins/VirtualProduction/VirtualCamera/Content/WidgetLibrary/VCamHUDButton/VCamHUDButton.uexp" 590
"../../../Engine/Plugins/VirtualProduction/VirtualCamera/Content/WidgetLibrary/VCamOptionStepper/VCamOptionStepper.uasset" 591
"../../../Engine/Plugins/VirtualProduction/VirtualCamera/Content/WidgetLibrary/VCamOptionStepper/VCamOptionStepper.uexp" 592
"../../../Engine/Plugins/VirtualProduction/VirtualCamera/Content/WidgetLibrary/VCamOptionMenu/Dependencies/VCamOptionMenuItemDataStruct.uasset" 593
"../../../Engine/Plugins/VirtualProduction/VirtualCamera/Content/WidgetLibrary/VCamOptionMenu/Dependencies/VCamOptionMenuItemDataStruct.uexp" 594
"../../../Engine/Plugins/VirtualProduction/VirtualCamera/Content/WidgetLibrary/VCamOptionMenu/Dependencies/VCamOptionMenuUserSettings.uasset" 595
"../../../Engine/Plugins/VirtualProduction/VirtualCamera/Content/WidgetLibrary/VCamOptionMenu/Dependencies/VCamOptionMenuUserSettings.uexp" 596
"../../../Engine/Plugins/VirtualProduction/VirtualCamera/Content/WidgetLibrary/VCamOptionMenu/Interfaces/VCamOptionMenuUserSettingsInterface.uasset" 597
"../../../Engine/Plugins/VirtualProduction/VirtualCamera/Content/WidgetLibrary/VCamOptionMenu/Interfaces/VCamOptionMenuUserSettingsInterface.uexp" 598
"../../../Engine/Plugins/VirtualProduction/VirtualCamera/Content/WidgetLibrary/VCamOptionMenu/Dependencies/VCamOptionMenuItemDataObject.uasset" 599
"../../../Engine/Plugins/VirtualProduction/VirtualCamera/Content/WidgetLibrary/VCamOptionMenu/Dependencies/VCamOptionMenuItemDataObject.uexp" 600
"../../../Engine/Plugins/VirtualProduction/VirtualCamera/Content/WidgetLibrary/VCamOptionMenu/Dependencies/VCamOptionMenuItem.uasset" 601
"../../../Engine/Plugins/VirtualProduction/VirtualCamera/Content/WidgetLibrary/VCamOptionMenu/Dependencies/VCamOptionMenuItem.uexp" 602
"../../../Engine/Plugins/VirtualProduction/VirtualCamera/Content/WidgetLibrary/VCamButton/Dependencies/T_VCamButton.uasset" 603
"../../../Engine/Plugins/VirtualProduction/VirtualCamera/Content/WidgetLibrary/VCamButton/Dependencies/T_VCamButton.uexp" 604
"../../../Engine/Plugins/VirtualProduction/VirtualCamera/Content/WidgetLibrary/VCamOptionMenu/VCamOptionMenu.uasset" 605
"../../../Engine/Plugins/VirtualProduction/VirtualCamera/Content/WidgetLibrary/VCamOptionMenu/VCamOptionMenu.uexp" 606
"../../../Engine/Plugins/VirtualProduction/VirtualCamera/Content/WidgetLibrary/VCamParentWidget/VCamParentWidget.uasset" 607
"../../../Engine/Plugins/VirtualProduction/VirtualCamera/Content/WidgetLibrary/VCamParentWidget/VCamParentWidget.uexp" 608
"../../../Engine/Plugins/VirtualProduction/VirtualCamera/Content/WidgetLibrary/VCamTimeScale/Structs/VCamTimeScaleUserSettings.uasset" 609
"../../../Engine/Plugins/VirtualProduction/VirtualCamera/Content/WidgetLibrary/VCamTimeScale/Structs/VCamTimeScaleUserSettings.uexp" 610
"../../../Engine/Plugins/VirtualProduction/VirtualCamera/Content/WidgetLibrary/VCamTimeScale/Interfaces/VCamTimeScaleInterface.uasset" 611
"../../../Engine/Plugins/VirtualProduction/VirtualCamera/Content/WidgetLibrary/VCamTimeScale/Interfaces/VCamTimeScaleInterface.uexp" 612
"../../../Engine/Plugins/VirtualProduction/VirtualCamera/Content/WidgetLibrary/VCamTimeScale/VCamTimeScale.uasset" 613
"../../../Engine/Plugins/VirtualProduction/VirtualCamera/Content/WidgetLibrary/VCamTimeScale/VCamTimeScale.uexp" 614
"../../../Engine/Plugins/VirtualProduction/VirtualCamera/Content/WidgetLibrary/Common/VCamIcons/IconTimer.ubulk" 615
"../../../Engine/Plugins/VirtualProduction/VirtualCamera/Content/WidgetLibrary/Common/VCamIcons/IconTimer.uasset" 616
"../../../Engine/Plugins/VirtualProduction/VirtualCamera/Content/WidgetLibrary/Common/VCamIcons/IconTimer.uexp" 617
"../../../Engine/Plugins/VirtualProduction/VirtualCamera/Content/WidgetLibrary/VCamRecordButton/VCamRecordButton.uasset" 618
"../../../Engine/Plugins/VirtualProduction/VirtualCamera/Content/WidgetLibrary/VCamRecordButton/VCamRecordButton.uexp" 619
"../../../Engine/Plugins/VirtualProduction/VirtualCamera/Content/WidgetLibrary/VCamSensorCorrectionMask/Structs/VCamSensorCorrectionMaskUserSettings.uasset" 620
"../../../Engine/Plugins/VirtualProduction/VirtualCamera/Content/WidgetLibrary/VCamSensorCorrectionMask/Structs/VCamSensorCorrectionMaskUserSettings.uexp" 621
"../../../Engine/Plugins/VirtualProduction/VirtualCamera/Content/WidgetLibrary/VCamSensorCorrectionMask/Interfaces/VCamSensorCorrectionMaskInterface.uasset" 622
"../../../Engine/Plugins/VirtualProduction/VirtualCamera/Content/WidgetLibrary/VCamSensorCorrectionMask/Interfaces/VCamSensorCorrectionMaskInterface.uexp" 623
"../../../Engine/Content/Functions/Engine_MaterialFunctions02/Utility/MakeFloat2.uasset" 624
"../../../Engine/Content/Functions/Engine_MaterialFunctions02/Utility/MakeFloat2.uexp" 625
"../../../Engine/Content/Functions/Engine_MaterialFunctions02/Utility/VectorLength.uasset" 626
"../../../Engine/Content/Functions/Engine_MaterialFunctions02/Utility/VectorLength.uexp" 627
"../../../Engine/Content/Functions/Engine_MaterialFunctions01/Gradient/BoxMask-2D.uasset" 628
"../../../Engine/Content/Functions/Engine_MaterialFunctions01/Gradient/BoxMask-2D.uexp" 629
"../../../Engine/Plugins/VirtualProduction/VirtualCamera/Content/WidgetLibrary/VCW_AspectRatioMask/Dependencies/M_MaskAspectRatio.uasset" 630
"../../../Engine/Plugins/VirtualProduction/VirtualCamera/Content/WidgetLibrary/VCW_AspectRatioMask/Dependencies/M_MaskAspectRatio.uexp" 631
"../../../Engine/Plugins/VirtualProduction/VirtualCamera/Content/WidgetLibrary/VCamSensorCorrectionMask/Interfaces/VCamSensorTargetViewportSize.uasset" 632
"../../../Engine/Plugins/VirtualProduction/VirtualCamera/Content/WidgetLibrary/VCamSensorCorrectionMask/Interfaces/VCamSensorTargetViewportSize.uexp" 633
"../../../Engine/Plugins/VirtualProduction/VirtualCamera/Content/WidgetLibrary/VCamSensorCorrectionMask/VCamSensorCorrectionMask.uasset" 634
"../../../Engine/Plugins/VirtualProduction/VirtualCamera/Content/WidgetLibrary/VCamSensorCorrectionMask/VCamSensorCorrectionMask.uexp" 635
"../../../Engine/Plugins/VirtualProduction/VirtualCamera/Content/WidgetLibrary/VCamSequencerTimeline/VCamSequencerKeyframeMarker.uasset" 636
"../../../Engine/Plugins/VirtualProduction/VirtualCamera/Content/WidgetLibrary/VCamSequencerTimeline/VCamSequencerKeyframeMarker.uexp" 637
"../../../Engine/Plugins/VirtualProduction/VirtualCamera/Content/WidgetLibrary/VCamSequencerTimeline/Textures/T_VCamTimelineDefaultGrey.uasset" 638
"../../../Engine/Plugins/VirtualProduction/VirtualCamera/Content/WidgetLibrary/VCamSequencerTimeline/Textures/T_VCamTimelineDefaultGrey.uexp" 639
"../../../Engine/Plugins/VirtualProduction/VirtualCamera/Content/WidgetLibrary/VCamSequencerTimeline/Structs/VCamSequencerTimelineUserSettings.uasset" 640
"../../../Engine/Plugins/VirtualProduction/VirtualCamera/Content/WidgetLibrary/VCamSequencerTimeline/Structs/VCamSequencerTimelineUserSettings.uexp" 641
"../../../Engine/Content/Functions/Engine_MaterialFunctions01/Gradient/GeneratedRoundRect.uasset" 642
"../../../Engine/Content/Functions/Engine_MaterialFunctions01/Gradient/GeneratedRoundRect.uexp" 643
"../../../Engine/Plugins/VirtualProduction/VirtualCamera/Content/WidgetLibrary/VCamSequencerTimeline/Materials/M_TimelineRoundedBox.uasset" 644
"../../../Engine/Plugins/VirtualProduction/VirtualCamera/Content/WidgetLibrary/VCamSequencerTimeline/Materials/M_TimelineRoundedBox.uexp" 645
"../../../Engine/Plugins/VirtualProduction/VirtualCamera/Content/WidgetLibrary/VCamSequencerTimeline/Materials/MI_TimelineRoundedBox.uasset" 646
"../../../Engine/Plugins/VirtualProduction/VirtualCamera/Content/WidgetLibrary/VCamSequencerTimeline/Materials/MI_TimelineRoundedBox.uexp" 647
"../../../Engine/Plugins/VirtualProduction/VirtualCamera/Content/WidgetLibrary/VCamSequencerTimeline/Interfaces/VCamSequencerTimelineInterface.uasset" 648
"../../../Engine/Plugins/VirtualProduction/VirtualCamera/Content/WidgetLibrary/VCamSequencerTimeline/Interfaces/VCamSequencerTimelineInterface.uexp" 649
"../../../Engine/Plugins/VirtualProduction/VirtualCamera/Content/WidgetLibrary/VCamSequencerTimeline/VCamSequencerTimeline.uasset" 650
"../../../Engine/Plugins/VirtualProduction/VirtualCamera/Content/WidgetLibrary/VCamSequencerTimeline/VCamSequencerTimeline.uexp" 651
"../../../Engine/Plugins/VirtualProduction/VirtualCamera/Content/WidgetLibrary/VCamSequencerTimeline/Textures/T_ToPlaybackEnd.uasset" 652
"../../../Engine/Plugins/VirtualProduction/VirtualCamera/Content/WidgetLibrary/VCamSequencerTimeline/Textures/T_ToPlaybackEnd.uexp" 653
"../../../Engine/Plugins/VirtualProduction/VirtualCamera/Content/WidgetLibrary/VCamSequencerTimeline/Textures/T_PreviousFrame.uasset" 654
"../../../Engine/Plugins/VirtualProduction/VirtualCamera/Content/WidgetLibrary/VCamSequencerTimeline/Textures/T_PreviousFrame.uexp" 655
"../../../Engine/Plugins/VirtualProduction/VirtualCamera/Content/WidgetLibrary/VCamSequencerTimeline/Textures/T_NextFrame.uasset" 656
"../../../Engine/Plugins/VirtualProduction/VirtualCamera/Content/WidgetLibrary/VCamSequencerTimeline/Textures/T_NextFrame.uexp" 657
"../../../Engine/Plugins/VirtualProduction/VirtualCamera/Content/WidgetLibrary/VCamSequencerTimeline/Textures/T_JumpToPreviousKey.uasset" 658
"../../../Engine/Plugins/VirtualProduction/VirtualCamera/Content/WidgetLibrary/VCamSequencerTimeline/Textures/T_JumpToPreviousKey.uexp" 659
"../../../Engine/Plugins/VirtualProduction/VirtualCamera/Content/WidgetLibrary/VCamSequencerTimeline/Textures/T_JumpToNextKey.uasset" 660
"../../../Engine/Plugins/VirtualProduction/VirtualCamera/Content/WidgetLibrary/VCamSequencerTimeline/Textures/T_JumpToNextKey.uexp" 661
"../../../Engine/Plugins/VirtualProduction/VirtualCamera/Content/WidgetLibrary/VCamSequencerTimeline/Structs/VCamSequencerTransportUserSettings.uasset" 662
"../../../Engine/Plugins/VirtualProduction/VirtualCamera/Content/WidgetLibrary/VCamSequencerTimeline/Structs/VCamSequencerTransportUserSettings.uexp" 663
"../../../Engine/Plugins/VirtualProduction/VirtualCamera/Content/WidgetLibrary/VCamSequencerTimeline/Interfaces/VCamSequencerTransportInterface.uasset" 664
"../../../Engine/Plugins/VirtualProduction/VirtualCamera/Content/WidgetLibrary/VCamSequencerTimeline/Interfaces/VCamSequencerTransportInterface.uexp" 665
"../../../Engine/Plugins/VirtualProduction/VirtualCamera/Content/WidgetLibrary/VCamSequencerTimeline/VCamSequencerTransportControls.uasset" 666
"../../../Engine/Plugins/VirtualProduction/VirtualCamera/Content/WidgetLibrary/VCamSequencerTimeline/VCamSequencerTransportControls.uexp" 667
"../../../Engine/Plugins/VirtualProduction/VirtualCamera/Content/WidgetLibrary/VCamSplineEditor/VCamSplineEditMode.uasset" 668
"../../../Engine/Plugins/VirtualProduction/VirtualCamera/Content/WidgetLibrary/VCamSplineEditor/VCamSplineEditMode.uexp" 669
"../../../Engine/Plugins/VirtualProduction/VirtualCamera/Content/WidgetLibrary/Common/VCamIcons/IconEdit.uasset" 670
"../../../Engine/Plugins/VirtualProduction/VirtualCamera/Content/WidgetLibrary/Common/VCamIcons/IconEdit.uexp" 671
"../../../Engine/Plugins/VirtualProduction/VirtualCamera/Content/WidgetLibrary/VCamSplineEditor/VCamSplineModeSelector.uasset" 672
"../../../Engine/Plugins/VirtualProduction/VirtualCamera/Content/WidgetLibrary/VCamSplineEditor/VCamSplineModeSelector.uexp" 673
"../../../Engine/Plugins/VirtualProduction/VirtualCamera/Content/WidgetLibrary/VCamSlider/VCamSliderMarker.uasset" 674
"../../../Engine/Plugins/VirtualProduction/VirtualCamera/Content/WidgetLibrary/VCamSlider/VCamSliderMarker.uexp" 675
"../../../Engine/Plugins/VirtualProduction/VirtualCamera/Content/WidgetLibrary/VCamSlider/VCamSlider.uasset" 676
"../../../Engine/Plugins/VirtualProduction/VirtualCamera/Content/WidgetLibrary/VCamSlider/VCamSlider.uexp" 677
"../../../Engine/Plugins/VirtualProduction/VirtualCamera/Content/WidgetLibrary/VCamComboButton/Dependencies/VCamComboButtonEntryDataStruct.uasset" 678
"../../../Engine/Plugins/VirtualProduction/VirtualCamera/Content/WidgetLibrary/VCamComboButton/Dependencies/VCamComboButtonEntryDataStruct.uexp" 679
"../../../Engine/Plugins/VirtualProduction/VirtualCamera/Content/WidgetLibrary/VCamComboButton/Dependencies/VCamComboButtonUserSettings.uasset" 680
"../../../Engine/Plugins/VirtualProduction/VirtualCamera/Content/WidgetLibrary/VCamComboButton/Dependencies/VCamComboButtonUserSettings.uexp" 681
"../../../Engine/Plugins/VirtualProduction/VirtualCamera/Content/WidgetLibrary/VCamSplineEditor/VCamSplineEditor.uasset" 682
"../../../Engine/Plugins/VirtualProduction/VirtualCamera/Content/WidgetLibrary/VCamSplineEditor/VCamSplineEditor.uexp" 683
"../../../Engine/Plugins/VirtualProduction/VirtualCamera/Content/WidgetLibrary/VCamTakesBrowser/enum/E_VCamAssetBrowserFilter.uasset" 684
"../../../Engine/Plugins/VirtualProduction/VirtualCamera/Content/WidgetLibrary/VCamTakesBrowser/enum/E_VCamAssetBrowserFilter.uexp" 685
"../../../Engine/Plugins/VirtualProduction/VirtualCamera/Content/WidgetLibrary/VCamTakesBrowser/tex/T_IconTag.uasset" 686
"../../../Engine/Plugins/VirtualProduction/VirtualCamera/Content/WidgetLibrary/VCamTakesBrowser/tex/T_IconTag.uexp" 687
"../../../Engine/Plugins/VirtualProduction/VirtualCamera/Content/WidgetLibrary/Common/VCamIcons/BTNTakes.uasset" 688
"../../../Engine/Plugins/VirtualProduction/VirtualCamera/Content/WidgetLibrary/Common/VCamIcons/BTNTakes.uexp" 689
"../../../Engine/Plugins/VirtualProduction/VirtualCamera/Content/WidgetLibrary/VCamTakesBrowser/widgets/VCamTakeFilterWidget.uasset" 690
"../../../Engine/Plugins/VirtualProduction/VirtualCamera/Content/WidgetLibrary/VCamTakesBrowser/widgets/VCamTakeFilterWidget.uexp" 691
"../../../Engine/Plugins/VirtualProduction/VirtualCamera/Content/WidgetLibrary/VCamTakesBrowser/struct/S_VCamTakeData.uasset" 692
"../../../Engine/Plugins/VirtualProduction/VirtualCamera/Content/WidgetLibrary/VCamTakesBrowser/struct/S_VCamTakeData.uexp" 693
"../../../Engine/Plugins/VirtualProduction/VirtualCamera/Content/WidgetLibrary/VCamTakesBrowser/widgets/VCamTakeEntryData.uasset" 694
"../../../Engine/Plugins/VirtualProduction/VirtualCamera/Content/WidgetLibrary/VCamTakesBrowser/widgets/VCamTakeEntryData.uexp" 695
"../../../Engine/Content/Functions/Engine_MaterialFunctions02/SmoothStep.uasset" 696
"../../../Engine/Content/Functions/Engine_MaterialFunctions02/SmoothStep.uexp" 697
"../../../Engine/Plugins/Compositing/Composure/Content/Materials/Compositing/Radial.uasset" 698
"../../../Engine/Plugins/Compositing/Composure/Content/Materials/Compositing/Radial.uexp" 699
"../../../Engine/Plugins/VirtualProduction/VirtualCamera/Content/WidgetLibrary/VCamTakesBrowser/widgets/mat/T_TakesBrowser_TakeThumbMask.ubulk" 700
"../../../Engine/Plugins/VirtualProduction/VirtualCamera/Content/WidgetLibrary/VCamTakesBrowser/widgets/mat/T_TakesBrowser_TakeThumbMask.uasset" 701
"../../../Engine/Plugins/VirtualProduction/VirtualCamera/Content/WidgetLibrary/VCamTakesBrowser/widgets/mat/T_TakesBrowser_TakeThumbMask.uexp" 702
"../../../Engine/Plugins/VirtualProduction/VirtualCamera/Content/WidgetLibrary/VCamTakesBrowser/widgets/mat/M_ThumbnailMask.uasset" 703
"../../../Engine/Plugins/VirtualProduction/VirtualCamera/Content/WidgetLibrary/VCamTakesBrowser/widgets/mat/M_ThumbnailMask.uexp" 704
"../../../Engine/Plugins/VirtualProduction/VirtualCamera/Content/WidgetLibrary/VCamTakesBrowser/tex/T_IconView.uasset" 705
"../../../Engine/Plugins/VirtualProduction/VirtualCamera/Content/WidgetLibrary/VCamTakesBrowser/tex/T_IconView.uexp" 706
"../../../Engine/Plugins/VirtualProduction/VirtualCamera/Content/WidgetLibrary/VCamTakesBrowser/tex/T_IconRecordOpen.uasset" 707
"../../../Engine/Plugins/VirtualProduction/VirtualCamera/Content/WidgetLibrary/VCamTakesBrowser/tex/T_IconRecordOpen.uexp" 708
"../../../Engine/Plugins/VirtualProduction/VirtualCamera/Content/WidgetLibrary/Common/VCamIcons/IconContentDirty.uasset" 709
"../../../Engine/Plugins/VirtualProduction/VirtualCamera/Content/WidgetLibrary/Common/VCamIcons/IconContentDirty.uexp" 710
"../../../Engine/Plugins/VirtualProduction/VirtualCamera/Content/WidgetLibrary/VCamTakesBrowser/widgets/VCamTake.uasset" 711
"../../../Engine/Plugins/VirtualProduction/VirtualCamera/Content/WidgetLibrary/VCamTakesBrowser/widgets/VCamTake.uexp" 712
"../../../Engine/Plugins/VirtualProduction/VirtualCamera/Content/WidgetLibrary/VCamTakesBrowser/VCamTakesBrowser.uasset" 713
"../../../Engine/Plugins/VirtualProduction/VirtualCamera/Content/WidgetLibrary/VCamTakesBrowser/VCamTakesBrowser.uexp" 714
"../../../Engine/Plugins/VirtualProduction/VirtualCamera/Content/WidgetLibrary/VCamTakesBrowser/widgets/mat/M_ThumbnailMask_AllCorners.uasset" 715
"../../../Engine/Plugins/VirtualProduction/VirtualCamera/Content/WidgetLibrary/VCamTakesBrowser/widgets/mat/M_ThumbnailMask_AllCorners.uexp" 716
"../../../Engine/Plugins/VirtualProduction/VirtualCamera/Content/WidgetLibrary/VCamTakesBrowser/widgets/VCamTakeThumbnailButton.uasset" 717
"../../../Engine/Plugins/VirtualProduction/VirtualCamera/Content/WidgetLibrary/VCamTakesBrowser/widgets/VCamTakeThumbnailButton.uexp" 718
"../../../Engine/Plugins/VirtualProduction/VirtualCamera/Content/WidgetLibrary/VCamTakesBrowser/widgets/VCamTakeCarouselEntry.uasset" 719
"../../../Engine/Plugins/VirtualProduction/VirtualCamera/Content/WidgetLibrary/VCamTakesBrowser/widgets/VCamTakeCarouselEntry.uexp" 720
"../../../Engine/Content/EngineResources/DefaultTexture.ubulk" 721
"../../../Engine/Content/EngineResources/DefaultTexture.uasset" 722
"../../../Engine/Content/EngineResources/DefaultTexture.uexp" 723
"../../../Engine/Plugins/VirtualProduction/VirtualCamera/Content/WidgetLibrary/VCamTakesBrowser/widgets/mat/M_Carousel.uasset" 724
"../../../Engine/Plugins/VirtualProduction/VirtualCamera/Content/WidgetLibrary/VCamTakesBrowser/widgets/mat/M_Carousel.uexp" 725
"../../../Engine/Plugins/VirtualProduction/VirtualCamera/Content/WidgetLibrary/Common/VCamIcons/IConCurveEditorMiscFilters.uasset" 726
"../../../Engine/Plugins/VirtualProduction/VirtualCamera/Content/WidgetLibrary/Common/VCamIcons/IConCurveEditorMiscFilters.uexp" 727
"../../../Engine/Plugins/VirtualProduction/VirtualCamera/Content/WidgetLibrary/Common/VCamIcons/IconSearch.uasset" 728
"../../../Engine/Plugins/VirtualProduction/VirtualCamera/Content/WidgetLibrary/Common/VCamIcons/IconSearch.uexp" 729
"../../../Engine/Plugins/VirtualProduction/VirtualCamera/Content/WidgetLibrary/Common/VCamIcons/T_IconPlusMinimal.uasset" 730
"../../../Engine/Plugins/VirtualProduction/VirtualCamera/Content/WidgetLibrary/Common/VCamIcons/T_IconPlusMinimal.uexp" 731
"../../../Engine/Plugins/VirtualProduction/VirtualCamera/Content/WidgetLibrary/VCamTakesBrowser/widgets/VCamTakeViewer.uasset" 732
"../../../Engine/Plugins/VirtualProduction/VirtualCamera/Content/WidgetLibrary/VCamTakesBrowser/widgets/VCamTakeViewer.uexp" 733
"../../../Engine/Plugins/VirtualProduction/VirtualCamera/Content/WidgetLibrary/VCamTeleport/Structs/VCamTeleportUserSettings.uasset" 734
"../../../Engine/Plugins/VirtualProduction/VirtualCamera/Content/WidgetLibrary/VCamTeleport/Structs/VCamTeleportUserSettings.uexp" 735
"../../../Engine/Plugins/VirtualProduction/VirtualCamera/Content/WidgetLibrary/VCamTeleport/Structs/VCamTeleportStyleSettings.uasset" 736
"../../../Engine/Plugins/VirtualProduction/VirtualCamera/Content/WidgetLibrary/VCamTeleport/Structs/VCamTeleportStyleSettings.uexp" 737
"../../../Engine/Plugins/VirtualProduction/VirtualCamera/Content/WidgetLibrary/VCamTeleport/Interfaces/VCamTeleportStyleInterface.uasset" 738
"../../../Engine/Plugins/VirtualProduction/VirtualCamera/Content/WidgetLibrary/VCamTeleport/Interfaces/VCamTeleportStyleInterface.uexp" 739
"../../../Engine/Plugins/VirtualProduction/VirtualCamera/Content/WidgetLibrary/VCamTeleport/Interfaces/VCamTeleportInterface.uasset" 740
"../../../Engine/Plugins/VirtualProduction/VirtualCamera/Content/WidgetLibrary/VCamTeleport/Interfaces/VCamTeleportInterface.uexp" 741
"../../../Engine/Plugins/VirtualProduction/VirtualCamera/Content/WidgetLibrary/VCamGestureWidget/Dependencies/TwoFingerPressHoldRelease.uasset" 742
"../../../Engine/Plugins/VirtualProduction/VirtualCamera/Content/WidgetLibrary/VCamGestureWidget/Dependencies/TwoFingerPressHoldRelease.uexp" 743
"../../../Engine/Plugins/VirtualProduction/VirtualCamera/Content/WidgetLibrary/VCamGestureWidget/Dependencies/TwoFingerPressHold.uasset" 744
"../../../Engine/Plugins/VirtualProduction/VirtualCamera/Content/WidgetLibrary/VCamGestureWidget/Dependencies/TwoFingerPressHold.uexp" 745
"../../../Engine/Plugins/VirtualProduction/VirtualCamera/Content/Modifiers/TeleportModifier/Input/TeleportRotationOffset.uasset" 746
"../../../Engine/Plugins/VirtualProduction/VirtualCamera/Content/Modifiers/TeleportModifier/Input/TeleportRotationOffset.uexp" 747
"../../../Engine/Plugins/VirtualProduction/VirtualCamera/Content/Modifiers/TeleportModifier/Input/TeleportDistance.uasset" 748
"../../../Engine/Plugins/VirtualProduction/VirtualCamera/Content/Modifiers/TeleportModifier/Input/TeleportDistance.uexp" 749
"../../../Engine/Plugins/VirtualProduction/VirtualCamera/Content/Modifiers/TeleportModifier/Input/Teleport.uasset" 750
"../../../Engine/Plugins/VirtualProduction/VirtualCamera/Content/Modifiers/TeleportModifier/Input/Teleport.uexp" 751
"../../../Engine/Plugins/VirtualProduction/VirtualCamera/Content/Modifiers/TeleportModifier/Input/Aim.uasset" 752
"../../../Engine/Plugins/VirtualProduction/VirtualCamera/Content/Modifiers/TeleportModifier/Input/Aim.uexp" 753
"../../../Engine/Plugins/VirtualProduction/VirtualCamera/Content/Modifiers/TeleportModifier/Input/TeleportModifierInputMappingContext.uasset" 754
"../../../Engine/Plugins/VirtualProduction/VirtualCamera/Content/Modifiers/TeleportModifier/Input/TeleportModifierInputMappingContext.uexp" 755
"../../../Engine/Plugins/VirtualProduction/VirtualCamera/Content/WidgetLibrary/Common/VCamIcons/CameraOrientationBG.uasset" 756
"../../../Engine/Plugins/VirtualProduction/VirtualCamera/Content/WidgetLibrary/Common/VCamIcons/CameraOrientationBG.uexp" 757
"../../../Engine/Plugins/VirtualProduction/VirtualCamera/Content/WidgetLibrary/Common/VCamIcons/CameraOrientationFG.uasset" 758
"../../../Engine/Plugins/VirtualProduction/VirtualCamera/Content/WidgetLibrary/Common/VCamIcons/CameraOrientationFG.uexp" 759
"../../../Engine/Plugins/VirtualProduction/VirtualCamera/Content/WidgetLibrary/VCamTeleport/VCamTeleport.uasset" 760
"../../../Engine/Plugins/VirtualProduction/VirtualCamera/Content/WidgetLibrary/VCamTeleport/VCamTeleport.uexp" 761
"../../../Engine/Plugins/VirtualProduction/VirtualCamera/Content/WidgetLibrary/VCW_AspectRatioMask/Dependencies/AspectRatioMaskStyleSettings.uasset" 762
"../../../Engine/Plugins/VirtualProduction/VirtualCamera/Content/WidgetLibrary/VCW_AspectRatioMask/Dependencies/AspectRatioMaskStyleSettings.uexp" 763
"../../../Engine/Plugins/VirtualProduction/VirtualCamera/Content/WidgetLibrary/VCW_AspectRatioMask/Interfaces/AspectRatioMaskStyleSettings.uasset" 764
"../../../Engine/Plugins/VirtualProduction/VirtualCamera/Content/WidgetLibrary/VCW_AspectRatioMask/Interfaces/AspectRatioMaskStyleSettings.uexp" 765
"../../../Engine/Plugins/VirtualProduction/VirtualCamera/Content/WidgetLibrary/VCW_AspectRatioMask/VCamAspectRatioMask.uasset" 766
"../../../Engine/Plugins/VirtualProduction/VirtualCamera/Content/WidgetLibrary/VCW_AspectRatioMask/VCamAspectRatioMask.uexp" 767
"../../../Engine/Plugins/VirtualProduction/VirtualCamera/Content/WidgetLibrary/VCW_GridOverlay/Dependencies/VCamGridOverlayStyleSettings.uasset" 768
"../../../Engine/Plugins/VirtualProduction/VirtualCamera/Content/WidgetLibrary/VCW_GridOverlay/Dependencies/VCamGridOverlayStyleSettings.uexp" 769
"../../../Engine/Plugins/VirtualProduction/VirtualCamera/Content/WidgetLibrary/VCW_GridOverlay/Interfaces/VCamGridOverlayStyleSettings.uasset" 770
"../../../Engine/Plugins/VirtualProduction/VirtualCamera/Content/WidgetLibrary/VCW_GridOverlay/Interfaces/VCamGridOverlayStyleSettings.uexp" 771
"../../../Engine/Plugins/VirtualProduction/VirtualCamera/Content/WidgetLibrary/VCW_GridOverlay/Dependencies/VCamGridOverlayUserSettings.uasset" 772
"../../../Engine/Plugins/VirtualProduction/VirtualCamera/Content/WidgetLibrary/VCW_GridOverlay/Dependencies/VCamGridOverlayUserSettings.uexp" 773
"../../../Engine/Plugins/VirtualProduction/VirtualCamera/Content/WidgetLibrary/VCW_GridOverlay/Interfaces/VCamGridOverlayUserSettings.uasset" 774
"../../../Engine/Plugins/VirtualProduction/VirtualCamera/Content/WidgetLibrary/VCW_GridOverlay/Interfaces/VCamGridOverlayUserSettings.uexp" 775
"../../../Engine/Plugins/VirtualProduction/VirtualCamera/Content/WidgetLibrary/VCW_GridOverlay/Dependencies/M_GridOverlay.uasset" 776
"../../../Engine/Plugins/VirtualProduction/VirtualCamera/Content/WidgetLibrary/VCW_GridOverlay/Dependencies/M_GridOverlay.uexp" 777
"../../../Engine/Plugins/VirtualProduction/VirtualCamera/Content/WidgetLibrary/VCW_GridOverlay/VCamGridOverlay.uasset" 778
"../../../Engine/Plugins/VirtualProduction/VirtualCamera/Content/WidgetLibrary/VCW_GridOverlay/VCamGridOverlay.uexp" 779
"../../../Engine/Plugins/VirtualProduction/VirtualCamera/Content/WidgetLibrary/VCW_Reticle/Dependencies/ReticleStyleSettings.uasset" 780
"../../../Engine/Plugins/VirtualProduction/VirtualCamera/Content/WidgetLibrary/VCW_Reticle/Dependencies/ReticleStyleSettings.uexp" 781
"../../../Engine/Plugins/VirtualProduction/VirtualCamera/Content/WidgetLibrary/VCW_Reticle/Interfaces/ReticleStyleSettings.uasset" 782
"../../../Engine/Plugins/VirtualProduction/VirtualCamera/Content/WidgetLibrary/VCW_Reticle/Interfaces/ReticleStyleSettings.uexp" 783
"../../../Engine/Plugins/VirtualProduction/VirtualCamera/Content/WidgetLibrary/VCW_Reticle/Dependencies/M_ReticleCircle.uasset" 784
"../../../Engine/Plugins/VirtualProduction/VirtualCamera/Content/WidgetLibrary/VCW_Reticle/Dependencies/M_ReticleCircle.uexp" 785
"../../../Engine/Plugins/VirtualProduction/VirtualCamera/Content/WidgetLibrary/VCW_Reticle/VCamReticle.uasset" 786
"../../../Engine/Plugins/VirtualProduction/VirtualCamera/Content/WidgetLibrary/VCW_Reticle/VCamReticle.uexp" 787
"../../../Engine/Plugins/VirtualProduction/VirtualCamera/Content/VCamHUD.uasset" 788
"../../../Engine/Plugins/VirtualProduction/VirtualCamera/Content/VCamHUD.uexp" 789
"../../../Engine/Plugins/VirtualProduction/VirtualCamera/Content/Modifiers/ZeroOutModifier/Inputs/ZeroToStage.uasset" 790
"../../../Engine/Plugins/VirtualProduction/VirtualCamera/Content/Modifiers/ZeroOutModifier/Inputs/ZeroToStage.uexp" 791
"../../../Engine/Plugins/VirtualProduction/VirtualCamera/Content/Modifiers/ZeroOutModifier/Inputs/ZeroToParent.uasset" 792
"../../../Engine/Plugins/VirtualProduction/VirtualCamera/Content/Modifiers/ZeroOutModifier/Inputs/ZeroToParent.uexp" 793
"../../../Engine/Plugins/VirtualProduction/VirtualCamera/Content/Modifiers/ZeroOutModifier/Inputs/ZeroOutModifierInputMappingContext.uasset" 794
"../../../Engine/Plugins/VirtualProduction/VirtualCamera/Content/Modifiers/ZeroOutModifier/Inputs/ZeroOutModifierInputMappingContext.uexp" 795
"../../../Engine/Plugins/VirtualProduction/VirtualCamera/Content/Modifiers/ZeroOutModifier/ZeroOutModifier.uasset" 796
"../../../Engine/Plugins/VirtualProduction/VirtualCamera/Content/Modifiers/ZeroOutModifier/ZeroOutModifier.uexp" 797
"../../../Engine/Plugins/VirtualProduction/VirtualCamera/Content/Modifiers/VisualizationModifier/M_VCamVisualizationPPM.uasset" 798
"../../../Engine/Plugins/VirtualProduction/VirtualCamera/Content/Modifiers/VisualizationModifier/M_VCamVisualizationPPM.uexp" 799
"../../../Engine/Plugins/VirtualProduction/VirtualCamera/Content/Modifiers/VisualizationModifier/Input/ZebraPatternThreshold.uasset" 800
"../../../Engine/Plugins/VirtualProduction/VirtualCamera/Content/Modifiers/VisualizationModifier/Input/ZebraPatternThreshold.uexp" 801
"../../../Engine/Plugins/VirtualProduction/VirtualCamera/Content/Modifiers/VisualizationModifier/Input/ToggleZebraPattern.uasset" 802
"../../../Engine/Plugins/VirtualProduction/VirtualCamera/Content/Modifiers/VisualizationModifier/Input/ToggleZebraPattern.uexp" 803
"../../../Engine/Plugins/VirtualProduction/VirtualCamera/Content/Modifiers/VisualizationModifier/Input/ToggleGameView.uasset" 804
"../../../Engine/Plugins/VirtualProduction/VirtualCamera/Content/Modifiers/VisualizationModifier/Input/ToggleGameView.uexp" 805
"../../../Engine/Plugins/VirtualProduction/VirtualCamera/Content/Modifiers/VisualizationModifier/Input/ToggleFocusPeaking.uasset" 806
"../../../Engine/Plugins/VirtualProduction/VirtualCamera/Content/Modifiers/VisualizationModifier/Input/ToggleFocusPeaking.uexp" 807
"../../../Engine/Plugins/VirtualProduction/VirtualCamera/Content/Modifiers/VisualizationModifier/Input/VisualizationModifierInputMappingContext.uasset" 808
"../../../Engine/Plugins/VirtualProduction/VirtualCamera/Content/Modifiers/VisualizationModifier/Input/VisualizationModifierInputMappingContext.uexp" 809
"../../../Engine/Plugins/VirtualProduction/VirtualCamera/Content/Modifiers/VisualizationModifier/VisualizationModifier.uasset" 810
"../../../Engine/Plugins/VirtualProduction/VirtualCamera/Content/Modifiers/VisualizationModifier/VisualizationModifier.uexp" 811
"../../../Engine/Plugins/VirtualProduction/VirtualCamera/Content/Common/BPFL_VcamHelperFunctions.uasset" 812
"../../../Engine/Plugins/VirtualProduction/VirtualCamera/Content/Common/BPFL_VcamHelperFunctions.uexp" 813
"../../../Engine/Plugins/VirtualProduction/VirtualCamera/Content/Modifiers/TiltOffsetModifier/Interface/TiltOffsetInterface.uasset" 814
"../../../Engine/Plugins/VirtualProduction/VirtualCamera/Content/Modifiers/TiltOffsetModifier/Interface/TiltOffsetInterface.uexp" 815
"../../../Engine/Plugins/VirtualProduction/VirtualCamera/Content/Modifiers/TiltOffsetModifier/Inputs/ToggleTiltOffset.uasset" 816
"../../../Engine/Plugins/VirtualProduction/VirtualCamera/Content/Modifiers/TiltOffsetModifier/Inputs/ToggleTiltOffset.uexp" 817
"../../../Engine/Plugins/VirtualProduction/VirtualCamera/Content/Modifiers/TiltOffsetModifier/Inputs/TiltOffsetAmount.uasset" 818
"../../../Engine/Plugins/VirtualProduction/VirtualCamera/Content/Modifiers/TiltOffsetModifier/Inputs/TiltOffsetAmount.uexp" 819
"../../../Engine/Plugins/VirtualProduction/VirtualCamera/Content/Modifiers/TiltOffsetModifier/Inputs/TiltOffsetModifierInputMappingContext.uasset" 820
"../../../Engine/Plugins/VirtualProduction/VirtualCamera/Content/Modifiers/TiltOffsetModifier/Inputs/TiltOffsetModifierInputMappingContext.uexp" 821
"../../../Engine/Plugins/VirtualProduction/VirtualCamera/Content/Modifiers/TiltOffsetModifier/TiltOffsetModifier.uasset" 822
"../../../Engine/Plugins/VirtualProduction/VirtualCamera/Content/Modifiers/TiltOffsetModifier/TiltOffsetModifier.uexp" 823
"../../../Engine/Plugins/FX/Niagara/Content/Enums/ENiagara_EmitterStateOptions.uasset" 824
"../../../Engine/Plugins/FX/Niagara/Content/Enums/ENiagara_EmitterStateOptions.uexp" 825
"../../../Engine/Plugins/FX/Niagara/Content/Enums/ENiagara_InfiniteLoopDuration.uasset" 826
"../../../Engine/Plugins/FX/Niagara/Content/Enums/ENiagara_InfiniteLoopDuration.uexp" 827
"../../../Engine/Plugins/FX/Niagara/Content/Enums/ENiagaraEmitterLifeCycleMode.uasset" 828
"../../../Engine/Plugins/FX/Niagara/Content/Enums/ENiagaraEmitterLifeCycleMode.uexp" 829
"../../../Engine/Plugins/FX/Niagara/Content/Enums/ENiagaraEmitterScalabilityMode_Limited.uasset" 830
"../../../Engine/Plugins/FX/Niagara/Content/Enums/ENiagaraEmitterScalabilityMode_Limited.uexp" 831
"../../../Engine/Plugins/FX/Niagara/Content/Enums/ENiagaraInactiveMode.uasset" 832
"../../../Engine/Plugins/FX/Niagara/Content/Enums/ENiagaraInactiveMode.uexp" 833
"../../../Engine/Plugins/FX/Niagara/Content/Enums/ENiagaraSystemInactiveMode.uasset" 834
"../../../Engine/Plugins/FX/Niagara/Content/Enums/ENiagaraSystemInactiveMode.uexp" 835
"../../../Engine/Plugins/FX/Niagara/Content/Icons/Modules/T_Icon_Scalability_Emitter.uasset" 836
"../../../Engine/Plugins/FX/Niagara/Content/Icons/Modules/T_Icon_Scalability_Emitter.uexp" 837
"../../../Engine/Plugins/FX/Niagara/Content/Icons/Modules/T_Icon_Scalability_System.uasset" 838
"../../../Engine/Plugins/FX/Niagara/Content/Icons/Modules/T_Icon_Scalability_System.uexp" 839
"../../../Engine/Plugins/FX/Niagara/Content/Enums/ENiagaraRandomnessMode.uasset" 840
"../../../Engine/Plugins/FX/Niagara/Content/Enums/ENiagaraRandomnessMode.uexp" 841
"../../../Engine/Plugins/FX/Niagara/Content/Enums/ENiagaraRandomnessEvaluation.uasset" 842
"../../../Engine/Plugins/FX/Niagara/Content/Enums/ENiagaraRandomnessEvaluation.uexp" 843
"../../../Engine/Plugins/FX/Niagara/Content/Icons/Modules/T_Icon_Particle_InfiniteLife.uasset" 844
"../../../Engine/Plugins/FX/Niagara/Content/Icons/Modules/T_Icon_Particle_InfiniteLife.uexp" 845
"../../../Engine/Plugins/FX/Niagara/Content/Icons/Modules/T_Icon_Solver_LimitAccel.uasset" 846
"../../../Engine/Plugins/FX/Niagara/Content/Icons/Modules/T_Icon_Solver_LimitAccel.uexp" 847
"../../../Engine/Plugins/FX/Niagara/Content/Icons/Modules/T_Icon_Solver_LimitSpeed.uasset" 848
"../../../Engine/Plugins/FX/Niagara/Content/Icons/Modules/T_Icon_Solver_LimitSpeed.uexp" 849
"../../../Engine/Plugins/FX/Niagara/Content/Icons/Modules/T_Icon_Solver_RotationalSolve.uasset" 850
"../../../Engine/Plugins/FX/Niagara/Content/Icons/Modules/T_Icon_Solver_RotationalSolve.uexp" 851
"../../../Engine/Plugins/FX/Niagara/Content/Enums/ENiagaraTorusDistributionMode.uasset" 852
"../../../Engine/Plugins/FX/Niagara/Content/Enums/ENiagaraTorusDistributionMode.uexp" 853
"../../../Engine/Plugins/FX/Niagara/Content/Enums/ENiagara_UVFlippingMode.uasset" 854
"../../../Engine/Plugins/FX/Niagara/Content/Enums/ENiagara_UVFlippingMode.uexp" 855
"../../../Engine/Plugins/FX/Niagara/Content/Enums/ENiagara_SpriteRotationMode.uasset" 856
"../../../Engine/Plugins/FX/Niagara/Content/Enums/ENiagara_SpriteRotationMode.uexp" 857
"../../../Engine/Plugins/FX/Niagara/Content/Enums/ENiagara_SizeScaleMode.uasset" 858
"../../../Engine/Plugins/FX/Niagara/Content/Enums/ENiagara_SizeScaleMode.uexp" 859
"../../../Engine/Plugins/FX/Niagara/Content/Enums/ENiagara_PositionInitializationMode.uasset" 860
"../../../Engine/Plugins/FX/Niagara/Content/Enums/ENiagara_PositionInitializationMode.uexp" 861
"../../../Engine/Plugins/FX/Niagara/Content/Enums/ENiagara_MassInitializationMode.uasset" 862
"../../../Engine/Plugins/FX/Niagara/Content/Enums/ENiagara_MassInitializationMode.uexp" 863
"../../../Engine/Plugins/FX/Niagara/Content/Enums/ENiagara_LifetimeMode.uasset" 864
"../../../Engine/Plugins/FX/Niagara/Content/Enums/ENiagara_LifetimeMode.uexp" 865
"../../../Engine/Plugins/FX/Niagara/Content/Enums/ENiagara_ColorInitializationMode.uasset" 866
"../../../Engine/Plugins/FX/Niagara/Content/Enums/ENiagara_ColorInitializationMode.uexp" 867
"../../../Engine/Plugins/FX/Niagara/Content/Enums/ENiagara_AttributeSamplingApplyOutput.uasset" 868
"../../../Engine/Plugins/FX/Niagara/Content/Enums/ENiagara_AttributeSamplingApplyOutput.uexp" 869
"../../../Engine/Plugins/FX/Niagara/Content/Enums/ENiagaraSphereDistributionMode.uasset" 870
"../../../Engine/Plugins/FX/Niagara/Content/Enums/ENiagaraSphereDistributionMode.uexp" 871
"../../../Engine/Plugins/FX/Niagara/Content/Enums/ENiagaraShapeTorusMode.uasset" 872
"../../../Engine/Plugins/FX/Niagara/Content/Enums/ENiagaraShapeTorusMode.uexp" 873
"../../../Engine/Plugins/FX/Niagara/Content/Enums/ENiagaraScaleColorMode.uasset" 874
"../../../Engine/Plugins/FX/Niagara/Content/Enums/ENiagaraScaleColorMode.uexp" 875
"../../../Engine/Plugins/FX/Niagara/Content/Enums/ENiagaraChannelCorrelation.uasset" 876
"../../../Engine/Plugins/FX/Niagara/Content/Enums/ENiagaraChannelCorrelation.uexp" 877
"../../../Engine/Plugins/FX/Niagara/Content/Enums/Ribbons/ENiagara_UnsetDirectSet.uasset" 878
"../../../Engine/Plugins/FX/Niagara/Content/Enums/Ribbons/ENiagara_UnsetDirectSet.uexp" 879
"../../../Engine/Plugins/FX/Niagara/Content/Enums/Ribbons/ENiagara_UnsetDirectSetRandom.uasset" 880
"../../../Engine/Plugins/FX/Niagara/Content/Enums/Ribbons/ENiagara_UnsetDirectSetRandom.uexp" 881
"../../../Engine/Plugins/FX/Niagara/Content/Enums/Angles/ENiagara_AngleInput.uasset" 882
"../../../Engine/Plugins/FX/Niagara/Content/Enums/Angles/ENiagara_AngleInput.uexp" 883
"../../../Engine/Plugins/FX/Niagara/Content/Enums/Location/ENiagara_BoxPlaneMode.uasset" 884
"../../../Engine/Plugins/FX/Niagara/Content/Enums/Location/ENiagara_BoxPlaneMode.uexp" 885
"../../../Engine/Plugins/FX/Niagara/Content/Enums/Location/ENiagara_ConeMode.uasset" 886
"../../../Engine/Plugins/FX/Niagara/Content/Enums/Location/ENiagara_ConeMode.uexp" 887
"../../../Engine/Plugins/FX/Niagara/Content/Enums/Location/ENiagara_CylinderMode.uasset" 888
"../../../Engine/Plugins/FX/Niagara/Content/Enums/Location/ENiagara_CylinderMode.uexp" 889
"../../../Engine/Plugins/FX/Niagara/Content/Enums/Location/ENiagara_LocationShapes.uasset" 890
"../../../Engine/Plugins/FX/Niagara/Content/Enums/Location/ENiagara_LocationShapes.uexp" 891
"../../../Engine/Plugins/FX/Niagara/Content/Enums/Location/ENiagaraRingDiscMode.uasset" 892
"../../../Engine/Plugins/FX/Niagara/Content/Enums/Location/ENiagaraRingDiscMode.uexp" 893
"../../../Engine/Plugins/FX/Niagara/Content/Enums/Transforms/ENiagara_OffsetMode.uasset" 894
"../../../Engine/Plugins/FX/Niagara/Content/Enums/Transforms/ENiagara_OffsetMode.uexp" 895
"../../../Engine/Plugins/FX/Niagara/Content/Enums/Transforms/ENiagara_RotationMode.uasset" 896
"../../../Engine/Plugins/FX/Niagara/Content/Enums/Transforms/ENiagara_RotationMode.uexp" 897
"../../../Engine/Plugins/FX/Niagara/Content/Enums/Transforms/ENiagara_ScaleMode.uasset" 898
"../../../Engine/Plugins/FX/Niagara/Content/Enums/Transforms/ENiagara_ScaleMode.uexp" 899
"../../../Engine/Plugins/FX/Niagara/Content/Enums/Transforms/ENiagara_TransformOrder.uasset" 900
"../../../Engine/Plugins/FX/Niagara/Content/Enums/Transforms/ENiagara_TransformOrder.uexp" 901
"../../../Engine/Plugins/FX/Niagara/Content/Enums/Transforms/ENiagara_TransformType.uasset" 902
"../../../Engine/Plugins/FX/Niagara/Content/Enums/Transforms/ENiagara_TransformType.uexp" 903
"../../../Engine/Plugins/FX/Niagara/Content/Enums/Utility/ENiagara_VelocityMode.uasset" 904
"../../../Engine/Plugins/FX/Niagara/Content/Enums/Utility/ENiagara_VelocityMode.uexp" 905
"../../../Engine/Plugins/FX/Niagara/Content/Enums/ENiagaraExpansionMode.uasset" 906
"../../../Engine/Plugins/FX/Niagara/Content/Enums/ENiagaraExpansionMode.uexp" 907
"../../../Engine/Plugins/FX/Niagara/Content/Enums/SpriteRenderer/ENiagara_ScaleSpriteSize.uasset" 908
"../../../Engine/Plugins/FX/Niagara/Content/Enums/SpriteRenderer/ENiagara_ScaleSpriteSize.uexp" 909
"../../../Engine/Plugins/VirtualProduction/VirtualCamera/Content/Common/Materials/MF_IgnoreExposure.uasset" 910
"../../../Engine/Plugins/VirtualProduction/VirtualCamera/Content/Common/Materials/MF_IgnoreExposure.uexp" 911
"../../../Engine/Plugins/VirtualProduction/VirtualCamera/Content/Modifiers/TeleportModifier/Dependencies/M_TeleportUXDisc.uasset" 912
"../../../Engine/Plugins/VirtualProduction/VirtualCamera/Content/Modifiers/TeleportModifier/Dependencies/M_TeleportUXDisc.uexp" 913
"../../../Engine/Plugins/VirtualProduction/VirtualCamera/Content/Modifiers/TeleportModifier/Dependencies/M_TeleportUXBeam.uasset" 914
"../../../Engine/Plugins/VirtualProduction/VirtualCamera/Content/Modifiers/TeleportModifier/Dependencies/M_TeleportUXBeam.uexp" 915
"../../../Engine/Plugins/VirtualProduction/VirtualCamera/Content/Modifiers/TeleportModifier/Dependencies/NS_TeleportUX.uasset" 916
"../../../Engine/Plugins/VirtualProduction/VirtualCamera/Content/Modifiers/TeleportModifier/Dependencies/NS_TeleportUX.uexp" 917
"../../../Engine/Plugins/VirtualProduction/VirtualCamera/Content/Modifiers/TeleportModifier/Dependencies/VCamTeleportUXActor.uasset" 918
"../../../Engine/Plugins/VirtualProduction/VirtualCamera/Content/Modifiers/TeleportModifier/Dependencies/VCamTeleportUXActor.uexp" 919
"../../../Engine/Plugins/VirtualProduction/VirtualCamera/Content/Common/Blueprints/VCamAim/Dependencies/LowPassFilter.uasset" 920
"../../../Engine/Plugins/VirtualProduction/VirtualCamera/Content/Common/Blueprints/VCamAim/Dependencies/LowPassFilter.uexp" 921
"../../../Engine/Plugins/VirtualProduction/VirtualCamera/Content/Common/Blueprints/VCamAim/Dependencies/OneEuroFilter.uasset" 922
"../../../Engine/Plugins/VirtualProduction/VirtualCamera/Content/Common/Blueprints/VCamAim/Dependencies/OneEuroFilter.uexp" 923
"../../../Engine/Plugins/FX/Niagara/Content/DefaultAssets/DefaultSpriteMaterial.uasset" 924
"../../../Engine/Plugins/FX/Niagara/Content/DefaultAssets/DefaultSpriteMaterial.uexp" 925
"../../../Engine/Plugins/VirtualProduction/VirtualCamera/Content/Common/Blueprints/VCamAim/Dependencies/Materials/M_LaserHit.uasset" 926
"../../../Engine/Plugins/VirtualProduction/VirtualCamera/Content/Common/Blueprints/VCamAim/Dependencies/Materials/M_LaserHit.uexp" 927
"../../../Engine/Plugins/VirtualProduction/VirtualCamera/Content/Common/Blueprints/VCamAim/Dependencies/Materials/MI_LaserHit.uasset" 928
"../../../Engine/Plugins/VirtualProduction/VirtualCamera/Content/Common/Blueprints/VCamAim/Dependencies/Materials/MI_LaserHit.uexp" 929
"../../../Engine/Plugins/VirtualProduction/VirtualCamera/Content/Common/Blueprints/VCamAim/Dependencies/Meshes/SM_LaserPointerHit.ubulk" 930
"../../../Engine/Plugins/VirtualProduction/VirtualCamera/Content/Common/Blueprints/VCamAim/Dependencies/Meshes/SM_LaserPointerHit.uasset" 931
"../../../Engine/Plugins/VirtualProduction/VirtualCamera/Content/Common/Blueprints/VCamAim/Dependencies/Meshes/SM_LaserPointerHit.uexp" 932
"../../../Engine/Plugins/VirtualProduction/VirtualCamera/Content/Common/Blueprints/VCamAim/Dependencies/Materials/M_LaserTube.uasset" 933
"../../../Engine/Plugins/VirtualProduction/VirtualCamera/Content/Common/Blueprints/VCamAim/Dependencies/Materials/M_LaserTube.uexp" 934
"../../../Engine/Plugins/VirtualProduction/VirtualCamera/Content/Common/Blueprints/VCamAim/Dependencies/Materials/MI_LaserTube.uasset" 935
"../../../Engine/Plugins/VirtualProduction/VirtualCamera/Content/Common/Blueprints/VCamAim/Dependencies/Materials/MI_LaserTube.uexp" 936
"../../../Engine/Plugins/VirtualProduction/VirtualCamera/Content/Common/Blueprints/VCamAim/Dependencies/NS_AimLaser.uasset" 937
"../../../Engine/Plugins/VirtualProduction/VirtualCamera/Content/Common/Blueprints/VCamAim/Dependencies/NS_AimLaser.uexp" 938
"../../../Engine/Plugins/VirtualProduction/VirtualCamera/Content/Modifiers/TeleportModifier/TeleportModifier.uasset" 939
"../../../Engine/Plugins/VirtualProduction/VirtualCamera/Content/Modifiers/TeleportModifier/TeleportModifier.uexp" 940
"../../../Engine/Plugins/VirtualProduction/VirtualCamera/Content/WidgetLibrary/Common/VCamIcons/UnableToRecord.uasset" 941
"../../../Engine/Plugins/VirtualProduction/VirtualCamera/Content/WidgetLibrary/Common/VCamIcons/UnableToRecord.uexp" 942
"../../../Engine/Plugins/VirtualProduction/VirtualCamera/Content/WidgetLibrary/Common/VCamIcons/Record.uasset" 943
"../../../Engine/Plugins/VirtualProduction/VirtualCamera/Content/WidgetLibrary/Common/VCamIcons/Record.uexp" 944
"../../../Engine/Plugins/VirtualProduction/VirtualCamera/Content/WidgetLibrary/Common/VCamIcons/EndRecord.uasset" 945
"../../../Engine/Plugins/VirtualProduction/VirtualCamera/Content/WidgetLibrary/Common/VCamIcons/EndRecord.uexp" 946
"../../../Engine/Content/EngineMaterials/DefaultDiffuse.ubulk" 947
"../../../Engine/Content/EngineMaterials/DefaultDiffuse.uasset" 948
"../../../Engine/Content/EngineMaterials/DefaultDiffuse.uexp" 949
"../../../Engine/Content/Functions/Engine_MaterialFunctions01/Texturing/TextureCropping.uasset" 950
"../../../Engine/Content/Functions/Engine_MaterialFunctions01/Texturing/TextureCropping.uexp" 951
"../../../Engine/Content/Functions/Engine_MaterialFunctions02/ExampleContent/DebugNumberStrip.uasset" 952
"../../../Engine/Content/Functions/Engine_MaterialFunctions02/ExampleContent/DebugNumberStrip.uexp" 953
"../../../Engine/Plugins/VirtualProduction/VirtualCamera/Content/Modifiers/TakeRecorderModifier/M_CountDown.uasset" 954
"../../../Engine/Plugins/VirtualProduction/VirtualCamera/Content/Modifiers/TakeRecorderModifier/M_CountDown.uexp" 955
"../../../Engine/Plugins/VirtualProduction/VirtualCamera/Content/Modifiers/TakeRecorderModifier/Inputs/ToggleRecording.uasset" 956
"../../../Engine/Plugins/VirtualProduction/VirtualCamera/Content/Modifiers/TakeRecorderModifier/Inputs/ToggleRecording.uexp" 957
"../../../Engine/Plugins/VirtualProduction/VirtualCamera/Content/Modifiers/TakeRecorderModifier/Inputs/StopRecording.uasset" 958
"../../../Engine/Plugins/VirtualProduction/VirtualCamera/Content/Modifiers/TakeRecorderModifier/Inputs/StopRecording.uexp" 959
"../../../Engine/Plugins/VirtualProduction/VirtualCamera/Content/Modifiers/TakeRecorderModifier/Inputs/StartRecording.uasset" 960
"../../../Engine/Plugins/VirtualProduction/VirtualCamera/Content/Modifiers/TakeRecorderModifier/Inputs/StartRecording.uexp" 961
"../../../Engine/Plugins/VirtualProduction/VirtualCamera/Content/Modifiers/TakeRecorderModifier/Inputs/RecordingSpeed.uasset" 962
"../../../Engine/Plugins/VirtualProduction/VirtualCamera/Content/Modifiers/TakeRecorderModifier/Inputs/RecordingSpeed.uexp" 963
"../../../Engine/Plugins/VirtualProduction/VirtualCamera/Content/Modifiers/TakeRecorderModifier/Inputs/IC_TakeRecorder.uasset" 964
"../../../Engine/Plugins/VirtualProduction/VirtualCamera/Content/Modifiers/TakeRecorderModifier/Inputs/IC_TakeRecorder.uexp" 965
"../../../Engine/Plugins/VirtualProduction/VirtualCamera/Content/Modifiers/MultiUserModifier/Interfaces/ReplicationSuspendableInterface.uasset" 966
"../../../Engine/Plugins/VirtualProduction/VirtualCamera/Content/Modifiers/MultiUserModifier/Interfaces/ReplicationSuspendableInterface.uexp" 967
"../../../Engine/Plugins/VirtualProduction/VirtualCamera/Content/Modifiers/PhotoModifier/Interfaces/VCamPhotoActorInterface.uasset" 968
"../../../Engine/Plugins/VirtualProduction/VirtualCamera/Content/Modifiers/PhotoModifier/Interfaces/VCamPhotoActorInterface.uexp" 969
"../../../Engine/Plugins/VirtualProduction/VirtualCamera/Content/Modifiers/StabilizationModifier/Inputs/SetRotationStabilization.uasset" 970
"../../../Engine/Plugins/VirtualProduction/VirtualCamera/Content/Modifiers/StabilizationModifier/Inputs/SetRotationStabilization.uexp" 971
"../../../Engine/Plugins/VirtualProduction/VirtualCamera/Content/Modifiers/StabilizationModifier/Inputs/SetLocationStabilization.uasset" 972
"../../../Engine/Plugins/VirtualProduction/VirtualCamera/Content/Modifiers/StabilizationModifier/Inputs/SetLocationStabilization.uexp" 973
"../../../Engine/Plugins/VirtualProduction/VirtualCamera/Content/Modifiers/StabilizationModifier/Inputs/StabilizationModifierInputMappingContext.uasset" 974
"../../../Engine/Plugins/VirtualProduction/VirtualCamera/Content/Modifiers/StabilizationModifier/Inputs/StabilizationModifierInputMappingContext.uexp" 975
"../../../Engine/Plugins/VirtualProduction/VirtualCamera/Content/Modifiers/StabilizationModifier/StabilizationModifier.uasset" 976
"../../../Engine/Plugins/VirtualProduction/VirtualCamera/Content/Modifiers/StabilizationModifier/StabilizationModifier.uexp" 977
"../../../Engine/Plugins/VirtualProduction/VirtualCamera/Content/Modifiers/SequencerModifier/Inputs/ToPlaybackStart.uasset" 978
"../../../Engine/Plugins/VirtualProduction/VirtualCamera/Content/Modifiers/SequencerModifier/Inputs/ToPlaybackStart.uexp" 979
"../../../Engine/Plugins/VirtualProduction/VirtualCamera/Content/Modifiers/SequencerModifier/Inputs/ToPlaybackEnd.uasset" 980
"../../../Engine/Plugins/VirtualProduction/VirtualCamera/Content/Modifiers/SequencerModifier/Inputs/ToPlaybackEnd.uexp" 981
"../../../Engine/Plugins/VirtualProduction/VirtualCamera/Content/Modifiers/SequencerModifier/Inputs/TogglePlayPause.uasset" 982
"../../../Engine/Plugins/VirtualProduction/VirtualCamera/Content/Modifiers/SequencerModifier/Inputs/TogglePlayPause.uexp" 983
"../../../Engine/Plugins/VirtualProduction/VirtualCamera/Content/Modifiers/SequencerModifier/Inputs/SetSequenceFrameNormalized.uasset" 984
"../../../Engine/Plugins/VirtualProduction/VirtualCamera/Content/Modifiers/SequencerModifier/Inputs/SetSequenceFrameNormalized.uexp" 985
"../../../Engine/Plugins/VirtualProduction/VirtualCamera/Content/Modifiers/SequencerModifier/Inputs/SetScrubSpeed.uasset" 986
"../../../Engine/Plugins/VirtualProduction/VirtualCamera/Content/Modifiers/SequencerModifier/Inputs/SetScrubSpeed.uexp" 987
"../../../Engine/Plugins/VirtualProduction/VirtualCamera/Content/Modifiers/SequencerModifier/Inputs/PreviousFrame.uasset" 988
"../../../Engine/Plugins/VirtualProduction/VirtualCamera/Content/Modifiers/SequencerModifier/Inputs/PreviousFrame.uexp" 989
"../../../Engine/Plugins/VirtualProduction/VirtualCamera/Content/Modifiers/SequencerModifier/Inputs/PlaybackSpeed.uasset" 990
"../../../Engine/Plugins/VirtualProduction/VirtualCamera/Content/Modifiers/SequencerModifier/Inputs/PlaybackSpeed.uexp" 991
"../../../Engine/Plugins/VirtualProduction/VirtualCamera/Content/Modifiers/SequencerModifier/Inputs/NextFrame.uasset" 992
"../../../Engine/Plugins/VirtualProduction/VirtualCamera/Content/Modifiers/SequencerModifier/Inputs/NextFrame.uexp" 993
"../../../Engine/Plugins/VirtualProduction/VirtualCamera/Content/Modifiers/SequencerModifier/Inputs/JumpToPreviousKey.uasset" 994
"../../../Engine/Plugins/VirtualProduction/VirtualCamera/Content/Modifiers/SequencerModifier/Inputs/JumpToPreviousKey.uexp" 995
"../../../Engine/Plugins/VirtualProduction/VirtualCamera/Content/Modifiers/SequencerModifier/Inputs/JumpToNextKey.uasset" 996
"../../../Engine/Plugins/VirtualProduction/VirtualCamera/Content/Modifiers/SequencerModifier/Inputs/JumpToNextKey.uexp" 997
"../../../Engine/Plugins/VirtualProduction/VirtualCamera/Content/Modifiers/SequencerModifier/Inputs/ToggleLoop.uasset" 998
"../../../Engine/Plugins/VirtualProduction/VirtualCamera/Content/Modifiers/SequencerModifier/Inputs/ToggleLoop.uexp" 999
"../../../Engine/Plugins/VirtualProduction/VirtualCamera/Content/Modifiers/SequencerModifier/Inputs/SequencerModifierInputMappingContext.uasset" 1000
"../../../Engine/Plugins/VirtualProduction/VirtualCamera/Content/Modifiers/SequencerModifier/Inputs/SequencerModifierInputMappingContext.uexp" 1001
"../../../Engine/Plugins/VirtualProduction/VirtualCamera/Content/Modifiers/SensorCorrectionModifier/Input/ToggleSensorCorrection.uasset" 1002
"../../../Engine/Plugins/VirtualProduction/VirtualCamera/Content/Modifiers/SensorCorrectionModifier/Input/ToggleSensorCorrection.uexp" 1003
"../../../Engine/Plugins/VirtualProduction/VirtualCamera/Content/Modifiers/SensorCorrectionModifier/Input/SensorCorrectionModifierInputMappingContext.uasset" 1004
"../../../Engine/Plugins/VirtualProduction/VirtualCamera/Content/Modifiers/SensorCorrectionModifier/Input/SensorCorrectionModifierInputMappingContext.uexp" 1005
"../../../Engine/Plugins/VirtualProduction/VirtualCamera/Content/Modifiers/SensorCorrectionModifier/SensorCorrectionModifier.uasset" 1006
"../../../Engine/Plugins/VirtualProduction/VirtualCamera/Content/Modifiers/SensorCorrectionModifier/SensorCorrectionModifier.uexp" 1007
"../../../Engine/Plugins/VirtualProduction/VirtualCamera/Content/Modifiers/PhotoModifier/Enum/VCamPhotoSizeSettings.uasset" 1008
"../../../Engine/Plugins/VirtualProduction/VirtualCamera/Content/Modifiers/PhotoModifier/Enum/VCamPhotoSizeSettings.uexp" 1009
"../../../Engine/Plugins/VirtualProduction/VirtualCamera/Content/Modifiers/PhotoModifier/Dependencies/RT_VCamPhoto_tmp.uasset" 1010
"../../../Engine/Plugins/VirtualProduction/VirtualCamera/Content/Modifiers/PhotoModifier/Dependencies/RT_VCamPhoto_tmp.uexp" 1011
"../../../Engine/Plugins/VirtualProduction/VirtualCamera/Content/Modifiers/PhotoModifier/Dependencies/PPM_VCamPhotoAlphaInvert.uasset" 1012
"../../../Engine/Plugins/VirtualProduction/VirtualCamera/Content/Modifiers/PhotoModifier/Dependencies/PPM_VCamPhotoAlphaInvert.uexp" 1013
"../../../Engine/Plugins/VirtualProduction/VirtualCamera/Content/Modifiers/BookmarkModifier/Input/ToggleShouldLoadCameraParamsFromBookmark.uasset" 1014
"../../../Engine/Plugins/VirtualProduction/VirtualCamera/Content/Modifiers/BookmarkModifier/Input/ToggleShouldLoadCameraParamsFromBookmark.uexp" 1015
"../../../Engine/Plugins/VirtualProduction/VirtualCamera/Content/Modifiers/BookmarkModifier/Input/PreviousBookmark.uasset" 1016
"../../../Engine/Plugins/VirtualProduction/VirtualCamera/Content/Modifiers/BookmarkModifier/Input/PreviousBookmark.uexp" 1017
"../../../Engine/Plugins/VirtualProduction/VirtualCamera/Content/Modifiers/BookmarkModifier/Input/NextBookmark.uasset" 1018
"../../../Engine/Plugins/VirtualProduction/VirtualCamera/Content/Modifiers/BookmarkModifier/Input/NextBookmark.uexp" 1019
"../../../Engine/Plugins/VirtualProduction/VirtualCamera/Content/Modifiers/BookmarkModifier/Input/DeleteCurrentBookmark.uasset" 1020
"../../../Engine/Plugins/VirtualProduction/VirtualCamera/Content/Modifiers/BookmarkModifier/Input/DeleteCurrentBookmark.uexp" 1021
"../../../Engine/Plugins/VirtualProduction/VirtualCamera/Content/Modifiers/BookmarkModifier/Input/CurrentBookmark.uasset" 1022
"../../../Engine/Plugins/VirtualProduction/VirtualCamera/Content/Modifiers/BookmarkModifier/Input/CurrentBookmark.uexp" 1023
"../../../Engine/Plugins/VirtualProduction/VirtualCamera/Content/Modifiers/BookmarkModifier/Input/BookmarkModifierInputMappingContext.uasset" 1024
"../../../Engine/Plugins/VirtualProduction/VirtualCamera/Content/Modifiers/BookmarkModifier/Input/BookmarkModifierInputMappingContext.uexp" 1025
"../../../Engine/Plugins/VirtualProduction/VirtualCamera/Content/WidgetLibrary/Common/VCamIcons/Icon_SpringArm.uasset" 1026
"../../../Engine/Plugins/VirtualProduction/VirtualCamera/Content/WidgetLibrary/Common/VCamIcons/Icon_SpringArm.uexp" 1027
"../../../Engine/Plugins/VirtualProduction/VirtualCamera/Content/WidgetLibrary/Common/VCamIcons/IconTruckLock.uasset" 1028
"../../../Engine/Plugins/VirtualProduction/VirtualCamera/Content/WidgetLibrary/Common/VCamIcons/IconTruckLock.uexp" 1029
"../../../Engine/Plugins/VirtualProduction/VirtualCamera/Content/WidgetLibrary/Common/VCamIcons/IconTiltLock.uasset" 1030
"../../../Engine/Plugins/VirtualProduction/VirtualCamera/Content/WidgetLibrary/Common/VCamIcons/IconTiltLock.uexp" 1031
"../../../Engine/Plugins/VirtualProduction/VirtualCamera/Content/WidgetLibrary/Common/VCamIcons/IconRollLock.uasset" 1032
"../../../Engine/Plugins/VirtualProduction/VirtualCamera/Content/WidgetLibrary/Common/VCamIcons/IconRollLock.uexp" 1033
"../../../Engine/Plugins/VirtualProduction/VirtualCamera/Content/WidgetLibrary/Common/VCamIcons/IconPanLock.uasset" 1034
"../../../Engine/Plugins/VirtualProduction/VirtualCamera/Content/WidgetLibrary/Common/VCamIcons/IconPanLock.uexp" 1035
"../../../Engine/Plugins/VirtualProduction/VirtualCamera/Content/WidgetLibrary/Common/VCamIcons/IconDollyLock.uasset" 1036
"../../../Engine/Plugins/VirtualProduction/VirtualCamera/Content/WidgetLibrary/Common/VCamIcons/IconDollyLock.uexp" 1037
"../../../Engine/Plugins/VirtualProduction/VirtualCamera/Content/WidgetLibrary/Common/VCamIcons/IconCraneLock.uasset" 1038
"../../../Engine/Plugins/VirtualProduction/VirtualCamera/Content/WidgetLibrary/Common/VCamIcons/IconCraneLock.uexp" 1039
"../../../Engine/Plugins/VirtualProduction/VirtualCamera/Content/Modifiers/ParentModifier/InheritanceFilterState.uasset" 1040
"../../../Engine/Plugins/VirtualProduction/VirtualCamera/Content/Modifiers/ParentModifier/InheritanceFilterState.uexp" 1041
"../../../Engine/Plugins/VirtualProduction/VirtualCamera/Content/Modifiers/ParentModifier/InheritanceFilterElement.uasset" 1042
"../../../Engine/Plugins/VirtualProduction/VirtualCamera/Content/Modifiers/ParentModifier/InheritanceFilterElement.uexp" 1043
"../../../Engine/Plugins/VirtualProduction/VirtualCamera/Content/Modifiers/ParentModifier/Input/ToggleSpring.uasset" 1044
"../../../Engine/Plugins/VirtualProduction/VirtualCamera/Content/Modifiers/ParentModifier/Input/ToggleSpring.uexp" 1045
"../../../Engine/Plugins/VirtualProduction/VirtualCamera/Content/Modifiers/ParentModifier/Input/ToggleParent.uasset" 1046
"../../../Engine/Plugins/VirtualProduction/VirtualCamera/Content/Modifiers/ParentModifier/Input/ToggleParent.uexp" 1047
"../../../Engine/Plugins/VirtualProduction/VirtualCamera/Content/Modifiers/ParentModifier/Input/SetCurrentParent.uasset" 1048
"../../../Engine/Plugins/VirtualProduction/VirtualCamera/Content/Modifiers/ParentModifier/Input/SetCurrentParent.uexp" 1049
"../../../Engine/Plugins/VirtualProduction/VirtualCamera/Content/Modifiers/ParentModifier/Input/ParentModifierInputMappingContext.uasset" 1050
"../../../Engine/Plugins/VirtualProduction/VirtualCamera/Content/Modifiers/ParentModifier/Input/ParentModifierInputMappingContext.uexp" 1051
"../../../Engine/Plugins/VirtualProduction/VirtualCamera/Content/Modifiers/ParentModifier/ParentModifier.uasset" 1052
"../../../Engine/Plugins/VirtualProduction/VirtualCamera/Content/Modifiers/ParentModifier/ParentModifier.uexp" 1053
"../../../Engine/Plugins/VirtualProduction/VirtualCamera/Content/Modifiers/MultiUserModifier/EAuthorityOwner.uasset" 1054
"../../../Engine/Plugins/VirtualProduction/VirtualCamera/Content/Modifiers/MultiUserModifier/EAuthorityOwner.uexp" 1055
"../../../Engine/Plugins/VirtualProduction/VirtualCamera/Content/Modifiers/MultiUserModifier/Inputs/ToggleReplication.uasset" 1056
"../../../Engine/Plugins/VirtualProduction/VirtualCamera/Content/Modifiers/MultiUserModifier/Inputs/ToggleReplication.uexp" 1057
"../../../Engine/Plugins/VirtualProduction/VirtualCamera/Content/Modifiers/MultiUserModifier/Inputs/StartReplication.uasset" 1058
"../../../Engine/Plugins/VirtualProduction/VirtualCamera/Content/Modifiers/MultiUserModifier/Inputs/StartReplication.uexp" 1059
"../../../Engine/Plugins/VirtualProduction/VirtualCamera/Content/Modifiers/MultiUserModifier/Inputs/MultiUserModifierInputMappingContext.uasset" 1060
"../../../Engine/Plugins/VirtualProduction/VirtualCamera/Content/Modifiers/MultiUserModifier/Inputs/MultiUserModifierInputMappingContext.uexp" 1061
"../../../Engine/Plugins/VirtualProduction/VirtualCamera/Content/WidgetLibrary/VCW_Reticle/Dependencies/M_ReticleSplitCircle.uasset" 1062
"../../../Engine/Plugins/VirtualProduction/VirtualCamera/Content/WidgetLibrary/VCW_Reticle/Dependencies/M_ReticleSplitCircle.uexp" 1063
"../../../Engine/Plugins/VirtualProduction/VirtualCamera/Content/WidgetLibrary/VCW_Reticle/Dependencies/M_ReticleNone.uasset" 1064
"../../../Engine/Plugins/VirtualProduction/VirtualCamera/Content/WidgetLibrary/VCW_Reticle/Dependencies/M_ReticleNone.uexp" 1065
"../../../Engine/Plugins/VirtualProduction/VirtualCamera/Content/WidgetLibrary/VCW_Reticle/Dependencies/M_ReticleDot.uasset" 1066
"../../../Engine/Plugins/VirtualProduction/VirtualCamera/Content/WidgetLibrary/VCW_Reticle/Dependencies/M_ReticleDot.uexp" 1067
"../../../Engine/Plugins/VirtualProduction/VirtualCamera/Content/WidgetLibrary/VCW_Reticle/Dependencies/M_ReticleCross.uasset" 1068
"../../../Engine/Plugins/VirtualProduction/VirtualCamera/Content/WidgetLibrary/VCW_Reticle/Dependencies/M_ReticleCross.uexp" 1069
"../../../Engine/Plugins/VirtualProduction/VirtualCamera/Content/WidgetLibrary/VCW_GridOverlay/Dependencies/VCamGridOverlayOptions.uasset" 1070
"../../../Engine/Plugins/VirtualProduction/VirtualCamera/Content/WidgetLibrary/VCW_GridOverlay/Dependencies/VCamGridOverlayOptions.uexp" 1071
"../../../Engine/Plugins/VirtualProduction/VirtualCamera/Content/WidgetLibrary/VCW_GridOverlay/Dependencies/M_SafeZones.uasset" 1072
"../../../Engine/Plugins/VirtualProduction/VirtualCamera/Content/WidgetLibrary/VCW_GridOverlay/Dependencies/M_SafeZones.uexp" 1073
"../../../Engine/Plugins/VirtualProduction/VirtualCamera/Content/WidgetLibrary/VCW_AspectRatioMask/Dependencies/AspectRatioOptions.uasset" 1074
"../../../Engine/Plugins/VirtualProduction/VirtualCamera/Content/WidgetLibrary/VCW_AspectRatioMask/Dependencies/AspectRatioOptions.uexp" 1075
"../../../Engine/Plugins/VirtualProduction/VirtualCamera/Content/Modifiers/MaskAndOverlayModifier/Input/ReticleOpacityAxis.uasset" 1076
"../../../Engine/Plugins/VirtualProduction/VirtualCamera/Content/Modifiers/MaskAndOverlayModifier/Input/ReticleOpacityAxis.uexp" 1077
"../../../Engine/Plugins/VirtualProduction/VirtualCamera/Content/Modifiers/MaskAndOverlayModifier/Input/Reticle.uasset" 1078
"../../../Engine/Plugins/VirtualProduction/VirtualCamera/Content/Modifiers/MaskAndOverlayModifier/Input/Reticle.uexp" 1079
"../../../Engine/Plugins/VirtualProduction/VirtualCamera/Content/Modifiers/MaskAndOverlayModifier/Input/PreviousReticle.uasset" 1080
"../../../Engine/Plugins/VirtualProduction/VirtualCamera/Content/Modifiers/MaskAndOverlayModifier/Input/PreviousReticle.uexp" 1081
"../../../Engine/Plugins/VirtualProduction/VirtualCamera/Content/Modifiers/MaskAndOverlayModifier/Input/PreviousOverlay.uasset" 1082
"../../../Engine/Plugins/VirtualProduction/VirtualCamera/Content/Modifiers/MaskAndOverlayModifier/Input/PreviousOverlay.uexp" 1083
"../../../Engine/Plugins/VirtualProduction/VirtualCamera/Content/Modifiers/MaskAndOverlayModifier/Input/OverlaySelection.uasset" 1084
"../../../Engine/Plugins/VirtualProduction/VirtualCamera/Content/Modifiers/MaskAndOverlayModifier/Input/OverlaySelection.uexp" 1085
"../../../Engine/Plugins/VirtualProduction/VirtualCamera/Content/Modifiers/MaskAndOverlayModifier/Input/OverlayOpacityAxis.uasset" 1086
"../../../Engine/Plugins/VirtualProduction/VirtualCamera/Content/Modifiers/MaskAndOverlayModifier/Input/OverlayOpacityAxis.uexp" 1087
"../../../Engine/Plugins/VirtualProduction/VirtualCamera/Content/Modifiers/MaskAndOverlayModifier/Input/OverlayMaterial.uasset" 1088
"../../../Engine/Plugins/VirtualProduction/VirtualCamera/Content/Modifiers/MaskAndOverlayModifier/Input/OverlayMaterial.uexp" 1089
"../../../Engine/Plugins/VirtualProduction/VirtualCamera/Content/Modifiers/MaskAndOverlayModifier/Input/Overlay.uasset" 1090
"../../../Engine/Plugins/VirtualProduction/VirtualCamera/Content/Modifiers/MaskAndOverlayModifier/Input/Overlay.uexp" 1091
"../../../Engine/Plugins/VirtualProduction/VirtualCamera/Content/Modifiers/MaskAndOverlayModifier/Input/NextReticle.uasset" 1092
"../../../Engine/Plugins/VirtualProduction/VirtualCamera/Content/Modifiers/MaskAndOverlayModifier/Input/NextReticle.uexp" 1093
"../../../Engine/Plugins/VirtualProduction/VirtualCamera/Content/Modifiers/MaskAndOverlayModifier/Input/NextOverlay.uasset" 1094
"../../../Engine/Plugins/VirtualProduction/VirtualCamera/Content/Modifiers/MaskAndOverlayModifier/Input/NextOverlay.uexp" 1095
"../../../Engine/Plugins/VirtualProduction/VirtualCamera/Content/Modifiers/MaskAndOverlayModifier/Input/CustomAspectRatio.uasset" 1096
"../../../Engine/Plugins/VirtualProduction/VirtualCamera/Content/Modifiers/MaskAndOverlayModifier/Input/CustomAspectRatio.uexp" 1097
"../../../Engine/Plugins/VirtualProduction/VirtualCamera/Content/Modifiers/MaskAndOverlayModifier/Input/MaskAndOverlayMappingContext.uasset" 1098
"../../../Engine/Plugins/VirtualProduction/VirtualCamera/Content/Modifiers/MaskAndOverlayModifier/Input/MaskAndOverlayMappingContext.uexp" 1099
"../../../Engine/Plugins/VirtualProduction/VirtualCamera/Content/Modifiers/MaskAndOverlayModifier/Dependencies/OverlaySelection.uasset" 1100
"../../../Engine/Plugins/VirtualProduction/VirtualCamera/Content/Modifiers/MaskAndOverlayModifier/Dependencies/OverlaySelection.uexp" 1101
"../../../Engine/Plugins/VirtualProduction/VirtualCamera/Content/Modifiers/MaskAndOverlayModifier/MaskAndOverlayModifier.uasset" 1102
"../../../Engine/Plugins/VirtualProduction/VirtualCamera/Content/Modifiers/MaskAndOverlayModifier/MaskAndOverlayModifier.uexp" 1103
"../../../Engine/Plugins/VirtualProduction/VirtualCamera/Content/WidgetLibrary/VCamGestureWidget/Dependencies/PinchToZoom.uasset" 1104
"../../../Engine/Plugins/VirtualProduction/VirtualCamera/Content/WidgetLibrary/VCamGestureWidget/Dependencies/PinchToZoom.uexp" 1105
"../../../Engine/Plugins/VirtualProduction/VirtualCamera/Content/WidgetLibrary/VCamGestureWidget/Dependencies/DoubleTapHold.uasset" 1106
"../../../Engine/Plugins/VirtualProduction/VirtualCamera/Content/WidgetLibrary/VCamGestureWidget/Dependencies/DoubleTapHold.uexp" 1107
"../../../Engine/Plugins/VirtualProduction/VirtualCamera/Content/WidgetLibrary/VCamGestureWidget/Dependencies/DoubleTap.uasset" 1108
"../../../Engine/Plugins/VirtualProduction/VirtualCamera/Content/WidgetLibrary/VCamGestureWidget/Dependencies/DoubleTap.uexp" 1109
"../../../Engine/Plugins/VirtualProduction/VirtualCamera/Content/WidgetLibrary/Common/VCamIcons/IconAutoFocus.uasset" 1110
"../../../Engine/Plugins/VirtualProduction/VirtualCamera/Content/WidgetLibrary/Common/VCamIcons/IconAutoFocus.uexp" 1111
"../../../Engine/Plugins/VirtualProduction/VirtualCamera/Content/Modifiers/LensModifier/FocalLengthGestureCurve.uasset" 1112
"../../../Engine/Plugins/VirtualProduction/VirtualCamera/Content/Modifiers/LensModifier/FocalLengthGestureCurve.uexp" 1113
"../../../Engine/Plugins/VirtualProduction/VirtualCamera/Content/Modifiers/LensModifier/Inputs/ToggleFocusMode.uasset" 1114
"../../../Engine/Plugins/VirtualProduction/VirtualCamera/Content/Modifiers/LensModifier/Inputs/ToggleFocusMode.uexp" 1115
"../../../Engine/Plugins/VirtualProduction/VirtualCamera/Content/Modifiers/LensModifier/Inputs/StopUp.uasset" 1116
"../../../Engine/Plugins/VirtualProduction/VirtualCamera/Content/Modifiers/LensModifier/Inputs/StopUp.uexp" 1117
"../../../Engine/Plugins/VirtualProduction/VirtualCamera/Content/Modifiers/LensModifier/Inputs/StopDown.uasset" 1118
"../../../Engine/Plugins/VirtualProduction/VirtualCamera/Content/Modifiers/LensModifier/Inputs/StopDown.uexp" 1119
"../../../Engine/Plugins/VirtualProduction/VirtualCamera/Content/Modifiers/LensModifier/Inputs/ShutterSpeed.uasset" 1120
"../../../Engine/Plugins/VirtualProduction/VirtualCamera/Content/Modifiers/LensModifier/Inputs/ShutterSpeed.uexp" 1121
"../../../Engine/Plugins/VirtualProduction/VirtualCamera/Content/Modifiers/LensModifier/Inputs/PreviousShutterSpeed.uasset" 1122
"../../../Engine/Plugins/VirtualProduction/VirtualCamera/Content/Modifiers/LensModifier/Inputs/PreviousShutterSpeed.uexp" 1123
"../../../Engine/Plugins/VirtualProduction/VirtualCamera/Content/Modifiers/LensModifier/Inputs/PreviousLens.uasset" 1124
"../../../Engine/Plugins/VirtualProduction/VirtualCamera/Content/Modifiers/LensModifier/Inputs/PreviousLens.uexp" 1125
"../../../Engine/Plugins/VirtualProduction/VirtualCamera/Content/Modifiers/LensModifier/Inputs/PreviousISO.uasset" 1126
"../../../Engine/Plugins/VirtualProduction/VirtualCamera/Content/Modifiers/LensModifier/Inputs/PreviousISO.uexp" 1127
"../../../Engine/Plugins/VirtualProduction/VirtualCamera/Content/Modifiers/LensModifier/Inputs/PickActorToTrack.uasset" 1128
"../../../Engine/Plugins/VirtualProduction/VirtualCamera/Content/Modifiers/LensModifier/Inputs/PickActorToTrack.uexp" 1129
"../../../Engine/Plugins/VirtualProduction/VirtualCamera/Content/Modifiers/LensModifier/Inputs/NextShutterSpeed.uasset" 1130
"../../../Engine/Plugins/VirtualProduction/VirtualCamera/Content/Modifiers/LensModifier/Inputs/NextShutterSpeed.uexp" 1131
"../../../Engine/Plugins/VirtualProduction/VirtualCamera/Content/Modifiers/LensModifier/Inputs/NextLens.uasset" 1132
"../../../Engine/Plugins/VirtualProduction/VirtualCamera/Content/Modifiers/LensModifier/Inputs/NextLens.uexp" 1133
"../../../Engine/Plugins/VirtualProduction/VirtualCamera/Content/Modifiers/LensModifier/Inputs/NextISO.uasset" 1134
"../../../Engine/Plugins/VirtualProduction/VirtualCamera/Content/Modifiers/LensModifier/Inputs/NextISO.uexp" 1135
"../../../Engine/Plugins/VirtualProduction/VirtualCamera/Content/Modifiers/LensModifier/Inputs/Lens.uasset" 1136
"../../../Engine/Plugins/VirtualProduction/VirtualCamera/Content/Modifiers/LensModifier/Inputs/Lens.uexp" 1137
"../../../Engine/Plugins/VirtualProduction/VirtualCamera/Content/Modifiers/LensModifier/Inputs/ISO.uasset" 1138
"../../../Engine/Plugins/VirtualProduction/VirtualCamera/Content/Modifiers/LensModifier/Inputs/ISO.uexp" 1139
"../../../Engine/Plugins/VirtualProduction/VirtualCamera/Content/Modifiers/LensModifier/Inputs/Iris.uasset" 1140
"../../../Engine/Plugins/VirtualProduction/VirtualCamera/Content/Modifiers/LensModifier/Inputs/Iris.uexp" 1141
"../../../Engine/Plugins/VirtualProduction/VirtualCamera/Content/Modifiers/LensModifier/Inputs/FocusPlane.uasset" 1142
"../../../Engine/Plugins/VirtualProduction/VirtualCamera/Content/Modifiers/LensModifier/Inputs/FocusPlane.uexp" 1143
"../../../Engine/Plugins/VirtualProduction/VirtualCamera/Content/Modifiers/LensModifier/Inputs/FocusMethod.uasset" 1144
"../../../Engine/Plugins/VirtualProduction/VirtualCamera/Content/Modifiers/LensModifier/Inputs/FocusMethod.uexp" 1145
"../../../Engine/Plugins/VirtualProduction/VirtualCamera/Content/Modifiers/LensModifier/Inputs/FocusDistanceUp.uasset" 1146
"../../../Engine/Plugins/VirtualProduction/VirtualCamera/Content/Modifiers/LensModifier/Inputs/FocusDistanceUp.uexp" 1147
"../../../Engine/Plugins/VirtualProduction/VirtualCamera/Content/Modifiers/LensModifier/Inputs/FocusDistanceDown.uasset" 1148
"../../../Engine/Plugins/VirtualProduction/VirtualCamera/Content/Modifiers/LensModifier/Inputs/FocusDistanceDown.uexp" 1149
"../../../Engine/Plugins/VirtualProduction/VirtualCamera/Content/Modifiers/LensModifier/Inputs/FocusDistanceAxis.uasset" 1150
"../../../Engine/Plugins/VirtualProduction/VirtualCamera/Content/Modifiers/LensModifier/Inputs/FocusDistanceAxis.uexp" 1151
"../../../Engine/Plugins/VirtualProduction/VirtualCamera/Content/Modifiers/LensModifier/Inputs/FocusDistance.uasset" 1152
"../../../Engine/Plugins/VirtualProduction/VirtualCamera/Content/Modifiers/LensModifier/Inputs/FocusDistance.uexp" 1153
"../../../Engine/Plugins/VirtualProduction/VirtualCamera/Content/Modifiers/LensModifier/Inputs/FocalLengthUp.uasset" 1154
"../../../Engine/Plugins/VirtualProduction/VirtualCamera/Content/Modifiers/LensModifier/Inputs/FocalLengthUp.uexp" 1155
"../../../Engine/Plugins/VirtualProduction/VirtualCamera/Content/Modifiers/LensModifier/Inputs/FocalLengthPrecision.uasset" 1156
"../../../Engine/Plugins/VirtualProduction/VirtualCamera/Content/Modifiers/LensModifier/Inputs/FocalLengthPrecision.uexp" 1157
"../../../Engine/Plugins/VirtualProduction/VirtualCamera/Content/Modifiers/LensModifier/Inputs/ExposureCompensation.uasset" 1158
"../../../Engine/Plugins/VirtualProduction/VirtualCamera/Content/Modifiers/LensModifier/Inputs/ExposureCompensation.uexp" 1159
"../../../Engine/Plugins/VirtualProduction/VirtualCamera/Content/Modifiers/LensModifier/Inputs/ExposureCompensationReset.uasset" 1160
"../../../Engine/Plugins/VirtualProduction/VirtualCamera/Content/Modifiers/LensModifier/Inputs/ExposureCompensationReset.uexp" 1161
"../../../Engine/Plugins/VirtualProduction/VirtualCamera/Content/Modifiers/LensModifier/Inputs/FocalLength.uasset" 1162
"../../../Engine/Plugins/VirtualProduction/VirtualCamera/Content/Modifiers/LensModifier/Inputs/FocalLength.uexp" 1163
"../../../Engine/Plugins/VirtualProduction/VirtualCamera/Content/Modifiers/LensModifier/Inputs/FocalLengthAxis.uasset" 1164
"../../../Engine/Plugins/VirtualProduction/VirtualCamera/Content/Modifiers/LensModifier/Inputs/FocalLengthAxis.uexp" 1165
"../../../Engine/Plugins/VirtualProduction/VirtualCamera/Content/Modifiers/LensModifier/Inputs/FocalLengthDown.uasset" 1166
"../../../Engine/Plugins/VirtualProduction/VirtualCamera/Content/Modifiers/LensModifier/Inputs/FocalLengthDown.uexp" 1167
"../../../Engine/Plugins/VirtualProduction/VirtualCamera/Content/Modifiers/LensModifier/Inputs/TrackedActorLabel.uasset" 1168
"../../../Engine/Plugins/VirtualProduction/VirtualCamera/Content/Modifiers/LensModifier/Inputs/TrackedActorLabel.uexp" 1169
"../../../Engine/Plugins/VirtualProduction/VirtualCamera/Content/Modifiers/LensModifier/Inputs/LensModifierInputContext.uasset" 1170
"../../../Engine/Plugins/VirtualProduction/VirtualCamera/Content/Modifiers/LensModifier/Inputs/LensModifierInputContext.uexp" 1171
"../../../Engine/Plugins/VirtualProduction/VirtualCamera/Content/Modifiers/LensModifier/Dependencies/FocusMethod.uasset" 1172
"../../../Engine/Plugins/VirtualProduction/VirtualCamera/Content/Modifiers/LensModifier/Dependencies/FocusMethod.uexp" 1173
"../../../Engine/Plugins/VirtualProduction/VirtualCamera/Content/Modifiers/LensModifier/Dependencies/FocusPlane.uasset" 1174
"../../../Engine/Plugins/VirtualProduction/VirtualCamera/Content/Modifiers/LensModifier/Dependencies/FocusPlane.uexp" 1175
"../../../Engine/Plugins/VirtualProduction/VirtualCamera/Content/Modifiers/LensModifier/LensModifier.uasset" 1176
"../../../Engine/Plugins/VirtualProduction/VirtualCamera/Content/Modifiers/LensModifier/LensModifier.uexp" 1177
"../../../Engine/Plugins/VirtualProduction/VirtualCamera/Content/Modifiers/KillRollModifier/Inputs/ToggleKillRoll.uasset" 1178
"../../../Engine/Plugins/VirtualProduction/VirtualCamera/Content/Modifiers/KillRollModifier/Inputs/ToggleKillRoll.uexp" 1179
"../../../Engine/Plugins/VirtualProduction/VirtualCamera/Content/Modifiers/KillRollModifier/Inputs/KillRollModifierInputMappingContext.uasset" 1180
"../../../Engine/Plugins/VirtualProduction/VirtualCamera/Content/Modifiers/KillRollModifier/Inputs/KillRollModifierInputMappingContext.uexp" 1181
"../../../Engine/Plugins/VirtualProduction/VirtualCamera/Content/Modifiers/KillRollModifier/KillRollModifier.uasset" 1182
"../../../Engine/Plugins/VirtualProduction/VirtualCamera/Content/Modifiers/KillRollModifier/KillRollModifier.uexp" 1183
"../../../Engine/Plugins/VirtualProduction/VirtualCamera/Content/Modifiers/JoystickModifier/Inputs/ToggleFlightMode.uasset" 1184
"../../../Engine/Plugins/VirtualProduction/VirtualCamera/Content/Modifiers/JoystickModifier/Inputs/ToggleFlightMode.uexp" 1185
"../../../Engine/Plugins/VirtualProduction/VirtualCamera/Content/Modifiers/JoystickModifier/Inputs/SetJoystickRotationGain.uasset" 1186
"../../../Engine/Plugins/VirtualProduction/VirtualCamera/Content/Modifiers/JoystickModifier/Inputs/SetJoystickRotationGain.uexp" 1187
"../../../Engine/Plugins/VirtualProduction/VirtualCamera/Content/Modifiers/JoystickModifier/Inputs/SetJoystickMovementGain.uasset" 1188
"../../../Engine/Plugins/VirtualProduction/VirtualCamera/Content/Modifiers/JoystickModifier/Inputs/SetJoystickMovementGain.uexp" 1189
"../../../Engine/Plugins/VirtualProduction/VirtualCamera/Content/Modifiers/JoystickModifier/Inputs/PlanarMovement.uasset" 1190
"../../../Engine/Plugins/VirtualProduction/VirtualCamera/Content/Modifiers/JoystickModifier/Inputs/PlanarMovement.uexp" 1191
"../../../Engine/Plugins/VirtualProduction/VirtualCamera/Content/Modifiers/JoystickModifier/Inputs/Pan.uasset" 1192
"../../../Engine/Plugins/VirtualProduction/VirtualCamera/Content/Modifiers/JoystickModifier/Inputs/Pan.uexp" 1193
"../../../Engine/Plugins/VirtualProduction/VirtualCamera/Content/Modifiers/JoystickModifier/Inputs/CraneMovement.uasset" 1194
"../../../Engine/Plugins/VirtualProduction/VirtualCamera/Content/Modifiers/JoystickModifier/Inputs/CraneMovement.uexp" 1195
"../../../Engine/Plugins/VirtualProduction/VirtualCamera/Content/Modifiers/JoystickModifier/Inputs/IC_JoystickModifier.uasset" 1196
"../../../Engine/Plugins/VirtualProduction/VirtualCamera/Content/Modifiers/JoystickModifier/Inputs/IC_JoystickModifier.uexp" 1197
"../../../Engine/Plugins/VirtualProduction/VirtualCamera/Content/Modifiers/JoystickModifier/JoystickModifier.uasset" 1198
"../../../Engine/Plugins/VirtualProduction/VirtualCamera/Content/Modifiers/JoystickModifier/JoystickModifier.uexp" 1199
"../../../Engine/Plugins/VirtualProduction/VirtualCamera/Content/Modifiers/HUDInfoModifier/HUDInfoModifier.uasset" 1200
"../../../Engine/Plugins/VirtualProduction/VirtualCamera/Content/Modifiers/HUDInfoModifier/HUDInfoModifier.uexp" 1201
"../../../Engine/Plugins/VirtualProduction/VirtualCamera/Content/Modifiers/HoldModifier/Inputs/ToggleHold.uasset" 1202
"../../../Engine/Plugins/VirtualProduction/VirtualCamera/Content/Modifiers/HoldModifier/Inputs/ToggleHold.uexp" 1203
"../../../Engine/Plugins/VirtualProduction/VirtualCamera/Content/Modifiers/HoldModifier/Inputs/HoldModifierInputMappingContext.uasset" 1204
"../../../Engine/Plugins/VirtualProduction/VirtualCamera/Content/Modifiers/HoldModifier/Inputs/HoldModifierInputMappingContext.uexp" 1205
"../../../Engine/Plugins/VirtualProduction/VirtualCamera/Content/Modifiers/HoldModifier/HoldModifier.uasset" 1206
"../../../Engine/Plugins/VirtualProduction/VirtualCamera/Content/Modifiers/HoldModifier/HoldModifier.uexp" 1207
"../../../Engine/Plugins/VirtualProduction/VirtualCamera/Content/Modifiers/ClipPlaneModifier/Input/ClipPlaneAxis.uasset" 1208
"../../../Engine/Plugins/VirtualProduction/VirtualCamera/Content/Modifiers/ClipPlaneModifier/Input/ClipPlaneAxis.uexp" 1209
"../../../Engine/Plugins/VirtualProduction/VirtualCamera/Content/Modifiers/ClipPlaneModifier/Input/ClipPlaneModifierInputMappingContext.uasset" 1210
"../../../Engine/Plugins/VirtualProduction/VirtualCamera/Content/Modifiers/ClipPlaneModifier/Input/ClipPlaneModifierInputMappingContext.uexp" 1211
"../../../Engine/Plugins/VirtualProduction/VirtualCamera/Content/Modifiers/ClipPlaneModifier/ClipPlaneModifier.uasset" 1212
"../../../Engine/Plugins/VirtualProduction/VirtualCamera/Content/Modifiers/ClipPlaneModifier/ClipPlaneModifier.uexp" 1213
"../../../Engine/Plugins/VirtualProduction/VirtualCamera/Content/Modifiers/CameraBodyModifier/Input/PreviousFilmbackPreset.uasset" 1214
"../../../Engine/Plugins/VirtualProduction/VirtualCamera/Content/Modifiers/CameraBodyModifier/Input/PreviousFilmbackPreset.uexp" 1215
"../../../Engine/Plugins/VirtualProduction/VirtualCamera/Content/Modifiers/CameraBodyModifier/Input/NextFilmbackPreset.uasset" 1216
"../../../Engine/Plugins/VirtualProduction/VirtualCamera/Content/Modifiers/CameraBodyModifier/Input/NextFilmbackPreset.uexp" 1217
"../../../Engine/Plugins/VirtualProduction/VirtualCamera/Content/Modifiers/CameraBodyModifier/Input/Filmback.uasset" 1218
"../../../Engine/Plugins/VirtualProduction/VirtualCamera/Content/Modifiers/CameraBodyModifier/Input/Filmback.uexp" 1219
"../../../Engine/Plugins/VirtualProduction/VirtualCamera/Content/Modifiers/CameraBodyModifier/Input/CameraBodyMappingContext.uasset" 1220
"../../../Engine/Plugins/VirtualProduction/VirtualCamera/Content/Modifiers/CameraBodyModifier/Input/CameraBodyMappingContext.uexp" 1221
"../../../Engine/Plugins/VirtualProduction/VirtualCamera/Content/Modifiers/CameraBodyModifier/CameraBodyModifier.uasset" 1222
"../../../Engine/Plugins/VirtualProduction/VirtualCamera/Content/Modifiers/CameraBodyModifier/CameraBodyModifier.uexp" 1223
"../../../Engine/Plugins/VirtualProduction/VirtualCamera/Content/WidgetLibrary/Common/VCamIcons/PhotoModeGreen.uasset" 1224
"../../../Engine/Plugins/VirtualProduction/VirtualCamera/Content/WidgetLibrary/Common/VCamIcons/PhotoModeGreen.uexp" 1225
"../../../Engine/Plugins/VirtualProduction/VirtualCamera/Content/WidgetLibrary/Common/VCamIcons/IconArrowForward.uasset" 1226
"../../../Engine/Plugins/VirtualProduction/VirtualCamera/Content/WidgetLibrary/Common/VCamIcons/IconArrowForward.uexp" 1227
"../../../Engine/Plugins/VirtualProduction/VirtualCamera/Content/WidgetLibrary/Common/VCamIcons/IconArrowBack.uasset" 1228
"../../../Engine/Plugins/VirtualProduction/VirtualCamera/Content/WidgetLibrary/Common/VCamIcons/IconArrowBack.uexp" 1229
"../../../Engine/Plugins/VirtualProduction/VirtualCamera/Content/WidgetLibrary/Common/VCamIcons/Bookmark.uasset" 1230
"../../../Engine/Plugins/VirtualProduction/VirtualCamera/Content/WidgetLibrary/Common/VCamIcons/Bookmark.uexp" 1231
"../../../Engine/Plugins/VirtualProduction/VirtualCamera/Content/Modifiers/AxisScalingModifier/Inputs/SetCurrentLocationAxisScaling.uasset" 1232
"../../../Engine/Plugins/VirtualProduction/VirtualCamera/Content/Modifiers/AxisScalingModifier/Inputs/SetCurrentLocationAxisScaling.uexp" 1233
"../../../Engine/Plugins/VirtualProduction/VirtualCamera/Content/Modifiers/AxisScalingModifier/Inputs/SetAllLocationAxisScaling.uasset" 1234
"../../../Engine/Plugins/VirtualProduction/VirtualCamera/Content/Modifiers/AxisScalingModifier/Inputs/SetAllLocationAxisScaling.uexp" 1235
"../../../Engine/Plugins/VirtualProduction/VirtualCamera/Content/Modifiers/AxisScalingModifier/Inputs/SelectCurrentLocationAxisScaling.uasset" 1236
"../../../Engine/Plugins/VirtualProduction/VirtualCamera/Content/Modifiers/AxisScalingModifier/Inputs/SelectCurrentLocationAxisScaling.uexp" 1237
"../../../Engine/Plugins/VirtualProduction/VirtualCamera/Content/Modifiers/AxisScalingModifier/Inputs/AxisScalingModifierInputMappingContext.uasset" 1238
"../../../Engine/Plugins/VirtualProduction/VirtualCamera/Content/Modifiers/AxisScalingModifier/Inputs/AxisScalingModifierInputMappingContext.uexp" 1239
"../../../Engine/Plugins/VirtualProduction/VirtualCamera/Content/Modifiers/AxisScalingModifier/Enums/EAxisScalingInputMode.uasset" 1240
"../../../Engine/Plugins/VirtualProduction/VirtualCamera/Content/Modifiers/AxisScalingModifier/Enums/EAxisScalingInputMode.uexp" 1241
"../../../Engine/Plugins/VirtualProduction/VirtualCamera/Content/Modifiers/AxisScalingModifier/AxisScalingModifier.uasset" 1242
"../../../Engine/Plugins/VirtualProduction/VirtualCamera/Content/Modifiers/AxisScalingModifier/AxisScalingModifier.uexp" 1243
"../../../Engine/Plugins/VirtualProduction/VirtualCamera/Content/VCamActor.uasset" 1244
"../../../Engine/Plugins/VirtualProduction/VirtualCamera/Content/VCamActor.uexp" 1245
"../../../Engine/Content/EngineSky/T_Sky_Stars.ubulk" 1246
"../../../Engine/Content/EngineSky/T_Sky_Stars.uasset" 1247
"../../../Engine/Content/EngineSky/T_Sky_Stars.uexp" 1248
"../../../Engine/Content/EngineSky/T_Sky_Clouds_M.ubulk" 1249
"../../../Engine/Content/EngineSky/T_Sky_Clouds_M.uasset" 1250
"../../../Engine/Content/EngineSky/T_Sky_Clouds_M.uexp" 1251
"../../../Engine/Content/EngineSky/T_Sky_Blue.ubulk" 1252
"../../../Engine/Content/EngineSky/T_Sky_Blue.uasset" 1253
"../../../Engine/Content/EngineSky/T_Sky_Blue.uexp" 1254
"../../../Engine/Content/EngineSky/M_Sky_Panning_Clouds2.uasset" 1255
"../../../Engine/Content/EngineSky/M_Sky_Panning_Clouds2.uexp" 1256
"../../../Engine/Content/EngineSky/SM_SkySphere.ubulk" 1257
"../../../Engine/Content/EngineSky/SM_SkySphere.uasset" 1258
"../../../Engine/Content/EngineSky/SM_SkySphere.uexp" 1259
"../../../Engine/Content/EngineSky/C_Sky_Zenith_Color.uasset" 1260
"../../../Engine/Content/EngineSky/C_Sky_Zenith_Color.uexp" 1261
"../../../Engine/Content/EngineSky/C_Sky_Horizon_Color.uasset" 1262
"../../../Engine/Content/EngineSky/C_Sky_Horizon_Color.uexp" 1263
"../../../Engine/Content/EngineSky/C_Sky_Cloud_Color.uasset" 1264
"../../../Engine/Content/EngineSky/C_Sky_Cloud_Color.uexp" 1265
"../../../Engine/Content/EngineSky/BP_Sky_Sphere.uasset" 1266
"../../../Engine/Content/EngineSky/BP_Sky_Sphere.uexp" 1267
"../../../Engine/Plugins/Runtime/SunPosition/Content/Editor/M_ArrowColor.uasset" 1268
"../../../Engine/Plugins/Runtime/SunPosition/Content/Editor/M_ArrowColor.uexp" 1269
"../../../Engine/Plugins/Runtime/SunPosition/Content/Editor/MI_ArrowColorGrey.uasset" 1270
"../../../Engine/Plugins/Runtime/SunPosition/Content/Editor/MI_ArrowColorGrey.uexp" 1271
"../../../Engine/Plugins/Runtime/SunPosition/Content/Editor/MI_ArrowColorRed.uasset" 1272
"../../../Engine/Plugins/Runtime/SunPosition/Content/Editor/MI_ArrowColorRed.uexp" 1273
"../../../Engine/Plugins/Runtime/SunPosition/Content/Editor/SM_Compass.ubulk" 1274
"../../../Engine/Plugins/Runtime/SunPosition/Content/Editor/SM_Compass.uasset" 1275
"../../../Engine/Plugins/Runtime/SunPosition/Content/Editor/SM_Compass.uexp" 1276
"../../../Engine/Plugins/Runtime/SunPosition/Content/SunSky.uasset" 1277
"../../../Engine/Plugins/Runtime/SunPosition/Content/SunSky.uexp" 1278
"../../../Engine/Plugins/Runtime/CommonUI/Content/DefaultMediaTexture.uasset" 1279
"../../../Engine/Plugins/Runtime/CommonUI/Content/DefaultMediaTexture.uexp" 1280
"../../../Engine/Plugins/Runtime/CommonUI/Content/VideoPlayerMaterial.uasset" 1281
"../../../Engine/Plugins/Runtime/CommonUI/Content/VideoPlayerMaterial.uexp" 1282
"../../../Engine/Plugins/Runtime/AR/AppleAR/AppleARKit/Content/M_SceneDepthOcclusion.uasset" 1283
"../../../Engine/Plugins/Runtime/AR/AppleAR/AppleARKit/Content/M_SceneDepthOcclusion.uexp" 1284
"../../../Engine/Plugins/NNE/NNEDenoiser/Content/NNEDTOM_Output_Default.uasset" 1285
"../../../Engine/Plugins/NNE/NNEDenoiser/Content/NNEDTOM_Output_Default.uexp" 1286
"../../../Engine/Plugins/NNE/NNEDenoiser/Content/NNEDTOM_Output_Alpha.uasset" 1287
"../../../Engine/Plugins/NNE/NNEDenoiser/Content/NNEDTOM_Output_Alpha.uexp" 1288
"../../../Engine/Plugins/NNE/NNEDenoiser/Content/NNEDTIM_ColorAlbedoNormal_Default.uasset" 1289
"../../../Engine/Plugins/NNE/NNEDenoiser/Content/NNEDTIM_ColorAlbedoNormal_Default.uexp" 1290
"../../../Engine/Plugins/NNE/NNEDenoiser/Content/NNEDTIM_ColorAlbedoNormal_Alpha.uasset" 1291
"../../../Engine/Plugins/NNE/NNEDenoiser/Content/NNEDTIM_ColorAlbedoNormal_Alpha.uexp" 1292
"../../../Engine/Plugins/NNE/NNEDenoiser/Content/NNEDOM_Output_Default.uasset" 1293
"../../../Engine/Plugins/NNE/NNEDenoiser/Content/NNEDOM_Output_Default.uexp" 1294
"../../../Engine/Plugins/NNE/NNEDenoiser/Content/NNEDOM_Output_Alpha.uasset" 1295
"../../../Engine/Plugins/NNE/NNEDenoiser/Content/NNEDOM_Output_Alpha.uexp" 1296
"../../../Engine/Plugins/NNE/NNEDenoiser/Content/NNEDIM_HighQuality_Default.uasset" 1297
"../../../Engine/Plugins/NNE/NNEDenoiser/Content/NNEDIM_HighQuality_Default.uexp" 1298
"../../../Engine/Plugins/NNE/NNEDenoiser/Content/NNEDIM_HighQuality_Alpha.uasset" 1299
"../../../Engine/Plugins/NNE/NNEDenoiser/Content/NNEDIM_HighQuality_Alpha.uexp" 1300
"../../../Engine/Plugins/NNE/NNEDenoiser/Content/NNEDIM_ColorAlbedoNormal_Default.uasset" 1301
"../../../Engine/Plugins/NNE/NNEDenoiser/Content/NNEDIM_ColorAlbedoNormal_Default.uexp" 1302
"../../../Engine/Plugins/NNE/NNEDenoiser/Content/NNEDIM_ColorAlbedoNormal_Alpha.uasset" 1303
"../../../Engine/Plugins/NNE/NNEDenoiser/Content/NNEDIM_ColorAlbedoNormal_Alpha.uexp" 1304
"../../../Engine/Plugins/Media/MediaFrameworkUtilities/Content/T_VideoInputFailed.uasset" 1305
"../../../Engine/Plugins/Media/MediaFrameworkUtilities/Content/T_VideoInputFailed.uexp" 1306
"../../../Engine/Plugins/Media/MediaFrameworkUtilities/Content/T_DefaultBundle.uasset" 1307
"../../../Engine/Plugins/Media/MediaFrameworkUtilities/Content/T_DefaultBundle.uexp" 1308
"../../../Engine/Content/Functions/Engine_MaterialFunctions01/Texturing/UVCropping.uasset" 1309
"../../../Engine/Content/Functions/Engine_MaterialFunctions01/Texturing/UVCropping.uexp" 1310
"../../../Engine/Content/Functions/Engine_MaterialFunctions02/Utility/MakeFloat3.uasset" 1311
"../../../Engine/Content/Functions/Engine_MaterialFunctions02/Utility/MakeFloat3.uexp" 1312
"../../../Engine/Content/Functions/Engine_MaterialFunctions02/SplitComponents.uasset" 1313
"../../../Engine/Content/Functions/Engine_MaterialFunctions02/SplitComponents.uexp" 1314
"../../../Engine/Content/Functions/Engine_MaterialFunctions01/Chromakeying/DespillByAvg.uasset" 1315
"../../../Engine/Content/Functions/Engine_MaterialFunctions01/Chromakeying/DespillByAvg.uexp" 1316
"../../../Engine/Content/Functions/Engine_MaterialFunctions01/Chromakeying/DespillManual.uasset" 1317
"../../../Engine/Content/Functions/Engine_MaterialFunctions01/Chromakeying/DespillManual.uexp" 1318
"../../../Engine/Content/Functions/Engine_MaterialFunctions02/HueShift.uasset" 1319
"../../../Engine/Content/Functions/Engine_MaterialFunctions02/HueShift.uexp" 1320
"../../../Engine/Content/Functions/Engine_MaterialFunctions01/ImageAdjustment/SCurve.uasset" 1321
"../../../Engine/Content/Functions/Engine_MaterialFunctions01/ImageAdjustment/SCurve.uexp" 1322
"../../../Engine/Content/Functions/Engine_MaterialFunctions01/ImageAdjustment/ColorCorrection.uasset" 1323
"../../../Engine/Content/Functions/Engine_MaterialFunctions01/ImageAdjustment/ColorCorrection.uexp" 1324
"../../../Engine/Content/Functions/Engine_MaterialFunctions01/Opacity/Chroma_Key_Alpha.uasset" 1325
"../../../Engine/Content/Functions/Engine_MaterialFunctions01/Opacity/Chroma_Key_Alpha.uexp" 1326
"../../../Engine/Content/EngineResources/Black.uasset" 1327
"../../../Engine/Content/EngineResources/Black.uexp" 1328
"../../../Engine/Content/MaterialTemplates/Chromakeying/MF_Chromakeyer.uasset" 1329
"../../../Engine/Content/MaterialTemplates/Chromakeying/MF_Chromakeyer.uexp" 1330
"../../../Engine/Content/Functions/Engine_MaterialFunctions02/PivotPainter2/Black_1x1_EXR_Texture.uasset" 1331
"../../../Engine/Content/Functions/Engine_MaterialFunctions02/PivotPainter2/Black_1x1_EXR_Texture.uexp" 1332
"../../../Engine/Plugins/Compositing/OpenCVLensDistortion/Content/Materials/MF_UVLensDisplacement.uasset" 1333
"../../../Engine/Plugins/Compositing/OpenCVLensDistortion/Content/Materials/MF_UVLensDisplacement.uexp" 1334
"../../../Engine/Plugins/Compositing/OpenCVLensDistortion/Content/Materials/MF_UVOutOfBoundMask.uasset" 1335
"../../../Engine/Plugins/Compositing/OpenCVLensDistortion/Content/Materials/MF_UVOutOfBoundMask.uexp" 1336
"../../../Engine/Plugins/Media/MediaFrameworkUtilities/Content/M_BaseMediaBundle.uasset" 1337
"../../../Engine/Plugins/Media/MediaFrameworkUtilities/Content/M_BaseMediaBundle.uexp" 1338
"../../../Engine/Content/Functions/Engine_MaterialFunctions01/Opacity/CameraDepthFade.uasset" 1339
"../../../Engine/Content/Functions/Engine_MaterialFunctions01/Opacity/CameraDepthFade.uexp" 1340
"../../../Engine/Content/EngineMaterials/T_Default_Material_Grid_M.ubulk" 1341
"../../../Engine/Content/EngineMaterials/T_Default_Material_Grid_M.uasset" 1342
"../../../Engine/Content/EngineMaterials/T_Default_Material_Grid_M.uexp" 1343
"../../../Engine/Content/EngineMaterials/T_Default_Material_Grid_N.ubulk" 1344
"../../../Engine/Content/EngineMaterials/T_Default_Material_Grid_N.uasset" 1345
"../../../Engine/Content/EngineMaterials/T_Default_Material_Grid_N.uexp" 1346
"../../../Engine/Content/EngineMaterials/WorldGridMaterial.uasset" 1347
"../../../Engine/Content/EngineMaterials/WorldGridMaterial.uexp" 1348
"../../../Engine/Content/BasicShapes/Plane.ubulk" 1349
"../../../Engine/Content/BasicShapes/Plane.uasset" 1350
"../../../Engine/Content/BasicShapes/Plane.uexp" 1351
"../../../Engine/Plugins/Media/MediaFrameworkUtilities/Content/T_DefaultMedia.uasset" 1352
"../../../Engine/Plugins/Media/MediaFrameworkUtilities/Content/T_DefaultMedia.uexp" 1353
"../../../Engine/Plugins/Media/MediaFrameworkUtilities/Content/M_DefaultMedia.uasset" 1354
"../../../Engine/Plugins/Media/MediaFrameworkUtilities/Content/M_DefaultMedia.uexp" 1355
"../../../Engine/Plugins/Media/MediaFrameworkUtilities/Content/BP_MediaBundle_Plane_16-9.uasset" 1356
"../../../Engine/Plugins/Media/MediaFrameworkUtilities/Content/BP_MediaBundle_Plane_16-9.uexp" 1357
"../../../Engine/Content/Functions/Engine_MaterialFunctions02/WorldPositionOffset/CameraOffset.uasset" 1358
"../../../Engine/Content/Functions/Engine_MaterialFunctions02/WorldPositionOffset/CameraOffset.uexp" 1359
"../../../Engine/Plugins/Animation/ControlRig/Content/M_Manip.uasset" 1360
"../../../Engine/Plugins/Animation/ControlRig/Content/M_Manip.uexp" 1361
"../../../Engine/Plugins/VirtualProduction/CameraCalibrationCore/Content/Materials/M_DefaultOddSquare.uasset" 1362
"../../../Engine/Plugins/VirtualProduction/CameraCalibrationCore/Content/Materials/M_DefaultOddSquare.uexp" 1363
"../../../Engine/Plugins/VirtualProduction/CameraCalibrationCore/Content/Materials/M_DefaultEvenSquare.uasset" 1364
"../../../Engine/Plugins/VirtualProduction/CameraCalibrationCore/Content/Materials/M_DefaultEvenSquare.uexp" 1365
"../../../Engine/Plugins/Runtime/nDisplay/Content/Textures/T_TrackingMarker_A.uasset" 1366
"../../../Engine/Plugins/Runtime/nDisplay/Content/Textures/T_TrackingMarker_A.uexp" 1367
"../../../Engine/Plugins/Runtime/nDisplay/Content/TestPatterns/Statics/M_TPSGridCircles.uasset" 1368
"../../../Engine/Plugins/Runtime/nDisplay/Content/TestPatterns/Statics/M_TPSGridCircles.uexp" 1369
"../../../Engine/Plugins/Runtime/nDisplay/Content/TestPatterns/Statics/M_TPSGrayBars.uasset" 1370
"../../../Engine/Plugins/Runtime/nDisplay/Content/TestPatterns/Statics/M_TPSGrayBars.uexp" 1371
"../../../Engine/Plugins/Runtime/nDisplay/Content/TestPatterns/Statics/M_TPSColoredBars.uasset" 1372
"../../../Engine/Plugins/Runtime/nDisplay/Content/TestPatterns/Statics/M_TPSColoredBars.uexp" 1373
"../../../Engine/Plugins/Runtime/nDisplay/Content/TestPatterns/Statics/M_TPSCircles.uasset" 1374
"../../../Engine/Plugins/Runtime/nDisplay/Content/TestPatterns/Statics/M_TPSCircles.uexp" 1375
"../../../Engine/Plugins/Runtime/nDisplay/Content/TestPatterns/Animated/M_TPAStrips.uasset" 1376
"../../../Engine/Plugins/Runtime/nDisplay/Content/TestPatterns/Animated/M_TPAStrips.uexp" 1377
"../../../Engine/Plugins/Runtime/nDisplay/Content/TestPatterns/Animated/M_TPARadar.uasset" 1378
"../../../Engine/Plugins/Runtime/nDisplay/Content/TestPatterns/Animated/M_TPARadar.uexp" 1379
"../../../Engine/Plugins/Runtime/nDisplay/Content/TestPatterns/Animated/M_TPAMirroredChevron.uasset" 1380
"../../../Engine/Plugins/Runtime/nDisplay/Content/TestPatterns/Animated/M_TPAMirroredChevron.uexp" 1381
"../../../Engine/Plugins/Runtime/nDisplay/Content/TestPatterns/Animated/M_TPAGrid.uasset" 1382
"../../../Engine/Plugins/Runtime/nDisplay/Content/TestPatterns/Animated/M_TPAGrid.uexp" 1383
"../../../Engine/Plugins/Runtime/nDisplay/Content/TestPatterns/Animated/M_TPAChevron.uasset" 1384
"../../../Engine/Plugins/Runtime/nDisplay/Content/TestPatterns/Animated/M_TPAChevron.uexp" 1385
"../../../Engine/Content/EditorMaterials/T_1x1_Grid.ubulk" 1386
"../../../Engine/Content/EditorMaterials/T_1x1_Grid.uasset" 1387
"../../../Engine/Content/EditorMaterials/T_1x1_Grid.uexp" 1388
"../../../Engine/Plugins/Runtime/nDisplay/Content/Materials/Preview/M_DisplayDevicePreviewTechvis.uasset" 1389
"../../../Engine/Plugins/Runtime/nDisplay/Content/Materials/Preview/M_DisplayDevicePreviewTechvis.uexp" 1390
"../../../Engine/Plugins/Runtime/nDisplay/Content/Materials/Preview/M_DisplayDevicePreview.uasset" 1391
"../../../Engine/Plugins/Runtime/nDisplay/Content/Materials/Preview/M_DisplayDevicePreview.uexp" 1392
"../../../Engine/Plugins/Runtime/nDisplay/Content/Materials/Preview/M_DisplayDeviceMesh.uasset" 1393
"../../../Engine/Plugins/Runtime/nDisplay/Content/Materials/Preview/M_DisplayDeviceMesh.uexp" 1394
"../../../Engine/Plugins/Runtime/nDisplay/Content/Icons/S_nDisplayViewOrigin.uasset" 1395
"../../../Engine/Plugins/Runtime/nDisplay/Content/Icons/S_nDisplayViewOrigin.uexp" 1396
"../../../Engine/Plugins/Runtime/HDRIBackdrop/Content/Textures/approaching_storm_4k.uasset" 1397
"../../../Engine/Plugins/Runtime/HDRIBackdrop/Content/Textures/approaching_storm_4k.uexp" 1398
"../../../Engine/Plugins/Runtime/HDRIBackdrop/Content/Meshes/EnviroDome.ubulk" 1399
"../../../Engine/Plugins/Runtime/HDRIBackdrop/Content/Meshes/EnviroDome.uasset" 1400
"../../../Engine/Plugins/Runtime/HDRIBackdrop/Content/Meshes/EnviroDome.uexp" 1401
"../../../Engine/Content/Functions/Engine_MaterialFunctions02/WorldPositionOffset/ObjectPivotPoint.uasset" 1402
"../../../Engine/Content/Functions/Engine_MaterialFunctions02/WorldPositionOffset/ObjectPivotPoint.uexp" 1403
"../../../Engine/Content/EngineResources/DefaultTextureCube.uasset" 1404
"../../../Engine/Content/EngineResources/DefaultTextureCube.uexp" 1405
"../../../Engine/Plugins/Runtime/HDRIBackdrop/Content/Materials/HDRI_Attributes.uasset" 1406
"../../../Engine/Plugins/Runtime/HDRIBackdrop/Content/Materials/HDRI_Attributes.uexp" 1407
"../../../Engine/Plugins/Runtime/HDRIBackdrop/Content/Materials/HDRI_Projection_Sky.uasset" 1408
"../../../Engine/Plugins/Runtime/HDRIBackdrop/Content/Materials/HDRI_Projection_Sky.uexp" 1409
"../../../Engine/Plugins/Runtime/HDRIBackdrop/Content/Materials/MI_HDRI_Sky.uasset" 1410
"../../../Engine/Plugins/Runtime/HDRIBackdrop/Content/Materials/MI_HDRI_Sky.uexp" 1411
"../../../Engine/Plugins/Runtime/HDRIBackdrop/Content/Materials/HDRI_Projection_Floor.uasset" 1412
"../../../Engine/Plugins/Runtime/HDRIBackdrop/Content/Materials/HDRI_Projection_Floor.uexp" 1413
"../../../Engine/Plugins/Runtime/HDRIBackdrop/Content/Materials/MI_HDRI_Floor.uasset" 1414
"../../../Engine/Plugins/Runtime/HDRIBackdrop/Content/Materials/MI_HDRI_Floor.uexp" 1415
"../../../Engine/Plugins/Runtime/HDRIBackdrop/Content/Blueprints/HDRIBackdrop.uasset" 1416
"../../../Engine/Plugins/Runtime/HDRIBackdrop/Content/Blueprints/HDRIBackdrop.uexp" 1417
"../../../Engine/Plugins/Runtime/HairStrands/Content/Materials/HairMeshesDefaultMaterial.uasset" 1418
"../../../Engine/Plugins/Runtime/HairStrands/Content/Materials/HairMeshesDefaultMaterial.uexp" 1419
"../../../Engine/Plugins/Runtime/HairStrands/Content/Materials/HairDefaultMaterial.uasset" 1420
"../../../Engine/Plugins/Runtime/HairStrands/Content/Materials/HairDefaultMaterial.uexp" 1421
"../../../Engine/Content/EngineMaterials/HairDebugColor.uasset" 1422
"../../../Engine/Content/EngineMaterials/HairDebugColor.uexp" 1423
"../../../Engine/Content/EngineMaterials/HairColorMap.uasset" 1424
"../../../Engine/Content/EngineMaterials/HairColorMap.uexp" 1425
"../../../Engine/Plugins/Runtime/HairStrands/Content/Materials/HairGroupColors.uasset" 1426
"../../../Engine/Plugins/Runtime/HairStrands/Content/Materials/HairGroupColors.uexp" 1427
"../../../Engine/Plugins/Runtime/HairStrands/Content/Materials/HairDebugMaterial.uasset" 1428
"../../../Engine/Plugins/Runtime/HairStrands/Content/Materials/HairDebugMaterial.uexp" 1429
"../../../Engine/Plugins/Runtime/HairStrands/Content/Materials/HairCardsDefaultMaterial.uasset" 1430
"../../../Engine/Plugins/Runtime/HairStrands/Content/Materials/HairCardsDefaultMaterial.uexp" 1431
"../../../Engine/Plugins/Runtime/AudioWidgets/Content/Resources/ScrubHandleDown_Clamped.uasset" 1432
"../../../Engine/Plugins/Runtime/AudioWidgets/Content/Resources/ScrubHandleDown_Clamped.uexp" 1433
"../../../Engine/Plugins/Runtime/AR/ARUtilities/Content/Materials/DummyExternalTexture.uasset" 1434
"../../../Engine/Plugins/Runtime/AR/ARUtilities/Content/Materials/DummyExternalTexture.uexp" 1435
"../../../Engine/Plugins/Runtime/AR/ARUtilities/Content/Materials/M_PassthroughCamera.uasset" 1436
"../../../Engine/Plugins/Runtime/AR/ARUtilities/Content/Materials/M_PassthroughCamera.uexp" 1437
"../../../Engine/Plugins/Runtime/AR/ARUtilities/Content/Materials/MF_DistanceColorLerp.uasset" 1438
"../../../Engine/Plugins/Runtime/AR/ARUtilities/Content/Materials/MF_DistanceColorLerp.uexp" 1439
"../../../Engine/Plugins/Runtime/AR/ARUtilities/Content/Materials/M_DepthColoration.uasset" 1440
"../../../Engine/Plugins/Runtime/AR/ARUtilities/Content/Materials/M_DepthColoration.uexp" 1441
"../../../Engine/Content/Functions/Engine_MaterialFunctions02/Utility/CameraDirectionVector.uasset" 1442
"../../../Engine/Content/Functions/Engine_MaterialFunctions02/Utility/CameraDirectionVector.uexp" 1443
"../../../Engine/Content/Functions/Engine_MaterialFunctions02/Utility/BreakOutFloat4Components.uasset" 1444
"../../../Engine/Content/Functions/Engine_MaterialFunctions02/Utility/BreakOutFloat4Components.uexp" 1445
"../../../Engine/Content/Functions/Engine_MaterialFunctions02/Utility/MakeFloat4.uasset" 1446
"../../../Engine/Content/Functions/Engine_MaterialFunctions02/Utility/MakeFloat4.uexp" 1447
"../../../Engine/Plugins/MovieScene/MovieRenderPipeline/Content/Materials/MovieRenderQueue_WorldDepth.uasset" 1448
"../../../Engine/Plugins/MovieScene/MovieRenderPipeline/Content/Materials/MovieRenderQueue_WorldDepth.uexp" 1449
"../../../Engine/Plugins/MovieScene/MovieRenderPipeline/Content/Materials/MovieRenderQueue_MotionVectors.uasset" 1450
"../../../Engine/Plugins/MovieScene/MovieRenderPipeline/Content/Materials/MovieRenderQueue_MotionVectors.uexp" 1451
"../../../Engine/Plugins/MovieScene/MovieRenderPipeline/Content/Materials/MoviePipeline_StencilCutout.uasset" 1452
"../../../Engine/Plugins/MovieScene/MovieRenderPipeline/Content/Materials/MoviePipeline_StencilCutout.uexp" 1453
"../../../Engine/Plugins/Interchange/Assets/Content/Functions/MX_UsdPreviewSurface.uasset" 1454
"../../../Engine/Plugins/Interchange/Assets/Content/Functions/MX_UsdPreviewSurface.uexp" 1455
"../../../Engine/Plugins/Interchange/Assets/Content/Functions/MX_UniformEDF.uasset" 1456
"../../../Engine/Plugins/Interchange/Assets/Content/Functions/MX_UniformEDF.uexp" 1457
"../../../Engine/Plugins/Interchange/Assets/Content/Functions/MX_TranslucentBSDF.uasset" 1458
"../../../Engine/Plugins/Interchange/Assets/Content/Functions/MX_TranslucentBSDF.uexp" 1459
"../../../Engine/Plugins/Interchange/Assets/Content/Functions/MX_ThinFilmBSDF.uasset" 1460
"../../../Engine/Plugins/Interchange/Assets/Content/Functions/MX_ThinFilmBSDF.uexp" 1461
"../../../Engine/Plugins/Interchange/Assets/Content/Functions/MX_SurfaceUnlit.uasset" 1462
"../../../Engine/Plugins/Interchange/Assets/Content/Functions/MX_SurfaceUnlit.uexp" 1463
"../../../Engine/Plugins/Interchange/Assets/Content/Functions/MX_Surface.uasset" 1464
"../../../Engine/Plugins/Interchange/Assets/Content/Functions/MX_Surface.uexp" 1465
"../../../Engine/Plugins/Interchange/Assets/Content/Functions/MX_SubsurfaceBSDF.uasset" 1466
"../../../Engine/Plugins/Interchange/Assets/Content/Functions/MX_SubsurfaceBSDF.uexp" 1467
"../../../Engine/Plugins/Interchange/Assets/Content/Functions/MX_SheenBSDF.uasset" 1468
"../../../Engine/Plugins/Interchange/Assets/Content/Functions/MX_SheenBSDF.uexp" 1469
"../../../Engine/Plugins/Interchange/Assets/Content/Functions/MX_OrenNayarBSDF.uasset" 1470
"../../../Engine/Plugins/Interchange/Assets/Content/Functions/MX_OrenNayarBSDF.uexp" 1471
"../../../Engine/Plugins/Interchange/Assets/Content/Functions/MF_IridescenceNoLUT.uasset" 1472
"../../../Engine/Plugins/Interchange/Assets/Content/Functions/MF_IridescenceNoLUT.uexp" 1473
"../../../Engine/Plugins/Interchange/Assets/Content/Functions/MX_StandardSurface.uasset" 1474
"../../../Engine/Plugins/Interchange/Assets/Content/Functions/MX_StandardSurface.uexp" 1475
"../../../Engine/Plugins/Interchange/Assets/Content/Functions/MX_TransmissionSurface.uasset" 1476
"../../../Engine/Plugins/Interchange/Assets/Content/Functions/MX_TransmissionSurface.uexp" 1477
"../../../Engine/Plugins/Interchange/Assets/Content/Functions/MX_OpenPBR_Translucent.uasset" 1478
"../../../Engine/Plugins/Interchange/Assets/Content/Functions/MX_OpenPBR_Translucent.uexp" 1479
"../../../Engine/Plugins/Interchange/Assets/Content/Functions/MX_OpenPBR_Opaque.uasset" 1480
"../../../Engine/Plugins/Interchange/Assets/Content/Functions/MX_OpenPBR_Opaque.uexp" 1481
"../../../Engine/Plugins/Interchange/Assets/Content/Functions/MX_MeasuredEDF.uasset" 1482
"../../../Engine/Plugins/Interchange/Assets/Content/Functions/MX_MeasuredEDF.uexp" 1483
"../../../Engine/Plugins/Interchange/Assets/Content/Functions/MX_GeneralizedSchlickBSDF.uasset" 1484
"../../../Engine/Plugins/Interchange/Assets/Content/Functions/MX_GeneralizedSchlickBSDF.uexp" 1485
"../../../Engine/Content/Functions/Engine_MaterialFunctions02/Utility/BlendAngleCorrectedNormals.uasset" 1486
"../../../Engine/Content/Functions/Engine_MaterialFunctions02/Utility/BlendAngleCorrectedNormals.uexp" 1487
"../../../Engine/Plugins/Interchange/Assets/Content/Functions/MX_Displacement.uasset" 1488
"../../../Engine/Plugins/Interchange/Assets/Content/Functions/MX_Displacement.uexp" 1489
"../../../Engine/Plugins/Interchange/Assets/Content/Functions/MX_DielectricBSDF.uasset" 1490
"../../../Engine/Plugins/Interchange/Assets/Content/Functions/MX_DielectricBSDF.uexp" 1491
"../../../Engine/Plugins/Interchange/Assets/Content/Functions/MX_ConicalEDF.uasset" 1492
"../../../Engine/Plugins/Interchange/Assets/Content/Functions/MX_ConicalEDF.uexp" 1493
"../../../Engine/Plugins/Interchange/Assets/Content/Functions/MX_ConductorBSDF.uasset" 1494
"../../../Engine/Plugins/Interchange/Assets/Content/Functions/MX_ConductorBSDF.uexp" 1495
"../../../Engine/Plugins/Interchange/Assets/Content/Functions/MX_BurleyDiffuseBSDF.uasset" 1496
"../../../Engine/Plugins/Interchange/Assets/Content/Functions/MX_BurleyDiffuseBSDF.uexp" 1497
"../../../Engine/Plugins/Interchange/Assets/Content/Functions/MX_AnisotropicVDF.uasset" 1498
"../../../Engine/Plugins/Interchange/Assets/Content/Functions/MX_AnisotropicVDF.uexp" 1499
"../../../Engine/Plugins/Interchange/Assets/Content/Functions/MX_AbsorptionVDF.uasset" 1500
"../../../Engine/Plugins/Interchange/Assets/Content/Functions/MX_AbsorptionVDF.uexp" 1501
"../../../Engine/Plugins/Experimental/Water/Content/Icons/WaterZoneActorSprite.ubulk" 1502
"../../../Engine/Plugins/Experimental/Water/Content/Icons/WaterZoneActorSprite.uasset" 1503
"../../../Engine/Plugins/Experimental/Water/Content/Icons/WaterZoneActorSprite.uexp" 1504
"../../../Engine/Plugins/Experimental/Water/Content/Icons/WaterSprite.uasset" 1505
"../../../Engine/Plugins/Experimental/Water/Content/Icons/WaterSprite.uexp" 1506
"../../../Engine/Plugins/Experimental/Water/Content/Icons/WaterLandscapeBrushSprite.ubulk" 1507
"../../../Engine/Plugins/Experimental/Water/Content/Icons/WaterLandscapeBrushSprite.uasset" 1508
"../../../Engine/Plugins/Experimental/Water/Content/Icons/WaterLandscapeBrushSprite.uexp" 1509
"../../../Engine/Plugins/Experimental/Water/Content/Icons/WaterErrorSprite.ubulk" 1510
"../../../Engine/Plugins/Experimental/Water/Content/Icons/WaterErrorSprite.uasset" 1511
"../../../Engine/Plugins/Experimental/Water/Content/Icons/WaterErrorSprite.uexp" 1512
"../../../Engine/Plugins/Experimental/Water/Content/Icons/WaterBodyIslandSprite.uasset" 1513
"../../../Engine/Plugins/Experimental/Water/Content/Icons/WaterBodyIslandSprite.uexp" 1514
"../../../Engine/Plugins/Experimental/Water/Content/Icons/WaterBodyExclusionVolumeSprite.uasset" 1515
"../../../Engine/Plugins/Experimental/Water/Content/Icons/WaterBodyExclusionVolumeSprite.uexp" 1516
"../../../Engine/Plugins/Experimental/VirtualProductionUtilities/Content/Materials/WidgetPostProcessMaterial.uasset" 1517
"../../../Engine/Plugins/Experimental/VirtualProductionUtilities/Content/Materials/WidgetPostProcessMaterial.uexp" 1518
"../../../Engine/Plugins/Experimental/VirtualProductionUtilities/Content/Icons/S_VPRootActor.ubulk" 1519
"../../../Engine/Plugins/Experimental/VirtualProductionUtilities/Content/Icons/S_VPRootActor.uasset" 1520
"../../../Engine/Plugins/Experimental/VirtualProductionUtilities/Content/Icons/S_VPRootActor.uexp" 1521
"../../../Engine/Content/EngineFonts/RobotoDistanceField.uasset" 1522
"../../../Engine/Content/EngineFonts/RobotoDistanceField.uexp" 1523
"../../../Engine/Content/Functions/Engine_MaterialFunctions02/Math/Transform3x3Matrix.uasset" 1524
"../../../Engine/Content/Functions/Engine_MaterialFunctions02/Math/Transform3x3Matrix.uexp" 1525
"../../../Engine/Content/Functions/Engine_MaterialFunctions02/WorldPositionOffset/ComponentPivotLocation.uasset" 1526
"../../../Engine/Content/Functions/Engine_MaterialFunctions02/WorldPositionOffset/ComponentPivotLocation.uexp" 1527
"../../../Engine/Content/Functions/Engine_MaterialFunctions02/Math/MakeVectorsOrthogonal.uasset" 1528
"../../../Engine/Content/Functions/Engine_MaterialFunctions02/Math/MakeVectorsOrthogonal.uexp" 1529
"../../../Engine/Content/Functions/Engine_MaterialFunctions02/WorldPositionOffset/ObjectScale.uasset" 1530
"../../../Engine/Content/Functions/Engine_MaterialFunctions02/WorldPositionOffset/ObjectScale.uexp" 1531
"../../../Engine/Content/Functions/Engine_MaterialFunctions02/Math/InverseTransformMatrix.uasset" 1532
"../../../Engine/Content/Functions/Engine_MaterialFunctions02/Math/InverseTransformMatrix.uexp" 1533
"../../../Engine/Content/Functions/Engine_MaterialFunctions02/Utility/CameraVectorWithWPOOptions.uasset" 1534
"../../../Engine/Content/Functions/Engine_MaterialFunctions02/Utility/CameraVectorWithWPOOptions.uexp" 1535
"../../../Engine/Content/Functions/Engine_MaterialFunctions02/WorldPositionOffset/AlignMeshToTheCamera.uasset" 1536
"../../../Engine/Content/Functions/Engine_MaterialFunctions02/WorldPositionOffset/AlignMeshToTheCamera.uexp" 1537
"../../../Engine/Plugins/Experimental/VirtualProductionUtilities/Content/Materials/MF_IgnoreExposure.uasset" 1538
"../../../Engine/Plugins/Experimental/VirtualProductionUtilities/Content/Materials/MF_IgnoreExposure.uexp" 1539
"../../../Engine/Plugins/Experimental/VirtualProductionUtilities/Content/Bookmark/CameraFacingTextMaterial.uasset" 1540
"../../../Engine/Plugins/Experimental/VirtualProductionUtilities/Content/Bookmark/CameraFacingTextMaterial.uexp" 1541
"../../../Engine/Plugins/Experimental/ColorCorrectRegions/Content/Materials/M_ColorCorrectRegionTransparentPreview.uasset" 1542
"../../../Engine/Plugins/Experimental/ColorCorrectRegions/Content/Materials/M_ColorCorrectRegionTransparentPreview.uexp" 1543
"../../../Engine/Plugins/Experimental/CineCameraRigs/Content/RigRail/T_RigRailSpeedMode.uasset" 1544
"../../../Engine/Plugins/Experimental/CineCameraRigs/Content/RigRail/T_RigRailSpeedMode.uexp" 1545
"../../../Engine/Plugins/Experimental/CineCameraRigs/Content/RigRail/T_RigRailDefault.uasset" 1546
"../../../Engine/Plugins/Experimental/CineCameraRigs/Content/RigRail/T_RigRailDefault.uexp" 1547
"../../../Engine/Plugins/Experimental/CineCameraRigs/Content/RigRail/M_RigRail.uasset" 1548
"../../../Engine/Plugins/Experimental/CineCameraRigs/Content/RigRail/M_RigRail.uexp" 1549
"../../../Engine/Content/Functions/Engine_MaterialFunctions02/SafeNormalize.uasset" 1550
"../../../Engine/Content/Functions/Engine_MaterialFunctions02/SafeNormalize.uexp" 1551
"../../../Engine/Plugins/Editor/SpeedTreeImporter/Content/SpeedTree9/UnpackInteger3.uasset" 1552
"../../../Engine/Plugins/Editor/SpeedTreeImporter/Content/SpeedTree9/UnpackInteger3.uexp" 1553
"../../../Engine/Plugins/Editor/SpeedTreeImporter/Content/SpeedTree9/UnpackDirection.uasset" 1554
"../../../Engine/Plugins/Editor/SpeedTreeImporter/Content/SpeedTree9/UnpackDirection.uexp" 1555
"../../../Engine/Plugins/Editor/SpeedTreeImporter/Content/SpeedTree9/game_wind_noise.ubulk" 1556
"../../../Engine/Plugins/Editor/SpeedTreeImporter/Content/SpeedTree9/game_wind_noise.uasset" 1557
"../../../Engine/Plugins/Editor/SpeedTreeImporter/Content/SpeedTree9/game_wind_noise.uexp" 1558
"../../../Engine/Plugins/Editor/SpeedTreeImporter/Content/SpeedTree9/SpeedTreeWindMotion.uasset" 1559
"../../../Engine/Plugins/Editor/SpeedTreeImporter/Content/SpeedTree9/SpeedTreeWindMotion.uexp" 1560
"../../../Engine/Content/Functions/Engine_MaterialFunctions02/ObjectLocalBounds.uasset" 1561
"../../../Engine/Content/Functions/Engine_MaterialFunctions02/ObjectLocalBounds.uexp" 1562
"../../../Engine/Content/Functions/Engine_MaterialFunctions02/UVs/BoundingBoxBased_0-1_UVW.uasset" 1563
"../../../Engine/Content/Functions/Engine_MaterialFunctions02/UVs/BoundingBoxBased_0-1_UVW.uexp" 1564
"../../../Engine/Plugins/Editor/SpeedTreeImporter/Content/SpeedTree9/SpeedTreeBranchMotion.uasset" 1565
"../../../Engine/Plugins/Editor/SpeedTreeImporter/Content/SpeedTree9/SpeedTreeBranchMotion.uexp" 1566
"../../../Engine/Plugins/Editor/SpeedTreeImporter/Content/SpeedTree9/SpeedTreeWind.uasset" 1567
"../../../Engine/Plugins/Editor/SpeedTreeImporter/Content/SpeedTree9/SpeedTreeWind.uexp" 1568
"../../../Engine/Plugins/Editor/SpeedTreeImporter/Content/SpeedTree9/SpeedTreeCameraFacing.uasset" 1569
"../../../Engine/Plugins/Editor/SpeedTreeImporter/Content/SpeedTree9/SpeedTreeCameraFacing.uexp" 1570
"../../../Engine/Plugins/Editor/SpeedTreeImporter/Content/SpeedTree9/EmptyNormal.uasset" 1571
"../../../Engine/Plugins/Editor/SpeedTreeImporter/Content/SpeedTree9/EmptyNormal.uexp" 1572
"../../../Engine/Plugins/Editor/SpeedTreeImporter/Content/SpeedTree9/Empty.uasset" 1573
"../../../Engine/Plugins/Editor/SpeedTreeImporter/Content/SpeedTree9/Empty.uexp" 1574
"../../../Engine/Plugins/Editor/SpeedTreeImporter/Content/SpeedTree9/SpeedTreeMaster.uasset" 1575
"../../../Engine/Plugins/Editor/SpeedTreeImporter/Content/SpeedTree9/SpeedTreeMaster.uexp" 1576
"../../../Engine/Plugins/Editor/SpeedTreeImporter/Content/SpeedTree9/SpeedTreeBillboard.uasset" 1577
"../../../Engine/Plugins/Editor/SpeedTreeImporter/Content/SpeedTree9/SpeedTreeBillboard.uexp" 1578
"../../../Engine/Plugins/Editor/SpeedTreeImporter/Content/SpeedTree9/SpeedTreeBillboardMaster.uasset" 1579
"../../../Engine/Plugins/Editor/SpeedTreeImporter/Content/SpeedTree9/SpeedTreeBillboardMaster.uexp" 1580
"../../../Engine/Plugins/Compositing/Composure/Content/Textures/Debug/T_SuspendedElement.ubulk" 1581
"../../../Engine/Plugins/Compositing/Composure/Content/Textures/Debug/T_SuspendedElement.uasset" 1582
"../../../Engine/Plugins/Compositing/Composure/Content/Textures/Debug/T_SuspendedElement.uexp" 1583
"../../../Engine/Plugins/Compositing/Composure/Content/Textures/Debug/T_EmptyElement.ubulk" 1584
"../../../Engine/Plugins/Compositing/Composure/Content/Textures/Debug/T_EmptyElement.uasset" 1585
"../../../Engine/Plugins/Compositing/Composure/Content/Textures/Debug/T_EmptyElement.uexp" 1586
"../../../Engine/Plugins/Compositing/Composure/Content/Textures/Debug/T_DisabledElement.ubulk" 1587
"../../../Engine/Plugins/Compositing/Composure/Content/Textures/Debug/T_DisabledElement.uasset" 1588
"../../../Engine/Plugins/Compositing/Composure/Content/Textures/Debug/T_DisabledElement.uexp" 1589
"../../../Engine/Plugins/Compositing/Composure/Content/Textures/Debug/T_CompilerError.ubulk" 1590
"../../../Engine/Plugins/Compositing/Composure/Content/Textures/Debug/T_CompilerError.uasset" 1591
"../../../Engine/Plugins/Compositing/Composure/Content/Textures/Debug/T_CompilerError.uexp" 1592
"../../../Engine/Plugins/Compositing/Composure/Content/Materials/ReplaceTonemapper/ComposureReplaceTonemapperComposeBloom.uasset" 1593
"../../../Engine/Plugins/Compositing/Composure/Content/Materials/ReplaceTonemapper/ComposureReplaceTonemapperComposeBloom.uexp" 1594
"../../../Engine/Plugins/Compositing/Composure/Content/Materials/ReplaceTonemapper/ComposureReplaceTonemapperByTexture.uasset" 1595
"../../../Engine/Plugins/Compositing/Composure/Content/Materials/ReplaceTonemapper/ComposureReplaceTonemapperByTexture.uexp" 1596
"../../../Engine/Plugins/Compositing/Composure/Content/Materials/PassSetup/ComposureSimpleSetupMaterial.uasset" 1597
"../../../Engine/Plugins/Compositing/Composure/Content/Materials/PassSetup/ComposureSimpleSetupMaterial.uexp" 1598
"../../../Engine/Plugins/Compositing/Composure/Content/Materials/PassSetup/ComposureBeforeTranslucencySetBlack.uasset" 1599
"../../../Engine/Plugins/Compositing/Composure/Content/Materials/PassSetup/ComposureBeforeTranslucencySetBlack.uexp" 1600
"../../../Engine/Plugins/Compositing/Composure/Content/Materials/Media/T_EmptyMediaTexture.uasset" 1601
"../../../Engine/Plugins/Compositing/Composure/Content/Materials/Media/T_EmptyMediaTexture.uexp" 1602
"../../../Engine/Plugins/Compositing/Composure/Content/Materials/Media/M_VideoPlateDefault.uasset" 1603
"../../../Engine/Plugins/Compositing/Composure/Content/Materials/Media/M_VideoPlateDefault.uexp" 1604
"../../../Engine/Plugins/Compositing/Composure/Content/Materials/Media/M_StaticVideoPlateDebug.uasset" 1605
"../../../Engine/Plugins/Compositing/Composure/Content/Materials/Media/M_StaticVideoPlateDebug.uexp" 1606
"../../../Engine/Plugins/Compositing/Composure/Content/Materials/Compositing/M_AlphaScale.uasset" 1607
"../../../Engine/Plugins/Compositing/Composure/Content/Materials/Compositing/M_AlphaScale.uexp" 1608
"../../../Engine/Plugins/Compositing/Composure/Content/Materials/Compositing/UnpreMult.uasset" 1609
"../../../Engine/Plugins/Compositing/Composure/Content/Materials/Compositing/UnpreMult.uexp" 1610
"../../../Engine/Plugins/Compositing/Composure/Content/Materials/Compositing/PreMult.uasset" 1611
"../../../Engine/Plugins/Compositing/Composure/Content/Materials/Compositing/PreMult.uexp" 1612
"../../../Engine/Content/Functions/Engine_MaterialFunctions01/Chromakeying/RGBtoHSV.uasset" 1613
"../../../Engine/Content/Functions/Engine_MaterialFunctions01/Chromakeying/RGBtoHSV.uexp" 1614
"../../../Engine/Plugins/Compositing/Composure/Content/Materials/ChromaKeying/M_SinglePassDespill.uasset" 1615
"../../../Engine/Plugins/Compositing/Composure/Content/Materials/ChromaKeying/M_SinglePassDespill.uexp" 1616
"../../../Engine/Plugins/Compositing/Composure/Content/Materials/ChromaKeying/MF_KeyColorMask.uasset" 1617
"../../../Engine/Plugins/Compositing/Composure/Content/Materials/ChromaKeying/MF_KeyColorMask.uexp" 1618
"../../../Engine/Plugins/Compositing/Composure/Content/Materials/ChromaKeying/Bias.uasset" 1619
"../../../Engine/Plugins/Compositing/Composure/Content/Materials/ChromaKeying/Bias.uexp" 1620
"../../../Engine/Plugins/Compositing/Composure/Content/Materials/ChromaKeying/M_SinglePassChromaKeyer.uasset" 1621
"../../../Engine/Plugins/Compositing/Composure/Content/Materials/ChromaKeying/M_SinglePassChromaKeyer.uexp" 1622
"../../../Engine/Plugins/Animation/ControlRig/Content/Controls/ControlRigXRayMaterial.uasset" 1623
"../../../Engine/Plugins/Animation/ControlRig/Content/Controls/ControlRigXRayMaterial.uexp" 1624
"../../../Engine/Plugins/Animation/ControlRig/Content/Controls/ControlRigGizmoMaterial.uasset" 1625
"../../../Engine/Plugins/Animation/ControlRig/Content/Controls/ControlRigGizmoMaterial.uexp" 1626
"../../../Engine/Content/Functions/Engine_MaterialFunctions01/Shading/ConvertFromDiffSpec.uasset" 1627
"../../../Engine/Content/Functions/Engine_MaterialFunctions01/Shading/ConvertFromDiffSpec.uexp" 1628
"../../../Engine/Content/MaterialTemplates/Gradients/Gradient_Radial.uasset" 1629
"../../../Engine/Content/MaterialTemplates/Gradients/Gradient_Radial.uexp" 1630
"../../../Engine/Content/MaterialTemplates/Gradients/Gradient_Linear.uasset" 1631
"../../../Engine/Content/MaterialTemplates/Gradients/Gradient_Linear.uexp" 1632
"../../../Engine/Content/EngineResources/FilmGrains/Marcie_Grain_v3_128_M2_000.uasset" 1633
"../../../Engine/Content/EngineResources/FilmGrains/Marcie_Grain_v3_128_M2_000.uexp" 1634
"../../../Engine/Content/EngineResources/Development/ZenLogo_64.uasset" 1635
"../../../Engine/Content/EngineResources/Development/ZenLogo_64.uexp" 1636
"../../../Engine/Content/EngineMaterials/RemoveSurfaceMaterial.uasset" 1637
"../../../Engine/Content/EngineMaterials/RemoveSurfaceMaterial.uexp" 1638
"../../../Engine/Content/EngineMaterials/PreintegratedSkinBRDF.uasset" 1639
"../../../Engine/Content/EngineMaterials/PreintegratedSkinBRDF.uexp" 1640
"../../../Engine/Content/EngineMaterials/DefaultCalibrationGrayscale.uasset" 1641
"../../../Engine/Content/EngineMaterials/DefaultCalibrationGrayscale.uexp" 1642
"../../../Engine/Content/EngineMaterials/PPM_DefaultCalibrationGrayscale.uasset" 1643
"../../../Engine/Content/EngineMaterials/PPM_DefaultCalibrationGrayscale.uexp" 1644
"../../../Engine/Content/EngineMaterials/DefaultCalibrationColor.uasset" 1645
"../../../Engine/Content/EngineMaterials/DefaultCalibrationColor.uexp" 1646
"../../../Engine/Content/EngineMaterials/PPM_DefaultCalibrationColor.uasset" 1647
"../../../Engine/Content/EngineMaterials/PPM_DefaultCalibrationColor.uexp" 1648
"../../../Engine/Content/EngineMaterials/PhAT_JointLimitMaterial.uasset" 1649
"../../../Engine/Content/EngineMaterials/PhAT_JointLimitMaterial.uexp" 1650
"../../../Engine/Content/EngineMaterials/NaniteHiddenSectionMaterial.uasset" 1651
"../../../Engine/Content/EngineMaterials/NaniteHiddenSectionMaterial.uexp" 1652
"../../../Engine/Content/EngineMaterials/InvalidLightmapSettings.ubulk" 1653
"../../../Engine/Content/EngineMaterials/InvalidLightmapSettings.uasset" 1654
"../../../Engine/Content/EngineMaterials/InvalidLightmapSettings.uexp" 1655
"../../../Engine/Content/EngineMaterials/M_InvalidLightmapSettings.uasset" 1656
"../../../Engine/Content/EngineMaterials/M_InvalidLightmapSettings.uexp" 1657
"../../../Engine/Content/EngineMaterials/MiniFont.uasset" 1658
"../../../Engine/Content/EngineMaterials/MiniFont.uexp" 1659
"../../../Engine/Content/EngineMaterials/GizmoMaterial.uasset" 1660
"../../../Engine/Content/EngineMaterials/GizmoMaterial.uexp" 1661
"../../../Engine/Content/EngineMaterials/BaseFlattenDiffuseMap_VT.ubulk" 1662
"../../../Engine/Content/EngineMaterials/BaseFlattenDiffuseMap_VT.uasset" 1663
"../../../Engine/Content/EngineMaterials/BaseFlattenDiffuseMap_VT.uexp" 1664
"../../../Engine/Content/EngineMaterials/BaseFlattenEmissiveMap_VT.ubulk" 1665
"../../../Engine/Content/EngineMaterials/BaseFlattenEmissiveMap_VT.uasset" 1666
"../../../Engine/Content/EngineMaterials/BaseFlattenEmissiveMap_VT.uexp" 1667
"../../../Engine/Content/EngineMaterials/BaseFlattenGrayscaleMap_VT.ubulk" 1668
"../../../Engine/Content/EngineMaterials/BaseFlattenGrayscaleMap_VT.uasset" 1669
"../../../Engine/Content/EngineMaterials/BaseFlattenGrayscaleMap_VT.uexp" 1670
"../../../Engine/Content/EngineMaterials/BaseFlattenLinearColor_VT.ubulk" 1671
"../../../Engine/Content/EngineMaterials/BaseFlattenLinearColor_VT.uasset" 1672
"../../../Engine/Content/EngineMaterials/BaseFlattenLinearColor_VT.uexp" 1673
"../../../Engine/Content/EngineMaterials/BaseFlattenNormalMap_VT.ubulk" 1674
"../../../Engine/Content/EngineMaterials/BaseFlattenNormalMap_VT.uasset" 1675
"../../../Engine/Content/EngineMaterials/BaseFlattenNormalMap_VT.uexp" 1676
"../../../Engine/Content/EngineMaterials/Black_1x1_EXR_Texture_VT.ubulk" 1677
"../../../Engine/Content/EngineMaterials/Black_1x1_EXR_Texture_VT.uasset" 1678
"../../../Engine/Content/EngineMaterials/Black_1x1_EXR_Texture_VT.uexp" 1679
"../../../Engine/Content/EngineMaterials/FlattenMaterial_WS_Normal_VT.uasset" 1680
"../../../Engine/Content/EngineMaterials/FlattenMaterial_WS_Normal_VT.uexp" 1681
"../../../Engine/Content/EngineMaterials/FlattenMaterial_VT.uasset" 1682
"../../../Engine/Content/EngineMaterials/FlattenMaterial_VT.uexp" 1683
"../../../Engine/Content/EngineMaterials/BaseFlattenNormalMap.uasset" 1684
"../../../Engine/Content/EngineMaterials/BaseFlattenNormalMap.uexp" 1685
"../../../Engine/Content/EngineMaterials/BaseFlattenDiffuseMap.uasset" 1686
"../../../Engine/Content/EngineMaterials/BaseFlattenDiffuseMap.uexp" 1687
"../../../Engine/Content/EngineMaterials/BaseFlattenEmissiveMap.uasset" 1688
"../../../Engine/Content/EngineMaterials/BaseFlattenEmissiveMap.uexp" 1689
"../../../Engine/Content/EngineMaterials/BaseFlattenGrayscaleMap.uasset" 1690
"../../../Engine/Content/EngineMaterials/BaseFlattenGrayscaleMap.uexp" 1691
"../../../Engine/Content/EngineMaterials/BaseFlattenLinearColor.uasset" 1692
"../../../Engine/Content/EngineMaterials/BaseFlattenLinearColor.uexp" 1693
"../../../Engine/Content/EngineMaterials/FlattenMaterial.uasset" 1694
"../../../Engine/Content/EngineMaterials/FlattenMaterial.uexp" 1695
"../../../Engine/Content/EngineMaterials/FastBlueNoise_vec2_128x128x64.uasset" 1696
"../../../Engine/Content/EngineMaterials/FastBlueNoise_vec2_128x128x64.uexp" 1697
"../../../Engine/Content/EngineMaterials/FastBlueNoise_scalar_128x128x8.uasset" 1698
"../../../Engine/Content/EngineMaterials/FastBlueNoise_scalar_128x128x8.uexp" 1699
"../../../Engine/Content/EngineMaterials/FastBlueNoise_scalar_128x128x64.uasset" 1700
"../../../Engine/Content/EngineMaterials/FastBlueNoise_scalar_128x128x64.uexp" 1701
"../../../Engine/Content/EngineMaterials/DefaultWhiteGrid_Low.uasset" 1702
"../../../Engine/Content/EngineMaterials/DefaultWhiteGrid_Low.uexp" 1703
"../../../Engine/Content/EngineMaterials/EmissiveMeshMaterial.uasset" 1704
"../../../Engine/Content/EngineMaterials/EmissiveMeshMaterial.uexp" 1705
"../../../Engine/Content/EngineMaterials/DefaultWhiteGrid.ubulk" 1706
"../../../Engine/Content/EngineMaterials/DefaultWhiteGrid.uasset" 1707
"../../../Engine/Content/EngineMaterials/DefaultWhiteGrid.uexp" 1708
"../../../Engine/Content/EngineMaterials/DefaultTextMaterialOpaque.uasset" 1709
"../../../Engine/Content/EngineMaterials/DefaultTextMaterialOpaque.uexp" 1710
"../../../Engine/Content/EngineMaterials/DefaultPostProcessMaterial.uasset" 1711
"../../../Engine/Content/EngineMaterials/DefaultPostProcessMaterial.uexp" 1712
"../../../Engine/Content/EngineMaterials/DefaultLightFunctionMaterial.uasset" 1713
"../../../Engine/Content/EngineMaterials/DefaultLightFunctionMaterial.uexp" 1714
"../../../Engine/Content/EngineMaterials/DefaultDeferredDecalMaterial.uasset" 1715
"../../../Engine/Content/EngineMaterials/DefaultDeferredDecalMaterial.uexp" 1716
"../../../Engine/Content/EngineMaterials/DefaultBokeh.uasset" 1717
"../../../Engine/Content/EngineMaterials/DefaultBokeh.uexp" 1718
"../../../Engine/Content/EngineMaterials/DefaultBloomKernel.uasset" 1719
"../../../Engine/Content/EngineMaterials/DefaultBloomKernel.uexp" 1720
"../../../Engine/Content/EngineMaterials/LTC/Sheen_LTC.uasset" 1721
"../../../Engine/Content/EngineMaterials/LTC/Sheen_LTC.uexp" 1722
"../../../Engine/Content/EngineMaterials/LTC/GGX_LTCMat.uasset" 1723
"../../../Engine/Content/EngineMaterials/LTC/GGX_LTCMat.uexp" 1724
"../../../Engine/Content/EngineMaterials/LTC/GGX_LTCAmp.uasset" 1725
"../../../Engine/Content/EngineMaterials/LTC/GGX_LTCAmp.uexp" 1726
"../../../Engine/Content/EngineMaterials/EnergyConservation/Sheen_Energy.uasset" 1727
"../../../Engine/Content/EngineMaterials/EnergyConservation/Sheen_Energy.uexp" 1728
"../../../Engine/Content/EngineMaterials/EnergyConservation/SheenLegacy_Energy.uasset" 1729
"../../../Engine/Content/EngineMaterials/EnergyConservation/SheenLegacy_Energy.uexp" 1730
"../../../Engine/Content/EngineMaterials/EnergyConservation/GGX_TransmissionEnergyArray.uasset" 1731
"../../../Engine/Content/EngineMaterials/EnergyConservation/GGX_TransmissionEnergyArray.uexp" 1732
"../../../Engine/Content/EngineMaterials/EnergyConservation/GGX_ReflectionEnergy.uasset" 1733
"../../../Engine/Content/EngineMaterials/EnergyConservation/GGX_ReflectionEnergy.uexp" 1734
"../../../Engine/Content/EngineMaterials/EnergyConservation/Diffuse_Energy.uasset" 1735
"../../../Engine/Content/EngineMaterials/EnergyConservation/Diffuse_Energy.uexp" 1736
"../../../Engine/Content/EngineDebugMaterials/VolumeToRender.uasset" 1737
"../../../Engine/Content/EngineDebugMaterials/VolumeToRender.uexp" 1738
"../../../Engine/Content/EngineDebugMaterials/M_VolumeRenderSphereTracePP.uasset" 1739
"../../../Engine/Content/EngineDebugMaterials/M_VolumeRenderSphereTracePP.uexp" 1740
"../../../Engine/Content/EngineDebugMaterials/M_SimpleUnlitTranslucent.uasset" 1741
"../../../Engine/Content/EngineDebugMaterials/M_SimpleUnlitTranslucent.uexp" 1742
"../../../Engine/Content/EngineDebugMaterials/DebugMeshMaterial.uasset" 1743
"../../../Engine/Content/EngineDebugMaterials/DebugMeshMaterial.uexp" 1744
"../../../Engine/Content/EngineDebugMaterials/DebugEditorMaterial.uasset" 1745
"../../../Engine/Content/EngineDebugMaterials/DebugEditorMaterial.uexp" 1746
"../../../Engine/Content/EngineDamageTypes/DmgTypeBP_Environmental.uasset" 1747
"../../../Engine/Content/EngineDamageTypes/DmgTypeBP_Environmental.uexp" 1748
"../../../Engine/Content/EditorResources/S_TriggerSphere.uasset" 1749
"../../../Engine/Content/EditorResources/S_TriggerSphere.uexp" 1750
"../../../Engine/Content/EditorResources/S_TriggerCapsule.uasset" 1751
"../../../Engine/Content/EditorResources/S_TriggerCapsule.uexp" 1752
"../../../Engine/Content/EditorResources/S_TriggerBox.uasset" 1753
"../../../Engine/Content/EditorResources/S_TriggerBox.uexp" 1754
"../../../Engine/Content/EditorResources/S_Trigger.ubulk" 1755
"../../../Engine/Content/EditorResources/S_Trigger.uasset" 1756
"../../../Engine/Content/EditorResources/S_Trigger.uexp" 1757
"../../../Engine/Content/EditorResources/S_Solver.ubulk" 1758
"../../../Engine/Content/EditorResources/S_Solver.uasset" 1759
"../../../Engine/Content/EditorResources/S_Solver.uexp" 1760
"../../../Engine/Content/EditorResources/S_BoxReflectionCapture.uasset" 1761
"../../../Engine/Content/EditorResources/S_BoxReflectionCapture.uexp" 1762
"../../../Engine/Content/EditorResources/BSPVertex.uasset" 1763
"../../../Engine/Content/EditorResources/BSPVertex.uexp" 1764
"../../../Engine/Content/EditorResources/SequenceRecorder/RecordingIndicator.uasset" 1765
"../../../Engine/Content/EditorResources/SequenceRecorder/RecordingIndicator.uexp" 1766
"../../../Engine/Content/EditorResources/SequenceRecorder/Countdown.uasset" 1767
"../../../Engine/Content/EditorResources/SequenceRecorder/Countdown.uexp" 1768
"../../../Engine/Content/EditorMaterials/PreviewShadowIndicator.ubulk" 1769
"../../../Engine/Content/EditorMaterials/PreviewShadowIndicator.uasset" 1770
"../../../Engine/Content/EditorMaterials/PreviewShadowIndicator.uexp" 1771
"../../../Engine/Content/EditorMaterials/PreviewShadowIndicatorMaterial.uasset" 1772
"../../../Engine/Content/EditorMaterials/PreviewShadowIndicatorMaterial.uexp" 1773
"../../../Engine/Content/EditorMaterials/PhAT_UnselectedMaterial.uasset" 1774
"../../../Engine/Content/EditorMaterials/PhAT_UnselectedMaterial.uexp" 1775
"../../../Engine/Content/EditorMaterials/PhAT_NoCollisionMaterial.uasset" 1776
"../../../Engine/Content/EditorMaterials/PhAT_NoCollisionMaterial.uexp" 1777
"../../../Engine/Content/EditorMaterials/ParticleSystems/PSysThumbnail_OOD.ubulk" 1778
"../../../Engine/Content/EditorMaterials/ParticleSystems/PSysThumbnail_OOD.uasset" 1779
"../../../Engine/Content/EditorMaterials/ParticleSystems/PSysThumbnail_OOD.uexp" 1780
"../../../Engine/Content/EditorMaterials/ParticleSystems/PSysThumbnail_NoImage.ubulk" 1781
"../../../Engine/Content/EditorMaterials/ParticleSystems/PSysThumbnail_NoImage.uasset" 1782
"../../../Engine/Content/EditorMaterials/ParticleSystems/PSysThumbnail_NoImage.uexp" 1783
"../../../Engine/Content/EditorMaterials/Dataflow/DataflowVertexMaterial.uasset" 1784
"../../../Engine/Content/EditorMaterials/Dataflow/DataflowVertexMaterial.uexp" 1785
"../../../Engine/Content/EditorMaterials/Dataflow/DataflowTwoSidedVertexMaterial.uasset" 1786
"../../../Engine/Content/EditorMaterials/Dataflow/DataflowTwoSidedVertexMaterial.uexp" 1787
"../../../Engine/Content/EditorLandscapeResources/WhiteSquareTexture.uasset" 1788
"../../../Engine/Content/EditorLandscapeResources/WhiteSquareTexture.uexp" 1789
"../../../Engine/Content/EditorLandscapeResources/LayerVisMaterial.uasset" 1790
"../../../Engine/Content/EditorLandscapeResources/LayerVisMaterial.uexp" 1791
"../../../Engine/Content/Functions/Engine_MaterialFunctions01/Texturing/ScaleUVsByCenter.uasset" 1792
"../../../Engine/Content/Functions/Engine_MaterialFunctions01/Texturing/ScaleUVsByCenter.uexp" 1793
"../../../Engine/Content/Functions/Engine_MaterialFunctions02/WorldPositionOffset/LocalPosition.uasset" 1794
"../../../Engine/Content/Functions/Engine_MaterialFunctions02/WorldPositionOffset/LocalPosition.uexp" 1795
"../../../Engine/Content/Functions/Engine_MaterialFunctions01/Debug/DebugIntValues.uasset" 1796
"../../../Engine/Content/Functions/Engine_MaterialFunctions01/Debug/DebugIntValues.uexp" 1797
"../../../Engine/Content/EditorLandscapeResources/LandscapeLayerUsageMaterial.uasset" 1798
"../../../Engine/Content/EditorLandscapeResources/LandscapeLayerUsageMaterial.uexp" 1799
"../../../Engine/Content/EditorLandscapeResources/DefaultAlphaTexture.uasset" 1800
"../../../Engine/Content/EditorLandscapeResources/DefaultAlphaTexture.uexp" 1801
"../../../Engine/Content/EditorLandscapeResources/LandscapeDirtyMaterial.uasset" 1802
"../../../Engine/Content/EditorLandscapeResources/LandscapeDirtyMaterial.uexp" 1803
"../../../Engine/Content/Functions/Engine_MaterialFunctions01/Shading/PowerToRoughness.uasset" 1804
"../../../Engine/Content/Functions/Engine_MaterialFunctions01/Shading/PowerToRoughness.uexp" 1805
"../../../Engine/Content/EditorResources/S_Terrain.ubulk" 1806
"../../../Engine/Content/EditorResources/S_Terrain.uasset" 1807
"../../../Engine/Content/EditorResources/S_Terrain.uexp" 1808
"../../../Engine/Content/Functions/Engine_MaterialFunctions02/WorldPositionOffset/V2/ObjectScale.uasset" 1809
"../../../Engine/Content/Functions/Engine_MaterialFunctions02/WorldPositionOffset/V2/ObjectScale.uexp" 1810
"../../../Engine/Content/Functions/Engine_MaterialFunctions02/WorldPositionOffset/Sprite.uasset" 1811
"../../../Engine/Content/Functions/Engine_MaterialFunctions02/WorldPositionOffset/Sprite.uexp" 1812
"../../../Engine/Plugins/Experimental/Landmass/Content/Landscape/BlueprintBrushes/Materials/Sprite/M_BrushSprite_01.uasset" 1813
"../../../Engine/Plugins/Experimental/Landmass/Content/Landscape/BlueprintBrushes/Materials/Sprite/M_BrushSprite_01.uexp" 1814
"../../../Engine/Content/EngineMaterials/BlendFunc_DefBlend.uasset" 1815
"../../../Engine/Content/EngineMaterials/BlendFunc_DefBlend.uexp" 1816
"../../../Engine/Content/EngineMaterials/BlendFunc_DefBase.uasset" 1817
"../../../Engine/Content/EngineMaterials/BlendFunc_DefBase.uexp" 1818
"../../../Engine/Content/EngineResources/Black_Low.uasset" 1819
"../../../Engine/Content/EngineResources/Black_Low.uexp" 1820
"../../../Engine/Content/Functions/Engine_MaterialFunctions03/Procedurals/ComputeFilterWidth.uasset" 1821
"../../../Engine/Content/Functions/Engine_MaterialFunctions03/Procedurals/ComputeFilterWidth.uexp" 1822
"../../../Engine/Content/EditorMaterials/TilingAALineIntegral.uasset" 1823
"../../../Engine/Content/EditorMaterials/TilingAALineIntegral.uexp" 1824
"../../../Engine/Content/EditorMaterials/TilingAALineBoxFiltered.uasset" 1825
"../../../Engine/Content/EditorMaterials/TilingAALineBoxFiltered.uexp" 1826
"../../../Engine/Content/Functions/Engine_MaterialFunctions03/Blends/Blend_Screen.uasset" 1827
"../../../Engine/Content/Functions/Engine_MaterialFunctions03/Blends/Blend_Screen.uexp" 1828
"../../../Engine/Content/EditorMaterials/TilingAAGrid.uasset" 1829
"../../../Engine/Content/EditorMaterials/TilingAAGrid.uexp" 1830
"../../../Engine/Content/ArtTools/RenderToTexture/Textures/T_EV_BlankWhite_01.uasset" 1831
"../../../Engine/Content/ArtTools/RenderToTexture/Textures/T_EV_BlankWhite_01.uexp" 1832
"../../../Engine/Plugins/Experimental/Landmass/Content/Landscape/BlueprintBrushes/MPC/MPC_Landscape.uasset" 1833
"../../../Engine/Plugins/Experimental/Landmass/Content/Landscape/BlueprintBrushes/MPC/MPC_Landscape.uexp" 1834
"../../../Engine/Plugins/Experimental/Landmass/Content/Landscape/BlueprintBrushes/MF/PointSampleLandscapeUVs.uasset" 1835
"../../../Engine/Plugins/Experimental/Landmass/Content/Landscape/BlueprintBrushes/MF/PointSampleLandscapeUVs.uexp" 1836
"../../../Engine/Plugins/Experimental/Landmass/Content/Landscape/OldPrototype_BP/Mats/MF/UnpackRG8Height.uasset" 1837
"../../../Engine/Plugins/Experimental/Landmass/Content/Landscape/OldPrototype_BP/Mats/MF/UnpackRG8Height.uexp" 1838
"../../../Engine/Plugins/Experimental/Landmass/Content/Landscape/BlueprintBrushes/MF/LandmassBrush_UVs.uasset" 1839
"../../../Engine/Plugins/Experimental/Landmass/Content/Landscape/BlueprintBrushes/MF/LandmassBrush_UVs.uexp" 1840
"../../../Engine/Plugins/Experimental/Landmass/Content/Landscape/BlueprintBrushes/MF/Landmass_BrushTilt.uasset" 1841
"../../../Engine/Plugins/Experimental/Landmass/Content/Landscape/BlueprintBrushes/MF/Landmass_BrushTilt.uexp" 1842
"../../../Engine/Plugins/Experimental/Landmass/Content/Landscape/BlueprintBrushes/MF/LandmassBrush_Noise.uasset" 1843
"../../../Engine/Plugins/Experimental/Landmass/Content/Landscape/BlueprintBrushes/MF/LandmassBrush_Noise.uexp" 1844
"../../../Engine/Plugins/Experimental/Landmass/Content/Landscape/BlueprintBrushes/MF/LandmassBrush_EdgeFalloff.uasset" 1845
"../../../Engine/Plugins/Experimental/Landmass/Content/Landscape/BlueprintBrushes/MF/LandmassBrush_EdgeFalloff.uexp" 1846
"../../../Engine/Plugins/Experimental/Landmass/Content/Landscape/BlueprintBrushes/Materials/BrushMaterials/BasicFunctions/LandmassBrush_ShapeMask.uasset" 1847
"../../../Engine/Plugins/Experimental/Landmass/Content/Landscape/BlueprintBrushes/Materials/BrushMaterials/BasicFunctions/LandmassBrush_ShapeMask.uexp" 1848
"../../../Engine/Plugins/Experimental/Landmass/Content/Landscape/BlueprintBrushes/Materials/Internal/BrushBounds.uasset" 1849
"../../../Engine/Plugins/Experimental/Landmass/Content/Landscape/BlueprintBrushes/Materials/Internal/BrushBounds.uexp" 1850
"../../../Engine/Content/EngineMeshes/Sphere.ubulk" 1851
"../../../Engine/Content/EngineMeshes/Sphere.uasset" 1852
"../../../Engine/Content/EngineMeshes/Sphere.uexp" 1853
"../../../Engine/Plugins/2D/Paper2D/Content/DefaultSpriteMaterial.uasset" 1854
"../../../Engine/Plugins/2D/Paper2D/Content/DefaultSpriteMaterial.uexp" 1855
"../../../Engine/Plugins/2D/Paper2D/Content/OpaqueUnlitSpriteMaterial.uasset" 1856
"../../../Engine/Plugins/2D/Paper2D/Content/OpaqueUnlitSpriteMaterial.uexp" 1857
"../../../Engine/Plugins/2D/Paper2D/Content/MaskedUnlitSpriteMaterial.uasset" 1858
"../../../Engine/Plugins/2D/Paper2D/Content/MaskedUnlitSpriteMaterial.uexp" 1859
"../../../Engine/Plugins/Runtime/AR/AppleAR/AppleARKit/Content/M_OcclusionOverlay.uasset" 1860
"../../../Engine/Plugins/Runtime/AR/AppleAR/AppleARKit/Content/M_OcclusionOverlay.uexp" 1861
"../../../Engine/Plugins/Runtime/AR/AppleAR/AppleARKit/Content/MI_MatteOcclusionOverlay.uasset" 1862
"../../../Engine/Plugins/Runtime/AR/AppleAR/AppleARKit/Content/MI_MatteOcclusionOverlay.uexp" 1863
"../../../Engine/Plugins/Runtime/AR/AppleAR/AppleARKit/Content/MI_DepthOcclusionOverlay.uasset" 1864
"../../../Engine/Plugins/Runtime/AR/AppleAR/AppleARKit/Content/MI_DepthOcclusionOverlay.uexp" 1865
"../../../Engine/Plugins/NNE/NNEDenoiser/Content/NNE_oidn2-3-0_rt_hdr_calb_cnrm_large__dyn__fp16_opset11_ForwardAlpha.uasset" 1866
"../../../Engine/Plugins/NNE/NNEDenoiser/Content/NNE_oidn2-3-0_rt_hdr_calb_cnrm_large__dyn__fp16_opset11_ForwardAlpha.uexp" 1867
"../../../Engine/Plugins/NNE/NNEDenoiser/Content/NNE_oidn2-3-0_rt_hdr_calb_cnrm_large__dyn__fp16_opset11_DenoiseAlpha.uasset" 1868
"../../../Engine/Plugins/NNE/NNEDenoiser/Content/NNE_oidn2-3-0_rt_hdr_calb_cnrm_large__dyn__fp16_opset11_DenoiseAlpha.uexp" 1869
"../../../Engine/Plugins/NNE/NNEDenoiser/Content/NNE_oidn2-3-0_rt_hdr_alb_nrm__dyn__fp16_opset11_ForwardAlpha.uasset" 1870
"../../../Engine/Plugins/NNE/NNEDenoiser/Content/NNE_oidn2-3-0_rt_hdr_alb_nrm__dyn__fp16_opset11_ForwardAlpha.uexp" 1871
"../../../Engine/Plugins/NNE/NNEDenoiser/Content/NNE_oidn2-3-0_rt_hdr_alb_nrm__dyn__fp16_opset11_DenoiseAlpha.uasset" 1872
"../../../Engine/Plugins/NNE/NNEDenoiser/Content/NNE_oidn2-3-0_rt_hdr_alb_nrm__dyn__fp16_opset11_DenoiseAlpha.uexp" 1873
"../../../Engine/Plugins/NNE/NNEDenoiser/Content/NNE_oidn2-3-0_rt_hdr_alb_nrm_small__dyn__fp16_opset11_ForwardAlpha.uasset" 1874
"../../../Engine/Plugins/NNE/NNEDenoiser/Content/NNE_oidn2-3-0_rt_hdr_alb_nrm_small__dyn__fp16_opset11_ForwardAlpha.uexp" 1875
"../../../Engine/Plugins/NNE/NNEDenoiser/Content/NNE_oidn2-3-0_rt_hdr_alb_nrm_small__dyn__fp16_opset11_DenoiseAlpha.uasset" 1876
"../../../Engine/Plugins/NNE/NNEDenoiser/Content/NNE_oidn2-3-0_rt_hdr_alb_nrm_small__dyn__fp16_opset11_DenoiseAlpha.uexp" 1877
"../../../Engine/Plugins/Media/MediaPlate/Content/SM_MediaPlateScreen.ubulk" 1878
"../../../Engine/Plugins/Media/MediaPlate/Content/SM_MediaPlateScreen.uasset" 1879
"../../../Engine/Plugins/Media/MediaPlate/Content/SM_MediaPlateScreen.uexp" 1880
"../../../Engine/Plugins/Runtime/OpenXR/Content/Devices/M_XRController.uasset" 1881
"../../../Engine/Plugins/Runtime/OpenXR/Content/Devices/M_XRController.uexp" 1882
"../../../Engine/Plugins/Runtime/OpenXR/Content/Devices/OculusGo/BaseTexture.ubulk" 1883
"../../../Engine/Plugins/Runtime/OpenXR/Content/Devices/OculusGo/BaseTexture.uasset" 1884
"../../../Engine/Plugins/Runtime/OpenXR/Content/Devices/OculusGo/BaseTexture.uexp" 1885
"../../../Engine/Plugins/Runtime/OpenXR/Content/Devices/OculusGo/MI_OculusGo.uasset" 1886
"../../../Engine/Plugins/Runtime/OpenXR/Content/Devices/OculusGo/MI_OculusGo.uexp" 1887
"../../../Engine/Plugins/Runtime/OpenXR/Content/Devices/OculusGo/OculusGoController.ubulk" 1888
"../../../Engine/Plugins/Runtime/OpenXR/Content/Devices/OculusGo/OculusGoController.uasset" 1889
"../../../Engine/Plugins/Runtime/OpenXR/Content/Devices/OculusGo/OculusGoController.uexp" 1890
"../../../Engine/Plugins/Runtime/OpenXR/Content/Devices/HTCVive/BaseTexture.ubulk" 1891
"../../../Engine/Plugins/Runtime/OpenXR/Content/Devices/HTCVive/BaseTexture.uasset" 1892
"../../../Engine/Plugins/Runtime/OpenXR/Content/Devices/HTCVive/BaseTexture.uexp" 1893
"../../../Engine/Plugins/Runtime/OpenXR/Content/Devices/HTCVive/MI_HTCVive.uasset" 1894
"../../../Engine/Plugins/Runtime/OpenXR/Content/Devices/HTCVive/MI_HTCVive.uexp" 1895
"../../../Engine/Plugins/Runtime/OpenXR/Content/Devices/HTCVive/HTCViveController.ubulk" 1896
"../../../Engine/Plugins/Runtime/OpenXR/Content/Devices/HTCVive/HTCViveController.uasset" 1897
"../../../Engine/Plugins/Runtime/OpenXR/Content/Devices/HTCVive/HTCViveController.uexp" 1898
"../../../Engine/Plugins/Runtime/nDisplay/Content/Materials/Editor/M_NormalMapMesh.uasset" 1899
"../../../Engine/Plugins/Runtime/nDisplay/Content/Materials/Editor/M_NormalMapMesh.uexp" 1900
"../../../Engine/Plugins/Runtime/nDisplay/Content/Meshes/SM_IcoSphere.ubulk" 1901
"../../../Engine/Plugins/Runtime/nDisplay/Content/Meshes/SM_IcoSphere.uasset" 1902
"../../../Engine/Plugins/Runtime/nDisplay/Content/Meshes/SM_IcoSphere.uexp" 1903
"../../../Engine/Plugins/Runtime/nDisplay/Content/Meshes/plane_hd_1x1.ubulk" 1904
"../../../Engine/Plugins/Runtime/nDisplay/Content/Meshes/plane_hd_1x1.uasset" 1905
"../../../Engine/Plugins/Runtime/nDisplay/Content/Meshes/plane_hd_1x1.uexp" 1906
"../../../Engine/Plugins/Runtime/nDisplay/Content/LightCard/T_UVIndicator.uasset" 1907
"../../../Engine/Plugins/Runtime/nDisplay/Content/LightCard/T_UVIndicator.uexp" 1908
"../../../Engine/Plugins/Runtime/nDisplay/Content/LightCard/M_UVIndicator.uasset" 1909
"../../../Engine/Plugins/Runtime/nDisplay/Content/LightCard/M_UVIndicator.uexp" 1910
"../../../Engine/Plugins/Runtime/nDisplay/Content/LightCard/SM_UVIndicator.ubulk" 1911
"../../../Engine/Plugins/Runtime/nDisplay/Content/LightCard/SM_UVIndicator.uasset" 1912
"../../../Engine/Plugins/Runtime/nDisplay/Content/LightCard/SM_UVIndicator.uexp" 1913
"../../../Engine/Plugins/Runtime/nDisplay/Content/LightCard/M_LightCard.uasset" 1914
"../../../Engine/Plugins/Runtime/nDisplay/Content/LightCard/M_LightCard.uexp" 1915
"../../../Engine/Plugins/Runtime/nDisplay/Content/LightCard/SM_LightCardPlane.ubulk" 1916
"../../../Engine/Plugins/Runtime/nDisplay/Content/LightCard/SM_LightCardPlane.uasset" 1917
"../../../Engine/Plugins/Runtime/nDisplay/Content/LightCard/SM_LightCardPlane.uexp" 1918
"../../../Engine/Plugins/Runtime/AR/ARUtilities/Content/Materials/M_ScreenSpacePassthroughCamera.uasset" 1919
"../../../Engine/Plugins/Runtime/AR/ARUtilities/Content/Materials/M_ScreenSpacePassthroughCamera.uexp" 1920
"../../../Engine/Plugins/Runtime/AR/ARUtilities/Content/Materials/MI_ScreenSpacePassthroughCameraExternalTexture.uasset" 1921
"../../../Engine/Plugins/Runtime/AR/ARUtilities/Content/Materials/MI_ScreenSpacePassthroughCameraExternalTexture.uexp" 1922
"../../../Engine/Plugins/Interchange/Assets/Content/gltf/Textures/T_White_srgb.uasset" 1923
"../../../Engine/Plugins/Interchange/Assets/Content/gltf/Textures/T_White_srgb.uexp" 1924
"../../../Engine/Plugins/Interchange/Assets/Content/gltf/MaterialFunctions/MF_BaseColor.uasset" 1925
"../../../Engine/Plugins/Interchange/Assets/Content/gltf/MaterialFunctions/MF_BaseColor.uexp" 1926
"../../../Engine/Plugins/Interchange/Assets/Content/gltf/MaterialFunctions/MF_RotateV2.uasset" 1927
"../../../Engine/Plugins/Interchange/Assets/Content/gltf/MaterialFunctions/MF_RotateV2.uexp" 1928
"../../../Engine/Plugins/Interchange/Assets/Content/gltf/MaterialFunctions/MF_TransformUVs.uasset" 1929
"../../../Engine/Plugins/Interchange/Assets/Content/gltf/MaterialFunctions/MF_TransformUVs.uexp" 1930
"../../../Engine/Plugins/Interchange/Assets/Content/gltf/MaterialBodies/MF_Unlit_Body.uasset" 1931
"../../../Engine/Plugins/Interchange/Assets/Content/gltf/MaterialBodies/MF_Unlit_Body.uexp" 1932
"../../../Engine/Plugins/Interchange/Assets/Content/gltf/M_Unlit.uasset" 1933
"../../../Engine/Plugins/Interchange/Assets/Content/gltf/M_Unlit.uexp" 1934
"../../../Engine/Plugins/Interchange/Assets/Content/gltf/MaterialInstances/MI_Unlit_Opaque_DS.uasset" 1935
"../../../Engine/Plugins/Interchange/Assets/Content/gltf/MaterialInstances/MI_Unlit_Opaque_DS.uexp" 1936
"../../../Engine/Plugins/Interchange/Assets/Content/gltf/MaterialInstances/MI_Unlit_Opaque.uasset" 1937
"../../../Engine/Plugins/Interchange/Assets/Content/gltf/MaterialInstances/MI_Unlit_Opaque.uexp" 1938
"../../../Engine/Plugins/Interchange/Assets/Content/gltf/MaterialInstances/MI_Unlit_Mask_DS.uasset" 1939
"../../../Engine/Plugins/Interchange/Assets/Content/gltf/MaterialInstances/MI_Unlit_Mask_DS.uexp" 1940
"../../../Engine/Plugins/Interchange/Assets/Content/gltf/MaterialInstances/MI_Unlit_Mask.uasset" 1941
"../../../Engine/Plugins/Interchange/Assets/Content/gltf/MaterialInstances/MI_Unlit_Mask.uexp" 1942
"../../../Engine/Plugins/Interchange/Assets/Content/gltf/MaterialInstances/MI_Unlit_Blend_DS.uasset" 1943
"../../../Engine/Plugins/Interchange/Assets/Content/gltf/MaterialInstances/MI_Unlit_Blend_DS.uexp" 1944
"../../../Engine/Plugins/Interchange/Assets/Content/gltf/MaterialInstances/MI_Unlit_Blend.uasset" 1945
"../../../Engine/Plugins/Interchange/Assets/Content/gltf/MaterialInstances/MI_Unlit_Blend.uexp" 1946
"../../../Engine/Content/EngineMaterials/Good64x64TilingNoiseHighFreq.uasset" 1947
"../../../Engine/Content/EngineMaterials/Good64x64TilingNoiseHighFreq.uexp" 1948
"../../../Engine/Content/Functions/Engine_MaterialFunctions02/Texturing/ScreenAlignedPixelToPixelUVs.uasset" 1949
"../../../Engine/Content/Functions/Engine_MaterialFunctions02/Texturing/ScreenAlignedPixelToPixelUVs.uexp" 1950
"../../../Engine/Plugins/Interchange/Assets/Content/Utilities/New_LUT.uasset" 1951
"../../../Engine/Plugins/Interchange/Assets/Content/Utilities/New_LUT.uexp" 1952
"../../../Engine/Plugins/Interchange/Assets/Content/Functions/MF_Iridescence.uasset" 1953
"../../../Engine/Plugins/Interchange/Assets/Content/Functions/MF_Iridescence.uexp" 1954
"../../../Engine/Plugins/Interchange/Assets/Content/gltf/MaterialFunctions/MF_Fresnel_DS.uasset" 1955
"../../../Engine/Plugins/Interchange/Assets/Content/gltf/MaterialFunctions/MF_Fresnel_DS.uexp" 1956
"../../../Engine/Plugins/Interchange/Assets/Content/gltf/MaterialFunctions/MF_IOR.uasset" 1957
"../../../Engine/Plugins/Interchange/Assets/Content/gltf/MaterialFunctions/MF_IOR.uexp" 1958
"../../../Engine/Plugins/Interchange/Assets/Content/gltf/MaterialFunctions/MF_Iridescence.uasset" 1959
"../../../Engine/Plugins/Interchange/Assets/Content/gltf/MaterialFunctions/MF_Iridescence.uexp" 1960
"../../../Engine/Plugins/Interchange/Assets/Content/gltf/Textures/T_White_Linear.uasset" 1961
"../../../Engine/Plugins/Interchange/Assets/Content/gltf/Textures/T_White_Linear.uexp" 1962
"../../../Engine/Plugins/Interchange/Assets/Content/gltf/MaterialFunctions/MF_MetallicRoughness.uasset" 1963
"../../../Engine/Plugins/Interchange/Assets/Content/gltf/MaterialFunctions/MF_MetallicRoughness.uexp" 1964
"../../../Engine/Plugins/Interchange/Assets/Content/gltf/MaterialFunctions/MF_RotateNormals_TS.uasset" 1965
"../../../Engine/Plugins/Interchange/Assets/Content/gltf/MaterialFunctions/MF_RotateNormals_TS.uexp" 1966
"../../../Engine/Plugins/Interchange/Assets/Content/gltf/MaterialFunctions/MF_ScaleNormal.uasset" 1967
"../../../Engine/Plugins/Interchange/Assets/Content/gltf/MaterialFunctions/MF_ScaleNormal.uexp" 1968
"../../../Engine/Plugins/Interchange/Assets/Content/gltf/Textures/T_Generic_N.uasset" 1969
"../../../Engine/Plugins/Interchange/Assets/Content/gltf/Textures/T_Generic_N.uexp" 1970
"../../../Engine/Plugins/Interchange/Assets/Content/gltf/MaterialFunctions/MF_Normals.uasset" 1971
"../../../Engine/Plugins/Interchange/Assets/Content/gltf/MaterialFunctions/MF_Normals.uexp" 1972
"../../../Engine/Plugins/Interchange/Assets/Content/gltf/MaterialFunctions/MF_Occlusion.uasset" 1973
"../../../Engine/Plugins/Interchange/Assets/Content/gltf/MaterialFunctions/MF_Occlusion.uexp" 1974
"../../../Engine/Plugins/Interchange/Assets/Content/gltf/MaterialFunctions/MF_Specular.uasset" 1975
"../../../Engine/Plugins/Interchange/Assets/Content/gltf/MaterialFunctions/MF_Specular.uexp" 1976
"../../../Engine/Plugins/Interchange/Assets/Content/gltf/Textures/T_Anisotropy_Direction_Linear.uasset" 1977
"../../../Engine/Plugins/Interchange/Assets/Content/gltf/Textures/T_Anisotropy_Direction_Linear.uexp" 1978
"../../../Engine/Plugins/Interchange/Assets/Content/gltf/MaterialFunctions/MF_SpecularAnisotropy.uasset" 1979
"../../../Engine/Plugins/Interchange/Assets/Content/gltf/MaterialFunctions/MF_SpecularAnisotropy.uexp" 1980
"../../../Engine/Plugins/Interchange/Assets/Content/gltf/MaterialFunctions/MF_Temporal_Blur.uasset" 1981
"../../../Engine/Plugins/Interchange/Assets/Content/gltf/MaterialFunctions/MF_Temporal_Blur.uexp" 1982
"../../../Engine/Plugins/Interchange/Assets/Content/gltf/MaterialFunctions/MF_Transmission.uasset" 1983
"../../../Engine/Plugins/Interchange/Assets/Content/gltf/MaterialFunctions/MF_Transmission.uexp" 1984
"../../../Engine/Plugins/Interchange/Assets/Content/gltf/MaterialBodies/MF_Transmission_Body.uasset" 1985
"../../../Engine/Plugins/Interchange/Assets/Content/gltf/MaterialBodies/MF_Transmission_Body.uexp" 1986
"../../../Engine/Plugins/Interchange/Assets/Content/gltf/M_Transmission.uasset" 1987
"../../../Engine/Plugins/Interchange/Assets/Content/gltf/M_Transmission.uexp" 1988
"../../../Engine/Plugins/Interchange/Assets/Content/gltf/MaterialInstances/MI_Transmission_DS.uasset" 1989
"../../../Engine/Plugins/Interchange/Assets/Content/gltf/MaterialInstances/MI_Transmission_DS.uexp" 1990
"../../../Engine/Plugins/Interchange/Assets/Content/gltf/MaterialInstances/MI_Transmission.uasset" 1991
"../../../Engine/Plugins/Interchange/Assets/Content/gltf/MaterialInstances/MI_Transmission.uexp" 1992
"../../../Engine/Content/Functions/Engine_MaterialFunctions02/Math/AddComponents.uasset" 1993
"../../../Engine/Content/Functions/Engine_MaterialFunctions02/Math/AddComponents.uexp" 1994
"../../../Engine/Plugins/Interchange/Assets/Content/gltf/MaterialFunctions/MF_DiffuseSpecGloss.uasset" 1995
"../../../Engine/Plugins/Interchange/Assets/Content/gltf/MaterialFunctions/MF_DiffuseSpecGloss.uexp" 1996
"../../../Engine/Plugins/Interchange/Assets/Content/gltf/MaterialFunctions/MF_Emissive.uasset" 1997
"../../../Engine/Plugins/Interchange/Assets/Content/gltf/MaterialFunctions/MF_Emissive.uexp" 1998
"../../../Engine/Plugins/Interchange/Assets/Content/gltf/MaterialFunctions/MF_MaxComponentValue.uasset" 1999
"../../../Engine/Plugins/Interchange/Assets/Content/gltf/MaterialFunctions/MF_MaxComponentValue.uexp" 2000
"../../../Engine/Plugins/Interchange/Assets/Content/gltf/MaterialFunctions/MF_PerceivedBrightness.uasset" 2001
"../../../Engine/Plugins/Interchange/Assets/Content/gltf/MaterialFunctions/MF_PerceivedBrightness.uexp" 2002
"../../../Engine/Plugins/Interchange/Assets/Content/gltf/MaterialFunctions/MF_SpecGlossToMetalRoughness.uasset" 2003
"../../../Engine/Plugins/Interchange/Assets/Content/gltf/MaterialFunctions/MF_SpecGlossToMetalRoughness.uexp" 2004
"../../../Engine/Plugins/Interchange/Assets/Content/gltf/MaterialBodies/MF_SpecularGlossiness_Body.uasset" 2005
"../../../Engine/Plugins/Interchange/Assets/Content/gltf/MaterialBodies/MF_SpecularGlossiness_Body.uexp" 2006
"../../../Engine/Plugins/Interchange/Assets/Content/gltf/M_SpecularGlossiness.uasset" 2007
"../../../Engine/Plugins/Interchange/Assets/Content/gltf/M_SpecularGlossiness.uexp" 2008
"../../../Engine/Plugins/Interchange/Assets/Content/gltf/MaterialInstances/MI_SpecularGlossiness_Opaque_DS.uasset" 2009
"../../../Engine/Plugins/Interchange/Assets/Content/gltf/MaterialInstances/MI_SpecularGlossiness_Opaque_DS.uexp" 2010
"../../../Engine/Plugins/Interchange/Assets/Content/gltf/MaterialInstances/MI_SpecularGlossiness_Opaque.uasset" 2011
"../../../Engine/Plugins/Interchange/Assets/Content/gltf/MaterialInstances/MI_SpecularGlossiness_Opaque.uexp" 2012
"../../../Engine/Plugins/Interchange/Assets/Content/gltf/MaterialInstances/MI_SpecularGlossiness_Mask_DS.uasset" 2013
"../../../Engine/Plugins/Interchange/Assets/Content/gltf/MaterialInstances/MI_SpecularGlossiness_Mask_DS.uexp" 2014
"../../../Engine/Plugins/Interchange/Assets/Content/gltf/MaterialInstances/MI_SpecularGlossiness_Mask.uasset" 2015
"../../../Engine/Plugins/Interchange/Assets/Content/gltf/MaterialInstances/MI_SpecularGlossiness_Mask.uexp" 2016
"../../../Engine/Plugins/Interchange/Assets/Content/gltf/MaterialInstances/MI_SpecularGlossiness_Blend_DS.uasset" 2017
"../../../Engine/Plugins/Interchange/Assets/Content/gltf/MaterialInstances/MI_SpecularGlossiness_Blend_DS.uexp" 2018
"../../../Engine/Plugins/Interchange/Assets/Content/gltf/MaterialInstances/MI_SpecularGlossiness_Blend.uasset" 2019
"../../../Engine/Plugins/Interchange/Assets/Content/gltf/MaterialInstances/MI_SpecularGlossiness_Blend.uexp" 2020
"../../../Engine/Plugins/Interchange/Assets/Content/gltf/MaterialFunctions/MF_Sheen.uasset" 2021
"../../../Engine/Plugins/Interchange/Assets/Content/gltf/MaterialFunctions/MF_Sheen.uexp" 2022
"../../../Engine/Plugins/Interchange/Assets/Content/gltf/MaterialBodies/MF_Sheen_Body.uasset" 2023
"../../../Engine/Plugins/Interchange/Assets/Content/gltf/MaterialBodies/MF_Sheen_Body.uexp" 2024
"../../../Engine/Plugins/Interchange/Assets/Content/gltf/M_Sheen.uasset" 2025
"../../../Engine/Plugins/Interchange/Assets/Content/gltf/M_Sheen.uexp" 2026
"../../../Engine/Plugins/Interchange/Assets/Content/gltf/MaterialInstances/MI_Sheen_Opaque_DS.uasset" 2027
"../../../Engine/Plugins/Interchange/Assets/Content/gltf/MaterialInstances/MI_Sheen_Opaque_DS.uexp" 2028
"../../../Engine/Plugins/Interchange/Assets/Content/gltf/MaterialInstances/MI_Sheen_Opaque.uasset" 2029
"../../../Engine/Plugins/Interchange/Assets/Content/gltf/MaterialInstances/MI_Sheen_Opaque.uexp" 2030
"../../../Engine/Plugins/Interchange/Assets/Content/gltf/MaterialInstances/MI_Sheen_Mask_DS.uasset" 2031
"../../../Engine/Plugins/Interchange/Assets/Content/gltf/MaterialInstances/MI_Sheen_Mask_DS.uexp" 2032
"../../../Engine/Plugins/Interchange/Assets/Content/gltf/MaterialInstances/MI_Sheen_Mask.uasset" 2033
"../../../Engine/Plugins/Interchange/Assets/Content/gltf/MaterialInstances/MI_Sheen_Mask.uexp" 2034
"../../../Engine/Plugins/Interchange/Assets/Content/gltf/MaterialInstances/MI_Sheen_Blend_DS.uasset" 2035
"../../../Engine/Plugins/Interchange/Assets/Content/gltf/MaterialInstances/MI_Sheen_Blend_DS.uexp" 2036
"../../../Engine/Plugins/Interchange/Assets/Content/gltf/MaterialInstances/MI_Sheen_Blend.uasset" 2037
"../../../Engine/Plugins/Interchange/Assets/Content/gltf/MaterialInstances/MI_Sheen_Blend.uexp" 2038
"../../../Engine/Plugins/Interchange/Assets/Content/gltf/MaterialBodies/MF_Default_Body.uasset" 2039
"../../../Engine/Plugins/Interchange/Assets/Content/gltf/MaterialBodies/MF_Default_Body.uexp" 2040
"../../../Engine/Plugins/Interchange/Assets/Content/gltf/M_Default.uasset" 2041
"../../../Engine/Plugins/Interchange/Assets/Content/gltf/M_Default.uexp" 2042
"../../../Engine/Plugins/Interchange/Assets/Content/gltf/MaterialInstances/MI_Default_Mask_DS.uasset" 2043
"../../../Engine/Plugins/Interchange/Assets/Content/gltf/MaterialInstances/MI_Default_Mask_DS.uexp" 2044
"../../../Engine/Plugins/Interchange/Assets/Content/gltf/MaterialInstances/MI_Default_Mask.uasset" 2045
"../../../Engine/Plugins/Interchange/Assets/Content/gltf/MaterialInstances/MI_Default_Mask.uexp" 2046
"../../../Engine/Plugins/Interchange/Assets/Content/gltf/MaterialInstances/MI_Default_Blend.uasset" 2047
"../../../Engine/Plugins/Interchange/Assets/Content/gltf/MaterialInstances/MI_Default_Blend.uexp" 2048
"../../../Engine/Content/Functions/Engine_MaterialFunctions01/Texturing/FlattenNormal.uasset" 2049
"../../../Engine/Content/Functions/Engine_MaterialFunctions01/Texturing/FlattenNormal.uexp" 2050
"../../../Engine/Plugins/Interchange/Assets/Content/gltf/MaterialFunctions/MF_Clearcoat.uasset" 2051
"../../../Engine/Plugins/Interchange/Assets/Content/gltf/MaterialFunctions/MF_Clearcoat.uexp" 2052
"../../../Engine/Plugins/Interchange/Assets/Content/gltf/MaterialBodies/MF_ClearCoat_Body.uasset" 2053
"../../../Engine/Plugins/Interchange/Assets/Content/gltf/MaterialBodies/MF_ClearCoat_Body.uexp" 2054
"../../../Engine/Plugins/Interchange/Assets/Content/gltf/M_ClearCoat.uasset" 2055
"../../../Engine/Plugins/Interchange/Assets/Content/gltf/M_ClearCoat.uexp" 2056
"../../../Engine/Plugins/Interchange/Assets/Content/gltf/MaterialInstances/MI_ClearCoat_Opaque.uasset" 2057
"../../../Engine/Plugins/Interchange/Assets/Content/gltf/MaterialInstances/MI_ClearCoat_Opaque.uexp" 2058
"../../../Engine/Plugins/Interchange/Assets/Content/gltf/MaterialInstances/MI_ClearCoat_Mask_DS.uasset" 2059
"../../../Engine/Plugins/Interchange/Assets/Content/gltf/MaterialInstances/MI_ClearCoat_Mask_DS.uexp" 2060
"../../../Engine/Plugins/Interchange/Assets/Content/gltf/MaterialInstances/MI_ClearCoat_Mask.uasset" 2061
"../../../Engine/Plugins/Interchange/Assets/Content/gltf/MaterialInstances/MI_ClearCoat_Mask.uexp" 2062
"../../../Engine/Plugins/Interchange/Assets/Content/gltf/MaterialInstances/MI_ClearCoat_Blend_DS.uasset" 2063
"../../../Engine/Plugins/Interchange/Assets/Content/gltf/MaterialInstances/MI_ClearCoat_Blend_DS.uexp" 2064
"../../../Engine/Plugins/Interchange/Assets/Content/gltf/MaterialInstances/MI_ClearCoat_Blend.uasset" 2065
"../../../Engine/Plugins/Interchange/Assets/Content/gltf/MaterialInstances/MI_ClearCoat_Blend.uexp" 2066
"../../../Engine/Plugins/Experimental/Water/Content/Meshes/RiverMesh.ubulk" 2067
"../../../Engine/Plugins/Experimental/Water/Content/Meshes/RiverMesh.uasset" 2068
"../../../Engine/Plugins/Experimental/Water/Content/Meshes/RiverMesh.uexp" 2069
"../../../Engine/Plugins/Experimental/Water/Content/Meshes/LakeMesh.ubulk" 2070
"../../../Engine/Plugins/Experimental/Water/Content/Meshes/LakeMesh.uasset" 2071
"../../../Engine/Plugins/Experimental/Water/Content/Meshes/LakeMesh.uexp" 2072
"../../../Engine/Plugins/Experimental/Water/Content/Curves/FloatCurve_WaterBodyIsland.uasset" 2073
"../../../Engine/Plugins/Experimental/Water/Content/Curves/FloatCurve_WaterBodyIsland.uexp" 2074
"../../../Engine/Plugins/Experimental/Water/Content/Curves/FloatCurve.uasset" 2075
"../../../Engine/Plugins/Experimental/Water/Content/Curves/FloatCurve.uexp" 2076
"../../../Engine/Plugins/Experimental/VirtualProductionUtilities/Content/Bookmark/M_BookmarkVP.uasset" 2077
"../../../Engine/Plugins/Experimental/VirtualProductionUtilities/Content/Bookmark/M_BookmarkVP.uexp" 2078
"../../../Engine/Plugins/Experimental/VirtualProductionUtilities/Content/Bookmark/MI_BookmarkVPNoUser.uasset" 2079
"../../../Engine/Plugins/Experimental/VirtualProductionUtilities/Content/Bookmark/MI_BookmarkVPNoUser.uexp" 2080
"../../../Engine/Plugins/Experimental/VirtualProductionUtilities/Content/Bookmark/BookmarkVPMesh.ubulk" 2081
"../../../Engine/Plugins/Experimental/VirtualProductionUtilities/Content/Bookmark/BookmarkVPMesh.uasset" 2082
"../../../Engine/Plugins/Experimental/VirtualProductionUtilities/Content/Bookmark/BookmarkVPMesh.uexp" 2083
"../../../Engine/Plugins/Experimental/Landmass/Content/Landscape/Meshes/S_SpritePlane.ubulk" 2084
"../../../Engine/Plugins/Experimental/Landmass/Content/Landscape/Meshes/S_SpritePlane.uasset" 2085
"../../../Engine/Plugins/Experimental/Landmass/Content/Landscape/Meshes/S_SpritePlane.uexp" 2086
"../../../Engine/Plugins/Experimental/CineCameraRigs/Content/AttachMount/M_CineCameraAttachMount_PreviewBack.uasset" 2087
"../../../Engine/Plugins/Experimental/CineCameraRigs/Content/AttachMount/M_CineCameraAttachMount_PreviewBack.uexp" 2088
"../../../Engine/Plugins/Experimental/CineCameraRigs/Content/AttachMount/M_CineCameraAttachMount_Preview.uasset" 2089
"../../../Engine/Plugins/Experimental/CineCameraRigs/Content/AttachMount/M_CineCameraAttachMount_Preview.uexp" 2090
"../../../Engine/Plugins/Experimental/CineCameraRigs/Content/AttachMount/SM_CineCameraAttachMount_PreviewMesh.ubulk" 2091
"../../../Engine/Plugins/Experimental/CineCameraRigs/Content/AttachMount/SM_CineCameraAttachMount_PreviewMesh.uasset" 2092
"../../../Engine/Plugins/Experimental/CineCameraRigs/Content/AttachMount/SM_CineCameraAttachMount_PreviewMesh.uexp" 2093
"../../../Engine/Plugins/Animation/ControlRig/Content/Controls/ControlRig_Wedge_solid.ubulk" 2094
"../../../Engine/Plugins/Animation/ControlRig/Content/Controls/ControlRig_Wedge_solid.uasset" 2095
"../../../Engine/Plugins/Animation/ControlRig/Content/Controls/ControlRig_Wedge_solid.uexp" 2096
"../../../Engine/Plugins/Animation/ControlRig/Content/Controls/ControlRig_Wedge_3mm.ubulk" 2097
"../../../Engine/Plugins/Animation/ControlRig/Content/Controls/ControlRig_Wedge_3mm.uasset" 2098
"../../../Engine/Plugins/Animation/ControlRig/Content/Controls/ControlRig_Wedge_3mm.uexp" 2099
"../../../Engine/Plugins/Animation/ControlRig/Content/Controls/ControlRig_Wedge_1mm.ubulk" 2100
"../../../Engine/Plugins/Animation/ControlRig/Content/Controls/ControlRig_Wedge_1mm.uasset" 2101
"../../../Engine/Plugins/Animation/ControlRig/Content/Controls/ControlRig_Wedge_1mm.uexp" 2102
"../../../Engine/Plugins/Animation/ControlRig/Content/Controls/ControlRig_Triangle_solid.ubulk" 2103
"../../../Engine/Plugins/Animation/ControlRig/Content/Controls/ControlRig_Triangle_solid.uasset" 2104
"../../../Engine/Plugins/Animation/ControlRig/Content/Controls/ControlRig_Triangle_solid.uexp" 2105
"../../../Engine/Plugins/Animation/ControlRig/Content/Controls/ControlRig_Triangle_3mm.ubulk" 2106
"../../../Engine/Plugins/Animation/ControlRig/Content/Controls/ControlRig_Triangle_3mm.uasset" 2107
"../../../Engine/Plugins/Animation/ControlRig/Content/Controls/ControlRig_Triangle_3mm.uexp" 2108
"../../../Engine/Plugins/Animation/ControlRig/Content/Controls/ControlRig_Triangle_1mm.ubulk" 2109
"../../../Engine/Plugins/Animation/ControlRig/Content/Controls/ControlRig_Triangle_1mm.uasset" 2110
"../../../Engine/Plugins/Animation/ControlRig/Content/Controls/ControlRig_Triangle_1mm.uexp" 2111
"../../../Engine/Plugins/Animation/ControlRig/Content/Controls/ControlRig_Star4_solid.ubulk" 2112
"../../../Engine/Plugins/Animation/ControlRig/Content/Controls/ControlRig_Star4_solid.uasset" 2113
"../../../Engine/Plugins/Animation/ControlRig/Content/Controls/ControlRig_Star4_solid.uexp" 2114
"../../../Engine/Plugins/Animation/ControlRig/Content/Controls/ControlRig_Star4_3mm.ubulk" 2115
"../../../Engine/Plugins/Animation/ControlRig/Content/Controls/ControlRig_Star4_3mm.uasset" 2116
"../../../Engine/Plugins/Animation/ControlRig/Content/Controls/ControlRig_Star4_3mm.uexp" 2117
"../../../Engine/Plugins/Animation/ControlRig/Content/Controls/ControlRig_Star4_1mm.ubulk" 2118
"../../../Engine/Plugins/Animation/ControlRig/Content/Controls/ControlRig_Star4_1mm.uasset" 2119
"../../../Engine/Plugins/Animation/ControlRig/Content/Controls/ControlRig_Star4_1mm.uexp" 2120
"../../../Engine/Plugins/Animation/ControlRig/Content/Controls/ControlRig_Square_solid.ubulk" 2121
"../../../Engine/Plugins/Animation/ControlRig/Content/Controls/ControlRig_Square_solid.uasset" 2122
"../../../Engine/Plugins/Animation/ControlRig/Content/Controls/ControlRig_Square_solid.uexp" 2123
"../../../Engine/Plugins/Animation/ControlRig/Content/Controls/ControlRig_Square_3mm.ubulk" 2124
"../../../Engine/Plugins/Animation/ControlRig/Content/Controls/ControlRig_Square_3mm.uasset" 2125
"../../../Engine/Plugins/Animation/ControlRig/Content/Controls/ControlRig_Square_3mm.uexp" 2126
"../../../Engine/Plugins/Animation/ControlRig/Content/Controls/ControlRig_Square_1mm.ubulk" 2127
"../../../Engine/Plugins/Animation/ControlRig/Content/Controls/ControlRig_Square_1mm.uasset" 2128
"../../../Engine/Plugins/Animation/ControlRig/Content/Controls/ControlRig_Square_1mm.uexp" 2129
"../../../Engine/Plugins/Animation/ControlRig/Content/Controls/ControlRig_Sphere_solid.ubulk" 2130
"../../../Engine/Plugins/Animation/ControlRig/Content/Controls/ControlRig_Sphere_solid.uasset" 2131
"../../../Engine/Plugins/Animation/ControlRig/Content/Controls/ControlRig_Sphere_solid.uexp" 2132
"../../../Engine/Plugins/Animation/ControlRig/Content/Controls/ControlRig_Sphere_3mm.ubulk" 2133
"../../../Engine/Plugins/Animation/ControlRig/Content/Controls/ControlRig_Sphere_3mm.uasset" 2134
"../../../Engine/Plugins/Animation/ControlRig/Content/Controls/ControlRig_Sphere_3mm.uexp" 2135
"../../../Engine/Plugins/Animation/ControlRig/Content/Controls/ControlRig_Sphere_1mm.ubulk" 2136
"../../../Engine/Plugins/Animation/ControlRig/Content/Controls/ControlRig_Sphere_1mm.uasset" 2137
"../../../Engine/Plugins/Animation/ControlRig/Content/Controls/ControlRig_Sphere_1mm.uexp" 2138
"../../../Engine/Plugins/Animation/ControlRig/Content/Controls/ControlRig_RoundedTriangle_solid.ubulk" 2139
"../../../Engine/Plugins/Animation/ControlRig/Content/Controls/ControlRig_RoundedTriangle_solid.uasset" 2140
"../../../Engine/Plugins/Animation/ControlRig/Content/Controls/ControlRig_RoundedTriangle_solid.uexp" 2141
"../../../Engine/Plugins/Animation/ControlRig/Content/Controls/ControlRig_RoundedTriangle_3mm.ubulk" 2142
"../../../Engine/Plugins/Animation/ControlRig/Content/Controls/ControlRig_RoundedTriangle_3mm.uasset" 2143
"../../../Engine/Plugins/Animation/ControlRig/Content/Controls/ControlRig_RoundedTriangle_3mm.uexp" 2144
"../../../Engine/Plugins/Animation/ControlRig/Content/Controls/ControlRig_RoundedTriangle_1mm.ubulk" 2145
"../../../Engine/Plugins/Animation/ControlRig/Content/Controls/ControlRig_RoundedTriangle_1mm.uasset" 2146
"../../../Engine/Plugins/Animation/ControlRig/Content/Controls/ControlRig_RoundedTriangle_1mm.uexp" 2147
"../../../Engine/Plugins/Animation/ControlRig/Content/Controls/ControlRig_RoundedSquare_solid.ubulk" 2148
"../../../Engine/Plugins/Animation/ControlRig/Content/Controls/ControlRig_RoundedSquare_solid.uasset" 2149
"../../../Engine/Plugins/Animation/ControlRig/Content/Controls/ControlRig_RoundedSquare_solid.uexp" 2150
"../../../Engine/Plugins/Animation/ControlRig/Content/Controls/ControlRig_RoundedSquare_3mm.ubulk" 2151
"../../../Engine/Plugins/Animation/ControlRig/Content/Controls/ControlRig_RoundedSquare_3mm.uasset" 2152
"../../../Engine/Plugins/Animation/ControlRig/Content/Controls/ControlRig_RoundedSquare_3mm.uexp" 2153
"../../../Engine/Plugins/Animation/ControlRig/Content/Controls/ControlRig_RoundedSquare_1mm.ubulk" 2154
"../../../Engine/Plugins/Animation/ControlRig/Content/Controls/ControlRig_RoundedSquare_1mm.uasset" 2155
"../../../Engine/Plugins/Animation/ControlRig/Content/Controls/ControlRig_RoundedSquare_1mm.uexp" 2156
"../../../Engine/Plugins/Animation/ControlRig/Content/Controls/ControlRig_QuarterCircle_solid.ubulk" 2157
"../../../Engine/Plugins/Animation/ControlRig/Content/Controls/ControlRig_QuarterCircle_solid.uasset" 2158
"../../../Engine/Plugins/Animation/ControlRig/Content/Controls/ControlRig_QuarterCircle_solid.uexp" 2159
"../../../Engine/Plugins/Animation/ControlRig/Content/Controls/ControlRig_QuarterCircle_3mm.ubulk" 2160
"../../../Engine/Plugins/Animation/ControlRig/Content/Controls/ControlRig_QuarterCircle_3mm.uasset" 2161
"../../../Engine/Plugins/Animation/ControlRig/Content/Controls/ControlRig_QuarterCircle_3mm.uexp" 2162
"../../../Engine/Plugins/Animation/ControlRig/Content/Controls/ControlRig_QuarterCircle_1mm.ubulk" 2163
"../../../Engine/Plugins/Animation/ControlRig/Content/Controls/ControlRig_QuarterCircle_1mm.uasset" 2164
"../../../Engine/Plugins/Animation/ControlRig/Content/Controls/ControlRig_QuarterCircle_1mm.uexp" 2165
"../../../Engine/Plugins/Animation/ControlRig/Content/Controls/ControlRig_Pyramid_solid.ubulk" 2166
"../../../Engine/Plugins/Animation/ControlRig/Content/Controls/ControlRig_Pyramid_solid.uasset" 2167
"../../../Engine/Plugins/Animation/ControlRig/Content/Controls/ControlRig_Pyramid_solid.uexp" 2168
"../../../Engine/Plugins/Animation/ControlRig/Content/Controls/ControlRig_Pyramid_3mm.ubulk" 2169
"../../../Engine/Plugins/Animation/ControlRig/Content/Controls/ControlRig_Pyramid_3mm.uasset" 2170
"../../../Engine/Plugins/Animation/ControlRig/Content/Controls/ControlRig_Pyramid_3mm.uexp" 2171
"../../../Engine/Plugins/Animation/ControlRig/Content/Controls/ControlRig_Pyramid_1mm.ubulk" 2172
"../../../Engine/Plugins/Animation/ControlRig/Content/Controls/ControlRig_Pyramid_1mm.uasset" 2173
"../../../Engine/Plugins/Animation/ControlRig/Content/Controls/ControlRig_Pyramid_1mm.uexp" 2174
"../../../Engine/Plugins/Animation/ControlRig/Content/Controls/ControlRig_Octagon_solid.ubulk" 2175
"../../../Engine/Plugins/Animation/ControlRig/Content/Controls/ControlRig_Octagon_solid.uasset" 2176
"../../../Engine/Plugins/Animation/ControlRig/Content/Controls/ControlRig_Octagon_solid.uexp" 2177
"../../../Engine/Plugins/Animation/ControlRig/Content/Controls/ControlRig_Octagon_3mm.ubulk" 2178
"../../../Engine/Plugins/Animation/ControlRig/Content/Controls/ControlRig_Octagon_3mm.uasset" 2179
"../../../Engine/Plugins/Animation/ControlRig/Content/Controls/ControlRig_Octagon_3mm.uexp" 2180
"../../../Engine/Plugins/Animation/ControlRig/Content/Controls/ControlRig_Octagon_1mm.ubulk" 2181
"../../../Engine/Plugins/Animation/ControlRig/Content/Controls/ControlRig_Octagon_1mm.uasset" 2182
"../../../Engine/Plugins/Animation/ControlRig/Content/Controls/ControlRig_Octagon_1mm.uexp" 2183
"../../../Engine/Plugins/Animation/ControlRig/Content/Controls/ControlRig_Hexagon_solid.ubulk" 2184
"../../../Engine/Plugins/Animation/ControlRig/Content/Controls/ControlRig_Hexagon_solid.uasset" 2185
"../../../Engine/Plugins/Animation/ControlRig/Content/Controls/ControlRig_Hexagon_solid.uexp" 2186
"../../../Engine/Plugins/Animation/ControlRig/Content/Controls/ControlRig_Hexagon_3mm.ubulk" 2187
"../../../Engine/Plugins/Animation/ControlRig/Content/Controls/ControlRig_Hexagon_3mm.uasset" 2188
"../../../Engine/Plugins/Animation/ControlRig/Content/Controls/ControlRig_Hexagon_3mm.uexp" 2189
"../../../Engine/Plugins/Animation/ControlRig/Content/Controls/ControlRig_Hexagon_1mm.ubulk" 2190
"../../../Engine/Plugins/Animation/ControlRig/Content/Controls/ControlRig_Hexagon_1mm.uasset" 2191
"../../../Engine/Plugins/Animation/ControlRig/Content/Controls/ControlRig_Hexagon_1mm.uexp" 2192
"../../../Engine/Plugins/Animation/ControlRig/Content/Controls/ControlRig_HalfCircle_solid.ubulk" 2193
"../../../Engine/Plugins/Animation/ControlRig/Content/Controls/ControlRig_HalfCircle_solid.uasset" 2194
"../../../Engine/Plugins/Animation/ControlRig/Content/Controls/ControlRig_HalfCircle_solid.uexp" 2195
"../../../Engine/Plugins/Animation/ControlRig/Content/Controls/ControlRig_HalfCircle_3mm.ubulk" 2196
"../../../Engine/Plugins/Animation/ControlRig/Content/Controls/ControlRig_HalfCircle_3mm.uasset" 2197
"../../../Engine/Plugins/Animation/ControlRig/Content/Controls/ControlRig_HalfCircle_3mm.uexp" 2198
"../../../Engine/Plugins/Animation/ControlRig/Content/Controls/ControlRig_HalfCircle_1mm.ubulk" 2199
"../../../Engine/Plugins/Animation/ControlRig/Content/Controls/ControlRig_HalfCircle_1mm.uasset" 2200
"../../../Engine/Plugins/Animation/ControlRig/Content/Controls/ControlRig_HalfCircle_1mm.uexp" 2201
"../../../Engine/Plugins/Animation/ControlRig/Content/Controls/ControlRig_Diamond_solid.ubulk" 2202
"../../../Engine/Plugins/Animation/ControlRig/Content/Controls/ControlRig_Diamond_solid.uasset" 2203
"../../../Engine/Plugins/Animation/ControlRig/Content/Controls/ControlRig_Diamond_solid.uexp" 2204
"../../../Engine/Plugins/Animation/ControlRig/Content/Controls/ControlRig_Diamond_3mm.ubulk" 2205
"../../../Engine/Plugins/Animation/ControlRig/Content/Controls/ControlRig_Diamond_3mm.uasset" 2206
"../../../Engine/Plugins/Animation/ControlRig/Content/Controls/ControlRig_Diamond_3mm.uexp" 2207
"../../../Engine/Plugins/Animation/ControlRig/Content/Controls/ControlRig_Diamond_1mm.ubulk" 2208
"../../../Engine/Plugins/Animation/ControlRig/Content/Controls/ControlRig_Diamond_1mm.uasset" 2209
"../../../Engine/Plugins/Animation/ControlRig/Content/Controls/ControlRig_Diamond_1mm.uexp" 2210
"../../../Engine/Plugins/Animation/ControlRig/Content/Controls/ControlRig_Circle_solid.ubulk" 2211
"../../../Engine/Plugins/Animation/ControlRig/Content/Controls/ControlRig_Circle_solid.uasset" 2212
"../../../Engine/Plugins/Animation/ControlRig/Content/Controls/ControlRig_Circle_solid.uexp" 2213
"../../../Engine/Plugins/Animation/ControlRig/Content/Controls/ControlRig_Circle_3mm.ubulk" 2214
"../../../Engine/Plugins/Animation/ControlRig/Content/Controls/ControlRig_Circle_3mm.uasset" 2215
"../../../Engine/Plugins/Animation/ControlRig/Content/Controls/ControlRig_Circle_3mm.uexp" 2216
"../../../Engine/Plugins/Animation/ControlRig/Content/Controls/ControlRig_Circle_1mm.ubulk" 2217
"../../../Engine/Plugins/Animation/ControlRig/Content/Controls/ControlRig_Circle_1mm.uasset" 2218
"../../../Engine/Plugins/Animation/ControlRig/Content/Controls/ControlRig_Circle_1mm.uexp" 2219
"../../../Engine/Plugins/Animation/ControlRig/Content/Controls/ControlRig_Box_solid.ubulk" 2220
"../../../Engine/Plugins/Animation/ControlRig/Content/Controls/ControlRig_Box_solid.uasset" 2221
"../../../Engine/Plugins/Animation/ControlRig/Content/Controls/ControlRig_Box_solid.uexp" 2222
"../../../Engine/Plugins/Animation/ControlRig/Content/Controls/ControlRig_Box_3mm.ubulk" 2223
"../../../Engine/Plugins/Animation/ControlRig/Content/Controls/ControlRig_Box_3mm.uasset" 2224
"../../../Engine/Plugins/Animation/ControlRig/Content/Controls/ControlRig_Box_3mm.uexp" 2225
"../../../Engine/Plugins/Animation/ControlRig/Content/Controls/ControlRig_Box_1mm.ubulk" 2226
"../../../Engine/Plugins/Animation/ControlRig/Content/Controls/ControlRig_Box_1mm.uasset" 2227
"../../../Engine/Plugins/Animation/ControlRig/Content/Controls/ControlRig_Box_1mm.uexp" 2228
"../../../Engine/Plugins/Animation/ControlRig/Content/Controls/ControlRig_Arrow_solid.ubulk" 2229
"../../../Engine/Plugins/Animation/ControlRig/Content/Controls/ControlRig_Arrow_solid.uasset" 2230
"../../../Engine/Plugins/Animation/ControlRig/Content/Controls/ControlRig_Arrow_solid.uexp" 2231
"../../../Engine/Plugins/Animation/ControlRig/Content/Controls/ControlRig_Arrow_3mm.ubulk" 2232
"../../../Engine/Plugins/Animation/ControlRig/Content/Controls/ControlRig_Arrow_3mm.uasset" 2233
"../../../Engine/Plugins/Animation/ControlRig/Content/Controls/ControlRig_Arrow_3mm.uexp" 2234
"../../../Engine/Plugins/Animation/ControlRig/Content/Controls/ControlRig_Arrow_1mm.ubulk" 2235
"../../../Engine/Plugins/Animation/ControlRig/Content/Controls/ControlRig_Arrow_1mm.uasset" 2236
"../../../Engine/Plugins/Animation/ControlRig/Content/Controls/ControlRig_Arrow_1mm.uexp" 2237
"../../../Engine/Plugins/Animation/ControlRig/Content/Controls/ControlRig_Arrow4_solid.ubulk" 2238
"../../../Engine/Plugins/Animation/ControlRig/Content/Controls/ControlRig_Arrow4_solid.uasset" 2239
"../../../Engine/Plugins/Animation/ControlRig/Content/Controls/ControlRig_Arrow4_solid.uexp" 2240
"../../../Engine/Plugins/Animation/ControlRig/Content/Controls/ControlRig_Arrow4_3mm.ubulk" 2241
"../../../Engine/Plugins/Animation/ControlRig/Content/Controls/ControlRig_Arrow4_3mm.uasset" 2242
"../../../Engine/Plugins/Animation/ControlRig/Content/Controls/ControlRig_Arrow4_3mm.uexp" 2243
"../../../Engine/Plugins/Animation/ControlRig/Content/Controls/ControlRig_Arrow4_1mm.ubulk" 2244
"../../../Engine/Plugins/Animation/ControlRig/Content/Controls/ControlRig_Arrow4_1mm.uasset" 2245
"../../../Engine/Plugins/Animation/ControlRig/Content/Controls/ControlRig_Arrow4_1mm.uexp" 2246
"../../../Engine/Plugins/Animation/ControlRig/Content/Controls/ControlRig_Arrow2_solid.ubulk" 2247
"../../../Engine/Plugins/Animation/ControlRig/Content/Controls/ControlRig_Arrow2_solid.uasset" 2248
"../../../Engine/Plugins/Animation/ControlRig/Content/Controls/ControlRig_Arrow2_solid.uexp" 2249
"../../../Engine/Plugins/Animation/ControlRig/Content/Controls/ControlRig_Arrow2_3mm.ubulk" 2250
"../../../Engine/Plugins/Animation/ControlRig/Content/Controls/ControlRig_Arrow2_3mm.uasset" 2251
"../../../Engine/Plugins/Animation/ControlRig/Content/Controls/ControlRig_Arrow2_3mm.uexp" 2252
"../../../Engine/Plugins/Animation/ControlRig/Content/Controls/ControlRig_Arrow2_1mm.ubulk" 2253
"../../../Engine/Plugins/Animation/ControlRig/Content/Controls/ControlRig_Arrow2_1mm.uasset" 2254
"../../../Engine/Plugins/Animation/ControlRig/Content/Controls/ControlRig_Arrow2_1mm.uexp" 2255
"../../../Engine/Content/VREditor/TransformGizmo/Xray.uasset" 2256
"../../../Engine/Content/VREditor/TransformGizmo/Xray.uexp" 2257
"../../../Engine/Content/VREditor/TransformGizmo/Main.uasset" 2258
"../../../Engine/Content/VREditor/TransformGizmo/Main.uexp" 2259
"../../../Engine/Content/VREditor/TransformGizmo/SM_Sequencer_Node.ubulk" 2260
"../../../Engine/Content/VREditor/TransformGizmo/SM_Sequencer_Node.uasset" 2261
"../../../Engine/Content/VREditor/TransformGizmo/SM_Sequencer_Node.uexp" 2262
"../../../Engine/Content/VREditor/LaserPointer/VR_LaserPower_01.ubulk" 2263
"../../../Engine/Content/VREditor/LaserPointer/VR_LaserPower_01.uasset" 2264
"../../../Engine/Content/VREditor/LaserPointer/VR_LaserPower_01.uexp" 2265
"../../../Engine/Content/VREditor/TransformGizmo/TransformGizmoMaterial.uasset" 2266
"../../../Engine/Content/VREditor/TransformGizmo/TransformGizmoMaterial.uexp" 2267
"../../../Engine/Content/VREditor/TransformGizmo/TranslucentTransformGizmoMaterial.uasset" 2268
"../../../Engine/Content/VREditor/TransformGizmo/TranslucentTransformGizmoMaterial.uexp" 2269
"../../../Engine/Content/VREditor/TransformGizmo/BoundingBoxEdge.ubulk" 2270
"../../../Engine/Content/VREditor/TransformGizmo/BoundingBoxEdge.uasset" 2271
"../../../Engine/Content/VREditor/TransformGizmo/BoundingBoxEdge.uexp" 2272
"../../../Engine/Content/VREditor/TransformGizmo/BoundingBoxCorner.ubulk" 2273
"../../../Engine/Content/VREditor/TransformGizmo/BoundingBoxCorner.uasset" 2274
"../../../Engine/Content/VREditor/TransformGizmo/BoundingBoxCorner.uexp" 2275
"../../../Engine/Content/VREditor/LaserPointer/LaserPointerMaterial.uasset" 2276
"../../../Engine/Content/VREditor/LaserPointer/LaserPointerMaterial.uexp" 2277
"../../../Engine/Content/VREditor/LaserPointer/LaserPointerMaterialInst.uasset" 2278
"../../../Engine/Content/VREditor/LaserPointer/LaserPointerMaterialInst.uexp" 2279
"../../../Engine/Content/VREditor/FloatingText/LineMaterial.uasset" 2280
"../../../Engine/Content/VREditor/FloatingText/LineMaterial.uexp" 2281
"../../../Engine/Content/VREditor/FloatingText/LineSegmentCylinder.ubulk" 2282
"../../../Engine/Content/VREditor/FloatingText/LineSegmentCylinder.uasset" 2283
"../../../Engine/Content/VREditor/FloatingText/LineSegmentCylinder.uexp" 2284
"../../../Engine/Content/EngineMaterials/Widget3DPassThrough.uasset" 2285
"../../../Engine/Content/EngineMaterials/Widget3DPassThrough.uexp" 2286
"../../../Engine/Content/EngineMaterials/Widget3DPassThrough_Translucent.uasset" 2287
"../../../Engine/Content/EngineMaterials/Widget3DPassThrough_Translucent.uexp" 2288
"../../../Engine/Content/EngineMaterials/Widget3DPassThrough_Translucent_OneSided.uasset" 2289
"../../../Engine/Content/EngineMaterials/Widget3DPassThrough_Translucent_OneSided.uexp" 2290
"../../../Engine/Content/EngineMaterials/Widget3DPassThrough_Opaque.uasset" 2291
"../../../Engine/Content/EngineMaterials/Widget3DPassThrough_Opaque.uexp" 2292
"../../../Engine/Content/EngineMaterials/Widget3DPassThrough_Opaque_OneSided.uasset" 2293
"../../../Engine/Content/EngineMaterials/Widget3DPassThrough_Opaque_OneSided.uexp" 2294
"../../../Engine/Content/EngineMaterials/Widget3DPassThrough_Masked_OneSided.uasset" 2295
"../../../Engine/Content/EngineMaterials/Widget3DPassThrough_Masked_OneSided.uexp" 2296
"../../../Engine/Content/EngineMaterials/Widget3DPassThrough_Masked.uasset" 2297
"../../../Engine/Content/EngineMaterials/Widget3DPassThrough_Masked.uexp" 2298
"../../../Engine/Content/EditorMeshes/Axis_Guide.ubulk" 2299
"../../../Engine/Content/EditorMeshes/Axis_Guide.uasset" 2300
"../../../Engine/Content/EditorMeshes/Axis_Guide.uexp" 2301
"../../../Engine/Content/EditorMaterials/Camera/CineMat.uasset" 2302
"../../../Engine/Content/EditorMaterials/Camera/CineMat.uexp" 2303
"../../../Engine/Content/EditorMaterials/Camera/MI_CineMat_Rig.uasset" 2304
"../../../Engine/Content/EditorMaterials/Camera/MI_CineMat_Rig.uexp" 2305
"../../../Engine/Content/EditorMeshes/Camera/SM_RailRig_Track.ubulk" 2306
"../../../Engine/Content/EditorMeshes/Camera/SM_RailRig_Track.uasset" 2307
"../../../Engine/Content/EditorMeshes/Camera/SM_RailRig_Track.uexp" 2308
"../../../Engine/Content/EditorMeshes/Camera/SM_RailRig_Mount.ubulk" 2309
"../../../Engine/Content/EditorMeshes/Camera/SM_RailRig_Mount.uasset" 2310
"../../../Engine/Content/EditorMeshes/Camera/SM_RailRig_Mount.uexp" 2311
"../../../Engine/Content/EditorMeshes/Camera/SM_CraneRig_Mount.ubulk" 2312
"../../../Engine/Content/EditorMeshes/Camera/SM_CraneRig_Mount.uasset" 2313
"../../../Engine/Content/EditorMeshes/Camera/SM_CraneRig_Mount.uexp" 2314
"../../../Engine/Content/EditorMeshes/Camera/SM_CraneRig_Body.ubulk" 2315
"../../../Engine/Content/EditorMeshes/Camera/SM_CraneRig_Body.uasset" 2316
"../../../Engine/Content/EditorMeshes/Camera/SM_CraneRig_Body.uexp" 2317
"../../../Engine/Content/EditorMeshes/Camera/SM_CraneRig_Base.ubulk" 2318
"../../../Engine/Content/EditorMeshes/Camera/SM_CraneRig_Base.uasset" 2319
"../../../Engine/Content/EditorMeshes/Camera/SM_CraneRig_Base.uexp" 2320
"../../../Engine/Content/EditorMeshes/Camera/SM_CraneRig_Arm.ubulk" 2321
"../../../Engine/Content/EditorMeshes/Camera/SM_CraneRig_Arm.uasset" 2322
"../../../Engine/Content/EditorMeshes/Camera/SM_CraneRig_Arm.uexp" 2323
"../../../Engine/Content/EditorLandscapeResources/SplineEditorMeshMat.uasset" 2324
"../../../Engine/Content/EditorLandscapeResources/SplineEditorMeshMat.uexp" 2325
"../../../Engine/Content/EditorLandscapeResources/SplineEditorMesh.ubulk" 2326
"../../../Engine/Content/EditorLandscapeResources/SplineEditorMesh.uasset" 2327
"../../../Engine/Content/EditorLandscapeResources/SplineEditorMesh.uexp" 2328
"../../../Engine/Content/Functions/Engine_MaterialFunctions03/Math/WithinRangeFloat2.uasset" 2329
"../../../Engine/Content/Functions/Engine_MaterialFunctions03/Math/WithinRangeFloat2.uexp" 2330
"../../../Engine/Content/EditorLandscapeResources/SelectBrushMaterial.uasset" 2331
"../../../Engine/Content/EditorLandscapeResources/SelectBrushMaterial.uexp" 2332
"../../../Engine/Content/EditorLandscapeResources/SelectBrushMaterial_SelectedRegion.uasset" 2333
"../../../Engine/Content/EditorLandscapeResources/SelectBrushMaterial_SelectedRegion.uexp" 2334
"../../../Engine/Content/EditorLandscapeResources/SelectBrushMaterial_Selected.uasset" 2335
"../../../Engine/Content/EditorLandscapeResources/SelectBrushMaterial_Selected.uexp" 2336
"../../../Engine/Content/EditorLandscapeResources/MaskBrushMaterial.uasset" 2337
"../../../Engine/Content/EditorLandscapeResources/MaskBrushMaterial.uexp" 2338
"../../../Engine/Content/EditorLandscapeResources/MaskBrushMaterial_MaskedRegion.uasset" 2339
"../../../Engine/Content/EditorLandscapeResources/MaskBrushMaterial_MaskedRegion.uexp" 2340
"../../../Engine/Content/EditorLandscapeResources/ColorMaskBrushMaterial.uasset" 2341
"../../../Engine/Content/EditorLandscapeResources/ColorMaskBrushMaterial.uexp" 2342
"../../../Engine/Content/EditorLandscapeResources/ColorMaskBrushMaterial_MaskedRegion.uasset" 2343
"../../../Engine/Content/EditorLandscapeResources/ColorMaskBrushMaterial_MaskedRegion.uexp" 2344
"../../../Engine/Content/BasicShapes/Cube.ubulk" 2345
"../../../Engine/Content/BasicShapes/Cube.uasset" 2346
"../../../Engine/Content/BasicShapes/Cube.uexp" 2347
"../../../Engine/Content/EngineMaterials/DefaultMaterial.uasset" 2348
"../../../Engine/Content/EngineMaterials/DefaultMaterial.uexp" 2349
"../../../Engine/Content/BasicShapes/Cone.ubulk" 2350
"../../../Engine/Content/BasicShapes/Cone.uasset" 2351
"../../../Engine/Content/BasicShapes/Cone.uexp" 2352
"../../../Engine/Plugins/Runtime/OpenXR/Content/Devices/ValveIndex/MRTexture.ubulk" 2353
"../../../Engine/Plugins/Runtime/OpenXR/Content/Devices/ValveIndex/MRTexture.uasset" 2354
"../../../Engine/Plugins/Runtime/OpenXR/Content/Devices/ValveIndex/MRTexture.uexp" 2355
"../../../Engine/Plugins/Runtime/OpenXR/Content/Devices/ValveIndex/BaseTexture.ubulk" 2356
"../../../Engine/Plugins/Runtime/OpenXR/Content/Devices/ValveIndex/BaseTexture.uasset" 2357
"../../../Engine/Plugins/Runtime/OpenXR/Content/Devices/ValveIndex/BaseTexture.uexp" 2358
"../../../Engine/Plugins/Runtime/OpenXR/Content/Devices/ValveIndex/Right/MI_right_ValveIndex.uasset" 2359
"../../../Engine/Plugins/Runtime/OpenXR/Content/Devices/ValveIndex/Right/MI_right_ValveIndex.uexp" 2360
"../../../Engine/Plugins/Runtime/OpenXR/Content/Devices/ValveIndex/Right/right_ValveIndexController.ubulk" 2361
"../../../Engine/Plugins/Runtime/OpenXR/Content/Devices/ValveIndex/Right/right_ValveIndexController.uasset" 2362
"../../../Engine/Plugins/Runtime/OpenXR/Content/Devices/ValveIndex/Right/right_ValveIndexController.uexp" 2363
"../../../Engine/Plugins/Runtime/OpenXR/Content/Devices/ValveIndex/Left/MI_left_ValveIndex.uasset" 2364
"../../../Engine/Plugins/Runtime/OpenXR/Content/Devices/ValveIndex/Left/MI_left_ValveIndex.uexp" 2365
"../../../Engine/Plugins/Runtime/OpenXR/Content/Devices/ValveIndex/Left/left_ValveIndexController.ubulk" 2366
"../../../Engine/Plugins/Runtime/OpenXR/Content/Devices/ValveIndex/Left/left_ValveIndexController.uasset" 2367
"../../../Engine/Plugins/Runtime/OpenXR/Content/Devices/ValveIndex/Left/left_ValveIndexController.uexp" 2368
"../../../Engine/Plugins/Runtime/OpenXR/Content/Devices/OculusTouch_v3/MRTexture.ubulk" 2369
"../../../Engine/Plugins/Runtime/OpenXR/Content/Devices/OculusTouch_v3/MRTexture.uasset" 2370
"../../../Engine/Plugins/Runtime/OpenXR/Content/Devices/OculusTouch_v3/MRTexture.uexp" 2371
"../../../Engine/Plugins/Runtime/OpenXR/Content/Devices/OculusTouch_v3/BaseTexture.ubulk" 2372
"../../../Engine/Plugins/Runtime/OpenXR/Content/Devices/OculusTouch_v3/BaseTexture.uasset" 2373
"../../../Engine/Plugins/Runtime/OpenXR/Content/Devices/OculusTouch_v3/BaseTexture.uexp" 2374
"../../../Engine/Plugins/Runtime/OpenXR/Content/Devices/OculusTouch_v3/MI_OculusTouch_v3.uasset" 2375
"../../../Engine/Plugins/Runtime/OpenXR/Content/Devices/OculusTouch_v3/MI_OculusTouch_v3.uexp" 2376
"../../../Engine/Plugins/Runtime/OpenXR/Content/Devices/OculusTouch_v3/Right/right_OculusTouch_v3Controller.ubulk" 2377
"../../../Engine/Plugins/Runtime/OpenXR/Content/Devices/OculusTouch_v3/Right/right_OculusTouch_v3Controller.uasset" 2378
"../../../Engine/Plugins/Runtime/OpenXR/Content/Devices/OculusTouch_v3/Right/right_OculusTouch_v3Controller.uexp" 2379
"../../../Engine/Plugins/Runtime/OpenXR/Content/Devices/OculusTouch_v3/Left/left_OculusTouch_v3Controller.ubulk" 2380
"../../../Engine/Plugins/Runtime/OpenXR/Content/Devices/OculusTouch_v3/Left/left_OculusTouch_v3Controller.uasset" 2381
"../../../Engine/Plugins/Runtime/OpenXR/Content/Devices/OculusTouch_v3/Left/left_OculusTouch_v3Controller.uexp" 2382
"../../../Engine/Plugins/Runtime/OpenXR/Content/Devices/OculusTouch_v2/MRTexture.ubulk" 2383
"../../../Engine/Plugins/Runtime/OpenXR/Content/Devices/OculusTouch_v2/MRTexture.uasset" 2384
"../../../Engine/Plugins/Runtime/OpenXR/Content/Devices/OculusTouch_v2/MRTexture.uexp" 2385
"../../../Engine/Plugins/Runtime/OpenXR/Content/Devices/OculusTouch_v2/BaseTexture.ubulk" 2386
"../../../Engine/Plugins/Runtime/OpenXR/Content/Devices/OculusTouch_v2/BaseTexture.uasset" 2387
"../../../Engine/Plugins/Runtime/OpenXR/Content/Devices/OculusTouch_v2/BaseTexture.uexp" 2388
"../../../Engine/Plugins/Runtime/OpenXR/Content/Devices/OculusTouch_v2/MI_OculusTouch_v2.uasset" 2389
"../../../Engine/Plugins/Runtime/OpenXR/Content/Devices/OculusTouch_v2/MI_OculusTouch_v2.uexp" 2390
"../../../Engine/Plugins/Runtime/OpenXR/Content/Devices/OculusTouch_v2/Right/right_OculusTouch_v2Controller.ubulk" 2391
"../../../Engine/Plugins/Runtime/OpenXR/Content/Devices/OculusTouch_v2/Right/right_OculusTouch_v2Controller.uasset" 2392
"../../../Engine/Plugins/Runtime/OpenXR/Content/Devices/OculusTouch_v2/Right/right_OculusTouch_v2Controller.uexp" 2393
"../../../Engine/Plugins/Runtime/OpenXR/Content/Devices/OculusTouch_v2/Left/left_OculusTouch_v2Controller.ubulk" 2394
"../../../Engine/Plugins/Runtime/OpenXR/Content/Devices/OculusTouch_v2/Left/left_OculusTouch_v2Controller.uasset" 2395
"../../../Engine/Plugins/Runtime/OpenXR/Content/Devices/OculusTouch_v2/Left/left_OculusTouch_v2Controller.uexp" 2396
"../../../Engine/Plugins/Runtime/OpenXR/Content/Devices/OculusTouch/MRTexture.ubulk" 2397
"../../../Engine/Plugins/Runtime/OpenXR/Content/Devices/OculusTouch/MRTexture.uasset" 2398
"../../../Engine/Plugins/Runtime/OpenXR/Content/Devices/OculusTouch/MRTexture.uexp" 2399
"../../../Engine/Plugins/Runtime/OpenXR/Content/Devices/OculusTouch/BaseTexture.ubulk" 2400
"../../../Engine/Plugins/Runtime/OpenXR/Content/Devices/OculusTouch/BaseTexture.uasset" 2401
"../../../Engine/Plugins/Runtime/OpenXR/Content/Devices/OculusTouch/BaseTexture.uexp" 2402
"../../../Engine/Plugins/Runtime/OpenXR/Content/Devices/OculusTouch/MI_OculusTouch.uasset" 2403
"../../../Engine/Plugins/Runtime/OpenXR/Content/Devices/OculusTouch/MI_OculusTouch.uexp" 2404
"../../../Engine/Plugins/Runtime/OpenXR/Content/Devices/OculusTouch/Right/right_OculusTouchController.ubulk" 2405
"../../../Engine/Plugins/Runtime/OpenXR/Content/Devices/OculusTouch/Right/right_OculusTouchController.uasset" 2406
"../../../Engine/Plugins/Runtime/OpenXR/Content/Devices/OculusTouch/Right/right_OculusTouchController.uexp" 2407
"../../../Engine/Plugins/Runtime/OpenXR/Content/Devices/OculusTouch/Left/left_OculusTouchController.ubulk" 2408
"../../../Engine/Plugins/Runtime/OpenXR/Content/Devices/OculusTouch/Left/left_OculusTouchController.uasset" 2409
"../../../Engine/Plugins/Runtime/OpenXR/Content/Devices/OculusTouch/Left/left_OculusTouchController.uexp" 2410
"../../../Engine/Plugins/Runtime/OpenXR/Content/Devices/MicrosoftMixedReality/NormalTexture.ubulk" 2411
"../../../Engine/Plugins/Runtime/OpenXR/Content/Devices/MicrosoftMixedReality/NormalTexture.uasset" 2412
"../../../Engine/Plugins/Runtime/OpenXR/Content/Devices/MicrosoftMixedReality/NormalTexture.uexp" 2413
"../../../Engine/Plugins/Runtime/OpenXR/Content/Devices/MicrosoftMixedReality/MRTexture.ubulk" 2414
"../../../Engine/Plugins/Runtime/OpenXR/Content/Devices/MicrosoftMixedReality/MRTexture.uasset" 2415
"../../../Engine/Plugins/Runtime/OpenXR/Content/Devices/MicrosoftMixedReality/MRTexture.uexp" 2416
"../../../Engine/Plugins/Runtime/OpenXR/Content/Devices/MicrosoftMixedReality/EmissiveTexture.ubulk" 2417
"../../../Engine/Plugins/Runtime/OpenXR/Content/Devices/MicrosoftMixedReality/EmissiveTexture.uasset" 2418
"../../../Engine/Plugins/Runtime/OpenXR/Content/Devices/MicrosoftMixedReality/EmissiveTexture.uexp" 2419
"../../../Engine/Plugins/Runtime/OpenXR/Content/Devices/MicrosoftMixedReality/BaseTexture.ubulk" 2420
"../../../Engine/Plugins/Runtime/OpenXR/Content/Devices/MicrosoftMixedReality/BaseTexture.uasset" 2421
"../../../Engine/Plugins/Runtime/OpenXR/Content/Devices/MicrosoftMixedReality/BaseTexture.uexp" 2422
"../../../Engine/Plugins/Runtime/OpenXR/Content/Devices/MicrosoftMixedReality/MI_MicrosoftMixedReality.uasset" 2423
"../../../Engine/Plugins/Runtime/OpenXR/Content/Devices/MicrosoftMixedReality/MI_MicrosoftMixedReality.uexp" 2424
"../../../Engine/Plugins/Runtime/OpenXR/Content/Devices/MicrosoftMixedReality/Right/right_MicrosoftMixedRealityController.ubulk" 2425
"../../../Engine/Plugins/Runtime/OpenXR/Content/Devices/MicrosoftMixedReality/Right/right_MicrosoftMixedRealityController.uasset" 2426
"../../../Engine/Plugins/Runtime/OpenXR/Content/Devices/MicrosoftMixedReality/Right/right_MicrosoftMixedRealityController.uexp" 2427
"../../../Engine/Plugins/Runtime/OpenXR/Content/Devices/MicrosoftMixedReality/Left/left_MicrosoftMixedRealityController.ubulk" 2428
"../../../Engine/Plugins/Runtime/OpenXR/Content/Devices/MicrosoftMixedReality/Left/left_MicrosoftMixedRealityController.uasset" 2429
"../../../Engine/Plugins/Runtime/OpenXR/Content/Devices/MicrosoftMixedReality/Left/left_MicrosoftMixedRealityController.uexp" 2430
"../../../Engine/Content/EngineMaterials/Substrate/Volume/SubstrateSimpleVolumeLUT3D.uasset" 2431
"../../../Engine/Content/EngineMaterials/Substrate/Volume/SubstrateSimpleVolumeLUT3D.uexp" 2432
"../../../Engine/Content/EngineMaterials/Substrate/Volume/SubstrateSimpleVolumeEnvLUT3D.uasset" 2433
"../../../Engine/Content/EngineMaterials/Substrate/Volume/SubstrateSimpleVolumeEnvLUT3D.uexp" 2434
"../../../Engine/Content/EngineMaterials/Substrate/Glints2/AGlintTex2dArray2.uasset" 2435
"../../../Engine/Content/EngineMaterials/Substrate/Glints2/AGlintTex2dArray2.uexp" 2436
"../../../Engine/Content/EngineMaterials/Substrate/GLints/AGlintTex2dArray.uasset" 2437
"../../../Engine/Content/EngineMaterials/Substrate/GLints/AGlintTex2dArray.uexp" 2438
"../../../Engine/Content/ArtTools/RenderToTexture/Meshes/S_1_Unit_Plane.ubulk" 2439
"../../../Engine/Content/ArtTools/RenderToTexture/Meshes/S_1_Unit_Plane.uasset" 2440
"../../../Engine/Content/ArtTools/RenderToTexture/Meshes/S_1_Unit_Plane.uexp" 2441
"../../../Engine/Content/EngineResources/LandscapeVisibilityLayerInfo.uasset" 2442
"../../../Engine/Content/EngineResources/LandscapeVisibilityLayerInfo.uexp" 2443
"../../../Engine/Content/VREditor/TransformGizmo/TranslucentTransformGizmoMaterial_Inst.uasset" 2444
"../../../Engine/Content/VREditor/TransformGizmo/TranslucentTransformGizmoMaterial_Inst.uexp" 2445
"../../../Engine/Content/VREditor/TransformGizmo/TransformGizmoMaterial_Inst.uasset" 2446
"../../../Engine/Content/VREditor/TransformGizmo/TransformGizmoMaterial_Inst.uexp" 2447
"../../../Engine/Content/VREditor/Sounds/UI/Drop_Item_From_ContentBrowser.ubulk" 2448
"../../../Engine/Content/VREditor/Sounds/UI/Drop_Item_From_ContentBrowser.uasset" 2449
"../../../Engine/Content/VREditor/Sounds/UI/Drop_Item_From_ContentBrowser.uexp" 2450
"../../../Engine/Content/VREditor/TransformGizmo/PlaneTranslationHandle.ubulk" 2451
"../../../Engine/Content/VREditor/TransformGizmo/PlaneTranslationHandle.uasset" 2452
"../../../Engine/Content/VREditor/TransformGizmo/PlaneTranslationHandle.uexp" 2453
"../../../Engine/Content/VREditor/TransformGizmo/UniformScaleHandle.ubulk" 2454
"../../../Engine/Content/VREditor/TransformGizmo/UniformScaleHandle.uasset" 2455
"../../../Engine/Content/VREditor/TransformGizmo/UniformScaleHandle.uexp" 2456
"../../../Engine/Content/VREditor/TransformGizmo/TranslateArrowHandle.ubulk" 2457
"../../../Engine/Content/VREditor/TransformGizmo/TranslateArrowHandle.uasset" 2458
"../../../Engine/Content/VREditor/TransformGizmo/TranslateArrowHandle.uexp" 2459
"../../../Engine/Content/VREditor/TransformGizmo/TransformGizmoFreeRotation.ubulk" 2460
"../../../Engine/Content/VREditor/TransformGizmo/TransformGizmoFreeRotation.uasset" 2461
"../../../Engine/Content/VREditor/TransformGizmo/TransformGizmoFreeRotation.uexp" 2462
"../../../Engine/Content/VREditor/TransformGizmo/StartRotationHandleIndicator.ubulk" 2463
"../../../Engine/Content/VREditor/TransformGizmo/StartRotationHandleIndicator.uasset" 2464
"../../../Engine/Content/VREditor/TransformGizmo/StartRotationHandleIndicator.uexp" 2465
"../../../Engine/Content/VREditor/TransformGizmo/RotationHandleQuarter.ubulk" 2466
"../../../Engine/Content/VREditor/TransformGizmo/RotationHandleQuarter.uasset" 2467
"../../../Engine/Content/VREditor/TransformGizmo/RotationHandleQuarter.uexp" 2468
"../../../Engine/Content/VREditor/TransformGizmo/RotationHandleIndicator.ubulk" 2469
"../../../Engine/Content/VREditor/TransformGizmo/RotationHandleIndicator.uasset" 2470
"../../../Engine/Content/VREditor/TransformGizmo/RotationHandleIndicator.uexp" 2471
"../../../Engine/Content/VREditor/TransformGizmo/RotationHandleFull.ubulk" 2472
"../../../Engine/Content/VREditor/TransformGizmo/RotationHandleFull.uasset" 2473
"../../../Engine/Content/VREditor/TransformGizmo/RotationHandleFull.uexp" 2474
"../../../Engine/Content/VREditor/SnapGrid/SnapGridMaterial.uasset" 2475
"../../../Engine/Content/VREditor/SnapGrid/SnapGridMaterial.uexp" 2476
"../../../Engine/Content/VREditor/SnapGrid/SnapGridPlaneMesh.ubulk" 2477
"../../../Engine/Content/VREditor/SnapGrid/SnapGridPlaneMesh.uasset" 2478
"../../../Engine/Content/VREditor/SnapGrid/SnapGridPlaneMesh.uexp" 2479
"../../../Engine/Content/VREditor/Sounds/UI/Gizmo_Handle_Clicked.ubulk" 2480
"../../../Engine/Content/VREditor/Sounds/UI/Gizmo_Handle_Clicked.uasset" 2481
"../../../Engine/Content/VREditor/Sounds/UI/Gizmo_Handle_Clicked.uexp" 2482
"../../../Engine/Content/VREditor/Sounds/UI/Object_PickUp.ubulk" 2483
"../../../Engine/Content/VREditor/Sounds/UI/Object_PickUp.uasset" 2484
"../../../Engine/Content/VREditor/Sounds/UI/Object_PickUp.uexp" 2485
"../../../Engine/Content/VREditor/Sounds/UI/Object_Snaps_To_Another_Actor.ubulk" 2486
"../../../Engine/Content/VREditor/Sounds/UI/Object_Snaps_To_Another_Actor.uasset" 2487
"../../../Engine/Content/VREditor/Sounds/UI/Object_Snaps_To_Another_Actor.uexp" 2488
"../../../Engine/Content/VREditor/Sounds/UI/Object_Snaps_To_Grid.ubulk" 2489
"../../../Engine/Content/VREditor/Sounds/UI/Object_Snaps_To_Grid.uasset" 2490
"../../../Engine/Content/VREditor/Sounds/UI/Object_Snaps_To_Grid.uexp" 2491
"../../../Engine/Content/VREditor/Sounds/UI/Scaling_Down.ubulk" 2492
"../../../Engine/Content/VREditor/Sounds/UI/Scaling_Down.uasset" 2493
"../../../Engine/Content/VREditor/Sounds/UI/Scaling_Down.uexp" 2494
"../../../Engine/Content/VREditor/Sounds/UI/Scaling_Up.ubulk" 2495
"../../../Engine/Content/VREditor/Sounds/UI/Scaling_Up.uasset" 2496
"../../../Engine/Content/VREditor/Sounds/UI/Scaling_Up.uexp" 2497
"../../../Engine/Content/VREditor/Sounds/UI/Selection_Changes.ubulk" 2498
"../../../Engine/Content/VREditor/Sounds/UI/Selection_Changes.uasset" 2499
"../../../Engine/Content/VREditor/Sounds/UI/Selection_Changes.uexp" 2500
"../../../Engine/Plugins/Animation/DeformerGraph/Content/DeformerFunctions/DG_Function_LinearBlendSkin_Morph_Cloth.uasset" 2501
"../../../Engine/Plugins/Animation/DeformerGraph/Content/DeformerFunctions/DG_Function_LinearBlendSkin_Morph_Cloth.uexp" 2502
"../../../Engine/Plugins/Animation/DeformerGraph/Content/Deformers/DG_LinearBlendSkin_Morph_Cloth.uasset" 2503
"../../../Engine/Plugins/Animation/DeformerGraph/Content/Deformers/DG_LinearBlendSkin_Morph_Cloth.uexp" 2504
"../../../Engine/Plugins/Animation/DeformerGraph/Content/DeformerFunctions/DG_Function_LinearBlendSkin_Morph_Cloth_PositionOnly.uasset" 2505
"../../../Engine/Plugins/Animation/DeformerGraph/Content/DeformerFunctions/DG_Function_LinearBlendSkin_Morph_Cloth_PositionOnly.uexp" 2506
"../../../Engine/Plugins/Animation/DeformerGraph/Content/DeformerFunctions/DG_Function_ComputeNormalsTangents.uasset" 2507
"../../../Engine/Plugins/Animation/DeformerGraph/Content/DeformerFunctions/DG_Function_ComputeNormalsTangents.uexp" 2508
"../../../Engine/Plugins/Animation/DeformerGraph/Content/Deformers/DG_LinearBlendSkin_Morph_Cloth_RecomputeNormals.uasset" 2509
"../../../Engine/Plugins/Animation/DeformerGraph/Content/Deformers/DG_LinearBlendSkin_Morph_Cloth_RecomputeNormals.uexp" 2510
"../../../Engine/Content/EngineFonts/Faces/DroidSansMono.uexp" 2511
"../../../Engine/Content/EngineFonts/Faces/DroidSansMono.uasset" 2512
"../../../Engine/Content/EngineFonts/Faces/DroidSansMono.ufont" 2513
"../../../Engine/Content/EngineFonts/DroidSansMono.uasset" 2514
"../../../Engine/Content/EngineFonts/DroidSansMono.uexp" 2515
"../../../Engine/Plugins/MovieScene/MovieRenderPipeline/Content/Blueprints/Graph/DefaultGraphBurnIn.uasset" 2516
"../../../Engine/Plugins/MovieScene/MovieRenderPipeline/Content/Blueprints/Graph/DefaultGraphBurnIn.uexp" 2517
"../../../Engine/Plugins/MovieScene/MovieRenderPipeline/Content/Blueprints/DefaultBurnIn.uasset" 2518
"../../../Engine/Plugins/MovieScene/MovieRenderPipeline/Content/Blueprints/DefaultBurnIn.uexp" 2519
"../../../Engine/Plugins/MovieScene/MovieRenderPipeline/Content/Blueprints/UI_MovieRenderPipelineInfoTableRow.uasset" 2520
"../../../Engine/Plugins/MovieScene/MovieRenderPipeline/Content/Blueprints/UI_MovieRenderPipelineInfoTableRow.uexp" 2521
"../../../Engine/Content/ArtTools/RenderToTexture/Textures/127grey.uasset" 2522
"../../../Engine/Content/ArtTools/RenderToTexture/Textures/127grey.uexp" 2523
"../../../Engine/Plugins/MovieScene/MovieRenderPipeline/Content/Blueprints/M_MoviePipelineRenderPreview.uasset" 2524
"../../../Engine/Plugins/MovieScene/MovieRenderPipeline/Content/Blueprints/M_MoviePipelineRenderPreview.uexp" 2525
"../../../Engine/Plugins/MovieScene/MovieRenderPipeline/Content/Blueprints/Graph/T_MovieGraph_TransparencyBG.uasset" 2526
"../../../Engine/Plugins/MovieScene/MovieRenderPipeline/Content/Blueprints/Graph/T_MovieGraph_TransparencyBG.uexp" 2527
"../../../Engine/Plugins/MovieScene/MovieRenderPipeline/Content/Blueprints/Graph/UI_MovieGraphImagePreview.uasset" 2528
"../../../Engine/Plugins/MovieScene/MovieRenderPipeline/Content/Blueprints/Graph/UI_MovieGraphImagePreview.uexp" 2529
"../../../Engine/Plugins/MovieScene/MovieRenderPipeline/Content/Blueprints/UI_MovieGraphPipelineScreenOverlay.uasset" 2530
"../../../Engine/Plugins/MovieScene/MovieRenderPipeline/Content/Blueprints/UI_MovieGraphPipelineScreenOverlay.uexp" 2531
"../../../Engine/Plugins/MovieScene/MovieRenderPipeline/Content/Blueprints/UI_MovieRenderPipelineScreenOverlay.uasset" 2532
"../../../Engine/Plugins/MovieScene/MovieRenderPipeline/Content/Blueprints/UI_MovieRenderPipelineScreenOverlay.uexp" 2533
"../../../Engine/Plugins/VirtualProduction/VirtualScouting/Content/Core/MVVM/VScout_ViewModel.uasset" 2534
"../../../Engine/Plugins/VirtualProduction/VirtualScouting/Content/Core/MVVM/VScout_ViewModel.uexp" 2535
"../../../Engine/Plugins/VirtualProduction/VirtualScouting/Content/Core/MVVM/VScout_ViewModelResolver.uasset" 2536
"../../../Engine/Plugins/VirtualProduction/VirtualScouting/Content/Core/MVVM/VScout_ViewModelResolver.uexp" 2537
"../../../Engine/Plugins/VirtualProduction/VirtualScouting/Content/Audio/SA_buttonPush.ubulk" 2538
"../../../Engine/Plugins/VirtualProduction/VirtualScouting/Content/Audio/SA_buttonPush.uasset" 2539
"../../../Engine/Plugins/VirtualProduction/VirtualScouting/Content/Audio/SA_buttonPush.uexp" 2540
"../../../Engine/Plugins/VirtualProduction/VirtualScouting/Content/Audio/6_buttonPush_1_.ubulk" 2541
"../../../Engine/Plugins/VirtualProduction/VirtualScouting/Content/Audio/6_buttonPush_1_.uasset" 2542
"../../../Engine/Plugins/VirtualProduction/VirtualScouting/Content/Audio/6_buttonPush_1_.uexp" 2543
"../../../Engine/Plugins/VirtualProduction/VirtualScouting/Content/Audio/SC_buttonPush.uasset" 2544
"../../../Engine/Plugins/VirtualProduction/VirtualScouting/Content/Audio/SC_buttonPush.uexp" 2545
"../../../Engine/Plugins/VirtualProduction/VirtualScouting/Content/Audio/SA_bleep.ubulk" 2546
"../../../Engine/Plugins/VirtualProduction/VirtualScouting/Content/Audio/SA_bleep.uasset" 2547
"../../../Engine/Plugins/VirtualProduction/VirtualScouting/Content/Audio/SA_bleep.uexp" 2548
"../../../Engine/Plugins/VirtualProduction/VirtualScouting/Content/Audio/SC_bleep.uasset" 2549
"../../../Engine/Plugins/VirtualProduction/VirtualScouting/Content/Audio/SC_bleep.uexp" 2550
"../../../Engine/Plugins/VirtualProduction/VirtualScouting/Content/Audio/SA_Hover.ubulk" 2551
"../../../Engine/Plugins/VirtualProduction/VirtualScouting/Content/Audio/SA_Hover.uasset" 2552
"../../../Engine/Plugins/VirtualProduction/VirtualScouting/Content/Audio/SA_Hover.uexp" 2553
"../../../Engine/Plugins/VirtualProduction/VirtualScouting/Content/UI/Font/Runtime/Inter-ThinItalic.uexp" 2554
"../../../Engine/Plugins/VirtualProduction/VirtualScouting/Content/UI/Font/Runtime/Inter-ThinItalic.uasset" 2555
"../../../Engine/Plugins/VirtualProduction/VirtualScouting/Content/UI/Font/Runtime/Inter-ThinItalic.ufont" 2556
"../../../Engine/Plugins/VirtualProduction/VirtualScouting/Content/UI/Font/Runtime/Inter-Thin.uexp" 2557
"../../../Engine/Plugins/VirtualProduction/VirtualScouting/Content/UI/Font/Runtime/Inter-Thin.uasset" 2558
"../../../Engine/Plugins/VirtualProduction/VirtualScouting/Content/UI/Font/Runtime/Inter-Thin.ufont" 2559
"../../../Engine/Plugins/VirtualProduction/VirtualScouting/Content/UI/Font/Runtime/Inter-SemiBoldItalic.uexp" 2560
"../../../Engine/Plugins/VirtualProduction/VirtualScouting/Content/UI/Font/Runtime/Inter-SemiBoldItalic.uasset" 2561
"../../../Engine/Plugins/VirtualProduction/VirtualScouting/Content/UI/Font/Runtime/Inter-SemiBoldItalic.ufont" 2562
"../../../Engine/Plugins/VirtualProduction/VirtualScouting/Content/UI/Font/Runtime/Inter-SemiBold.uexp" 2563
"../../../Engine/Plugins/VirtualProduction/VirtualScouting/Content/UI/Font/Runtime/Inter-SemiBold.uasset" 2564
"../../../Engine/Plugins/VirtualProduction/VirtualScouting/Content/UI/Font/Runtime/Inter-SemiBold.ufont" 2565
"../../../Engine/Plugins/VirtualProduction/VirtualScouting/Content/UI/Font/Runtime/Inter-Regular.uexp" 2566
"../../../Engine/Plugins/VirtualProduction/VirtualScouting/Content/UI/Font/Runtime/Inter-Regular.uasset" 2567
"../../../Engine/Plugins/VirtualProduction/VirtualScouting/Content/UI/Font/Runtime/Inter-Regular.ufont" 2568
"../../../Engine/Plugins/VirtualProduction/VirtualScouting/Content/UI/Font/Runtime/Inter-MediumItalic.uexp" 2569
"../../../Engine/Plugins/VirtualProduction/VirtualScouting/Content/UI/Font/Runtime/Inter-MediumItalic.uasset" 2570
"../../../Engine/Plugins/VirtualProduction/VirtualScouting/Content/UI/Font/Runtime/Inter-MediumItalic.ufont" 2571
"../../../Engine/Plugins/VirtualProduction/VirtualScouting/Content/UI/Font/Runtime/Inter-Medium.uexp" 2572
"../../../Engine/Plugins/VirtualProduction/VirtualScouting/Content/UI/Font/Runtime/Inter-Medium.uasset" 2573
"../../../Engine/Plugins/VirtualProduction/VirtualScouting/Content/UI/Font/Runtime/Inter-Medium.ufont" 2574
"../../../Engine/Plugins/VirtualProduction/VirtualScouting/Content/UI/Font/Runtime/Inter-LightItalic.uexp" 2575
"../../../Engine/Plugins/VirtualProduction/VirtualScouting/Content/UI/Font/Runtime/Inter-LightItalic.uasset" 2576
"../../../Engine/Plugins/VirtualProduction/VirtualScouting/Content/UI/Font/Runtime/Inter-LightItalic.ufont" 2577
"../../../Engine/Plugins/VirtualProduction/VirtualScouting/Content/UI/Font/Runtime/Inter-Light.uexp" 2578
"../../../Engine/Plugins/VirtualProduction/VirtualScouting/Content/UI/Font/Runtime/Inter-Light.uasset" 2579
"../../../Engine/Plugins/VirtualProduction/VirtualScouting/Content/UI/Font/Runtime/Inter-Light.ufont" 2580
"../../../Engine/Plugins/VirtualProduction/VirtualScouting/Content/UI/Font/Runtime/Inter-Italic.uexp" 2581
"../../../Engine/Plugins/VirtualProduction/VirtualScouting/Content/UI/Font/Runtime/Inter-Italic.uasset" 2582
"../../../Engine/Plugins/VirtualProduction/VirtualScouting/Content/UI/Font/Runtime/Inter-Italic.ufont" 2583
"../../../Engine/Plugins/VirtualProduction/VirtualScouting/Content/UI/Font/Runtime/Inter-ExtraLightItalic.uexp" 2584
"../../../Engine/Plugins/VirtualProduction/VirtualScouting/Content/UI/Font/Runtime/Inter-ExtraLightItalic.uasset" 2585
"../../../Engine/Plugins/VirtualProduction/VirtualScouting/Content/UI/Font/Runtime/Inter-ExtraLightItalic.ufont" 2586
"../../../Engine/Plugins/VirtualProduction/VirtualScouting/Content/UI/Font/Runtime/Inter-ExtraLight.uexp" 2587
"../../../Engine/Plugins/VirtualProduction/VirtualScouting/Content/UI/Font/Runtime/Inter-ExtraLight.uasset" 2588
"../../../Engine/Plugins/VirtualProduction/VirtualScouting/Content/UI/Font/Runtime/Inter-ExtraLight.ufont" 2589
"../../../Engine/Plugins/VirtualProduction/VirtualScouting/Content/UI/Font/Runtime/Inter-ExtraBoldItalic.uexp" 2590
"../../../Engine/Plugins/VirtualProduction/VirtualScouting/Content/UI/Font/Runtime/Inter-ExtraBoldItalic.uasset" 2591
"../../../Engine/Plugins/VirtualProduction/VirtualScouting/Content/UI/Font/Runtime/Inter-ExtraBoldItalic.ufont" 2592
"../../../Engine/Plugins/VirtualProduction/VirtualScouting/Content/UI/Font/Runtime/Inter-ExtraBold.uexp" 2593
"../../../Engine/Plugins/VirtualProduction/VirtualScouting/Content/UI/Font/Runtime/Inter-ExtraBold.uasset" 2594
"../../../Engine/Plugins/VirtualProduction/VirtualScouting/Content/UI/Font/Runtime/Inter-ExtraBold.ufont" 2595
"../../../Engine/Plugins/VirtualProduction/VirtualScouting/Content/UI/Font/Runtime/Inter-BoldItalic.uexp" 2596
"../../../Engine/Plugins/VirtualProduction/VirtualScouting/Content/UI/Font/Runtime/Inter-BoldItalic.uasset" 2597
"../../../Engine/Plugins/VirtualProduction/VirtualScouting/Content/UI/Font/Runtime/Inter-BoldItalic.ufont" 2598
"../../../Engine/Plugins/VirtualProduction/VirtualScouting/Content/UI/Font/Runtime/Inter-Bold.uexp" 2599
"../../../Engine/Plugins/VirtualProduction/VirtualScouting/Content/UI/Font/Runtime/Inter-Bold.uasset" 2600
"../../../Engine/Plugins/VirtualProduction/VirtualScouting/Content/UI/Font/Runtime/Inter-Bold.ufont" 2601
"../../../Engine/Plugins/VirtualProduction/VirtualScouting/Content/UI/Font/Runtime/Inter-Black.uexp" 2602
"../../../Engine/Plugins/VirtualProduction/VirtualScouting/Content/UI/Font/Runtime/Inter-Black.uasset" 2603
"../../../Engine/Plugins/VirtualProduction/VirtualScouting/Content/UI/Font/Runtime/Inter-Black.ufont" 2604
"../../../Engine/Plugins/VirtualProduction/VirtualScouting/Content/UI/Font/Inter_Font.uasset" 2605
"../../../Engine/Plugins/VirtualProduction/VirtualScouting/Content/UI/Font/Inter_Font.uexp" 2606
"../../../Engine/Plugins/VirtualProduction/VirtualScouting/Content/UI/Font/BodyText.uasset" 2607
"../../../Engine/Plugins/VirtualProduction/VirtualScouting/Content/UI/Font/BodyText.uexp" 2608
"../../../Engine/Plugins/VirtualProduction/VirtualScouting/Content/UI/Font/BodyText_Bold.uasset" 2609
"../../../Engine/Plugins/VirtualProduction/VirtualScouting/Content/UI/Font/BodyText_Bold.uexp" 2610
"../../../Engine/Plugins/VirtualProduction/VirtualScouting/Content/UI/SubWidgets/BP_VScoutButtonStyle.uasset" 2611
"../../../Engine/Plugins/VirtualProduction/VirtualScouting/Content/UI/SubWidgets/BP_VScoutButtonStyle.uexp" 2612
"../../../Engine/Plugins/VirtualProduction/VirtualScouting/Content/Core/Haptics/HFC_Bump.uasset" 2613
"../../../Engine/Plugins/VirtualProduction/VirtualScouting/Content/Core/Haptics/HFC_Bump.uexp" 2614
"../../../Engine/Plugins/VirtualProduction/VirtualScouting/Content/UI/SubWidgets/BP_VScoutAssetData.uasset" 2615
"../../../Engine/Plugins/VirtualProduction/VirtualScouting/Content/UI/SubWidgets/BP_VScoutAssetData.uexp" 2616
"../../../Engine/Plugins/VirtualProduction/VirtualScouting/Content/UI/SubWidgets/WBP_VScoutButton.uasset" 2617
"../../../Engine/Plugins/VirtualProduction/VirtualScouting/Content/UI/SubWidgets/WBP_VScoutButton.uexp" 2618
"../../../Engine/Plugins/VirtualProduction/VirtualScouting/Content/Core/BPI_XRCreativeAvatar.uasset" 2619
"../../../Engine/Plugins/VirtualProduction/VirtualScouting/Content/Core/BPI_XRCreativeAvatar.uexp" 2620
"../../../Engine/Plugins/VirtualProduction/VirtualScouting/Content/UI/Icons/Eject.uasset" 2621
"../../../Engine/Plugins/VirtualProduction/VirtualScouting/Content/UI/Icons/Eject.uexp" 2622
"../../../Engine/Plugins/VirtualProduction/VirtualScouting/Content/UI/Icons/CheckBox.uasset" 2623
"../../../Engine/Plugins/VirtualProduction/VirtualScouting/Content/UI/Icons/CheckBox.uexp" 2624
"../../../Engine/Plugins/VirtualProduction/VirtualScouting/Content/UI/Icons/CheckBoxHovered.uasset" 2625
"../../../Engine/Plugins/VirtualProduction/VirtualScouting/Content/UI/Icons/CheckBoxHovered.uexp" 2626
"../../../Engine/Plugins/VirtualProduction/VirtualScouting/Content/UI/Icons/CheckBoxPressed.uasset" 2627
"../../../Engine/Plugins/VirtualProduction/VirtualScouting/Content/UI/Icons/CheckBoxPressed.uexp" 2628
"../../../Engine/Plugins/VirtualProduction/VirtualScouting/Content/UI/Icons/EmptyCheckBox.uasset" 2629
"../../../Engine/Plugins/VirtualProduction/VirtualScouting/Content/UI/Icons/EmptyCheckBox.uexp" 2630
"../../../Engine/Plugins/VirtualProduction/VirtualScouting/Content/UI/Icons/EmptyCheckBoxHovered.uasset" 2631
"../../../Engine/Plugins/VirtualProduction/VirtualScouting/Content/UI/Icons/EmptyCheckBoxHovered.uexp" 2632
"../../../Engine/Plugins/VirtualProduction/VirtualScouting/Content/UI/Icons/EmptyCheckBoxPressed.uasset" 2633
"../../../Engine/Plugins/VirtualProduction/VirtualScouting/Content/UI/Icons/EmptyCheckBoxPressed.uexp" 2634
"../../../Engine/Plugins/VirtualProduction/VirtualScouting/Content/UI/SubWidgets/WBP_Checkbox.uasset" 2635
"../../../Engine/Plugins/VirtualProduction/VirtualScouting/Content/UI/SubWidgets/WBP_Checkbox.uexp" 2636
"../../../Engine/Plugins/VirtualProduction/VirtualScouting/Content/UI/WBP_Settings.uasset" 2637
"../../../Engine/Plugins/VirtualProduction/VirtualScouting/Content/UI/WBP_Settings.uexp" 2638
"../../../Engine/Plugins/VirtualProduction/VirtualScouting/Content/Input/IA_TurnLeftRight.uasset" 2639
"../../../Engine/Plugins/VirtualProduction/VirtualScouting/Content/Input/IA_TurnLeftRight.uexp" 2640
"../../../Engine/Plugins/VirtualProduction/VirtualScouting/Content/Input/IA_TeleportRight.uasset" 2641
"../../../Engine/Plugins/VirtualProduction/VirtualScouting/Content/Input/IA_TeleportRight.uexp" 2642
"../../../Engine/Plugins/VirtualProduction/VirtualScouting/Content/Input/IA_TeleportLeft.uasset" 2643
"../../../Engine/Plugins/VirtualProduction/VirtualScouting/Content/Input/IA_TeleportLeft.uexp" 2644
"../../../Engine/Plugins/VirtualProduction/VirtualScouting/Content/Input/IA_SummonTutorial.uasset" 2645
"../../../Engine/Plugins/VirtualProduction/VirtualScouting/Content/Input/IA_SummonTutorial.uexp" 2646
"../../../Engine/Plugins/VirtualProduction/VirtualScouting/Content/Input/IA_SummonMenu.uasset" 2647
"../../../Engine/Plugins/VirtualProduction/VirtualScouting/Content/Input/IA_SummonMenu.uexp" 2648
"../../../Engine/Plugins/VirtualProduction/VirtualScouting/Content/Input/IA_RotateAndScale.uasset" 2649
"../../../Engine/Plugins/VirtualProduction/VirtualScouting/Content/Input/IA_RotateAndScale.uexp" 2650
"../../../Engine/Plugins/VirtualProduction/VirtualScouting/Content/Input/BP_DoubleTapTrigger.uasset" 2651
"../../../Engine/Plugins/VirtualProduction/VirtualScouting/Content/Input/BP_DoubleTapTrigger.uexp" 2652
"../../../Engine/Plugins/VirtualProduction/VirtualScouting/Content/Input/IA_ResetScaleRight.uasset" 2653
"../../../Engine/Plugins/VirtualProduction/VirtualScouting/Content/Input/IA_ResetScaleRight.uexp" 2654
"../../../Engine/Plugins/VirtualProduction/VirtualScouting/Content/Input/IA_ResetScaleLeft.uasset" 2655
"../../../Engine/Plugins/VirtualProduction/VirtualScouting/Content/Input/IA_ResetScaleLeft.uexp" 2656
"../../../Engine/Plugins/VirtualProduction/VirtualScouting/Content/Input/IA_LaserTrace.uasset" 2657
"../../../Engine/Plugins/VirtualProduction/VirtualScouting/Content/Input/IA_LaserTrace.uexp" 2658
"../../../Engine/Plugins/VirtualProduction/VirtualScouting/Content/Input/IA_LaserActivate.uasset" 2659
"../../../Engine/Plugins/VirtualProduction/VirtualScouting/Content/Input/IA_LaserActivate.uexp" 2660
"../../../Engine/Plugins/VirtualProduction/VirtualScouting/Content/Input/IA_GizmoLocal.uasset" 2661
"../../../Engine/Plugins/VirtualProduction/VirtualScouting/Content/Input/IA_GizmoLocal.uexp" 2662
"../../../Engine/Plugins/VirtualProduction/VirtualScouting/Content/Input/IA_FlySingleAxis.uasset" 2663
"../../../Engine/Plugins/VirtualProduction/VirtualScouting/Content/Input/IA_FlySingleAxis.uexp" 2664
"../../../Engine/Plugins/VirtualProduction/VirtualScouting/Content/Input/IA_Fly.uasset" 2665
"../../../Engine/Plugins/VirtualProduction/VirtualScouting/Content/Input/IA_Fly.uexp" 2666
"../../../Engine/Plugins/VirtualProduction/VirtualScouting/Content/Input/IA_DragRight.uasset" 2667
"../../../Engine/Plugins/VirtualProduction/VirtualScouting/Content/Input/IA_DragRight.uexp" 2668
"../../../Engine/Plugins/VirtualProduction/VirtualScouting/Content/Input/IA_DragLeft.uasset" 2669
"../../../Engine/Plugins/VirtualProduction/VirtualScouting/Content/Input/IA_DragLeft.uexp" 2670
"../../../Engine/Plugins/VirtualProduction/VirtualScouting/Content/Input/IA_DeselectAll.uasset" 2671
"../../../Engine/Plugins/VirtualProduction/VirtualScouting/Content/Input/IA_DeselectAll.uexp" 2672
"../../../Engine/Plugins/VirtualProduction/VirtualScouting/Content/Input/IA_ClickMenu.uasset" 2673
"../../../Engine/Plugins/VirtualProduction/VirtualScouting/Content/Input/IA_ClickMenu.uexp" 2674
"../../../Engine/Plugins/VirtualProduction/VirtualScouting/Content/Input/BP_AxisTrigger.uasset" 2675
"../../../Engine/Plugins/VirtualProduction/VirtualScouting/Content/Input/BP_AxisTrigger.uexp" 2676
"../../../Engine/Plugins/VirtualProduction/VirtualScouting/Content/Input/IA_BlinkTurnRight.uasset" 2677
"../../../Engine/Plugins/VirtualProduction/VirtualScouting/Content/Input/IA_BlinkTurnRight.uexp" 2678
"../../../Engine/Plugins/VirtualProduction/VirtualScouting/Content/Input/IA_BlinkTurnLeft.uasset" 2679
"../../../Engine/Plugins/VirtualProduction/VirtualScouting/Content/Input/IA_BlinkTurnLeft.uexp" 2680
"../../../Engine/Plugins/VirtualProduction/VirtualScouting/Content/Input/IMC_VScoutDefault.uasset" 2681
"../../../Engine/Plugins/VirtualProduction/VirtualScouting/Content/Input/IMC_VScoutDefault.uexp" 2682
"../../../Engine/Plugins/VirtualProduction/VirtualScouting/Content/Input/IMC_LeftHandedVScout.uasset" 2683
"../../../Engine/Plugins/VirtualProduction/VirtualScouting/Content/Input/IMC_LeftHandedVScout.uexp" 2684
"../../../Engine/Plugins/VirtualProduction/VirtualScouting/Content/Input/Anim/IA_FaceButtonBottomPress_Left.uasset" 2685
"../../../Engine/Plugins/VirtualProduction/VirtualScouting/Content/Input/Anim/IA_FaceButtonBottomPress_Left.uexp" 2686
"../../../Engine/Plugins/VirtualProduction/VirtualScouting/Content/Input/Anim/IA_FaceButtonBottomPress_Right.uasset" 2687
"../../../Engine/Plugins/VirtualProduction/VirtualScouting/Content/Input/Anim/IA_FaceButtonBottomPress_Right.uexp" 2688
"../../../Engine/Plugins/VirtualProduction/VirtualScouting/Content/Input/Anim/IA_FaceButtonBottomTouch_Left.uasset" 2689
"../../../Engine/Plugins/VirtualProduction/VirtualScouting/Content/Input/Anim/IA_FaceButtonBottomTouch_Left.uexp" 2690
"../../../Engine/Plugins/VirtualProduction/VirtualScouting/Content/Input/Anim/IA_FaceButtonBottomTouch_Right.uasset" 2691
"../../../Engine/Plugins/VirtualProduction/VirtualScouting/Content/Input/Anim/IA_FaceButtonBottomTouch_Right.uexp" 2692
"../../../Engine/Plugins/VirtualProduction/VirtualScouting/Content/Input/Anim/IA_FaceButtonTopPress_Right.uasset" 2693
"../../../Engine/Plugins/VirtualProduction/VirtualScouting/Content/Input/Anim/IA_FaceButtonTopPress_Right.uexp" 2694
"../../../Engine/Plugins/VirtualProduction/VirtualScouting/Content/Input/Anim/IA_FaceButtonTopPressLeft.uasset" 2695
"../../../Engine/Plugins/VirtualProduction/VirtualScouting/Content/Input/Anim/IA_FaceButtonTopPressLeft.uexp" 2696
"../../../Engine/Plugins/VirtualProduction/VirtualScouting/Content/Input/Anim/IA_FaceButtonTopTouch_Left.uasset" 2697
"../../../Engine/Plugins/VirtualProduction/VirtualScouting/Content/Input/Anim/IA_FaceButtonTopTouch_Left.uexp" 2698
"../../../Engine/Plugins/VirtualProduction/VirtualScouting/Content/Input/Anim/IA_FaceButtonTopTouch_Right.uasset" 2699
"../../../Engine/Plugins/VirtualProduction/VirtualScouting/Content/Input/Anim/IA_FaceButtonTopTouch_Right.uexp" 2700
"../../../Engine/Plugins/VirtualProduction/VirtualScouting/Content/Input/Anim/IA_Grip_Left.uasset" 2701
"../../../Engine/Plugins/VirtualProduction/VirtualScouting/Content/Input/Anim/IA_Grip_Left.uexp" 2702
"../../../Engine/Plugins/VirtualProduction/VirtualScouting/Content/Input/Anim/IA_Grip_Right.uasset" 2703
"../../../Engine/Plugins/VirtualProduction/VirtualScouting/Content/Input/Anim/IA_Grip_Right.uexp" 2704
"../../../Engine/Plugins/VirtualProduction/VirtualScouting/Content/Input/Anim/IA_MenuPress_Left.uasset" 2705
"../../../Engine/Plugins/VirtualProduction/VirtualScouting/Content/Input/Anim/IA_MenuPress_Left.uexp" 2706
"../../../Engine/Plugins/VirtualProduction/VirtualScouting/Content/Input/Anim/IA_ThumbstickMove_Left.uasset" 2707
"../../../Engine/Plugins/VirtualProduction/VirtualScouting/Content/Input/Anim/IA_ThumbstickMove_Left.uexp" 2708
"../../../Engine/Plugins/VirtualProduction/VirtualScouting/Content/Input/Anim/IA_ThumbstickMove_Right.uasset" 2709
"../../../Engine/Plugins/VirtualProduction/VirtualScouting/Content/Input/Anim/IA_ThumbstickMove_Right.uexp" 2710
"../../../Engine/Plugins/VirtualProduction/VirtualScouting/Content/Input/Anim/IA_ThumbstickPress_Left.uasset" 2711
"../../../Engine/Plugins/VirtualProduction/VirtualScouting/Content/Input/Anim/IA_ThumbstickPress_Left.uexp" 2712
"../../../Engine/Plugins/VirtualProduction/VirtualScouting/Content/Input/Anim/IA_ThumbstickPress_Right.uasset" 2713
"../../../Engine/Plugins/VirtualProduction/VirtualScouting/Content/Input/Anim/IA_ThumbstickPress_Right.uexp" 2714
"../../../Engine/Plugins/VirtualProduction/VirtualScouting/Content/Input/Anim/IA_ThumbstickTouch_Left.uasset" 2715
"../../../Engine/Plugins/VirtualProduction/VirtualScouting/Content/Input/Anim/IA_ThumbstickTouch_Left.uexp" 2716
"../../../Engine/Plugins/VirtualProduction/VirtualScouting/Content/Input/Anim/IA_ThumbstickTouch_Right.uasset" 2717
"../../../Engine/Plugins/VirtualProduction/VirtualScouting/Content/Input/Anim/IA_ThumbstickTouch_Right.uexp" 2718
"../../../Engine/Plugins/VirtualProduction/VirtualScouting/Content/Input/Anim/IA_Trigger_Left.uasset" 2719
"../../../Engine/Plugins/VirtualProduction/VirtualScouting/Content/Input/Anim/IA_Trigger_Left.uexp" 2720
"../../../Engine/Plugins/VirtualProduction/VirtualScouting/Content/Input/Anim/IA_Trigger_Right.uasset" 2721
"../../../Engine/Plugins/VirtualProduction/VirtualScouting/Content/Input/Anim/IA_Trigger_Right.uexp" 2722
"../../../Engine/Plugins/VirtualProduction/VirtualScouting/Content/Input/IMC_VScoutAnim.uasset" 2723
"../../../Engine/Plugins/VirtualProduction/VirtualScouting/Content/Input/IMC_VScoutAnim.uexp" 2724
"../../../Engine/Plugins/VirtualProduction/VirtualScouting/Content/Audio/SA_Hover_02.ubulk" 2725
"../../../Engine/Plugins/VirtualProduction/VirtualScouting/Content/Audio/SA_Hover_02.uasset" 2726
"../../../Engine/Plugins/VirtualProduction/VirtualScouting/Content/Audio/SA_Hover_02.uexp" 2727
"../../../Engine/Plugins/VirtualProduction/VirtualScouting/Content/Audio/SA_Cllick_02.ubulk" 2728
"../../../Engine/Plugins/VirtualProduction/VirtualScouting/Content/Audio/SA_Cllick_02.uasset" 2729
"../../../Engine/Plugins/VirtualProduction/VirtualScouting/Content/Audio/SA_Cllick_02.uexp" 2730
"../../../Engine/Plugins/VirtualProduction/VirtualScouting/Content/Audio/SC_Click_03.uasset" 2731
"../../../Engine/Plugins/VirtualProduction/VirtualScouting/Content/Audio/SC_Click_03.uexp" 2732
"../../../Engine/Plugins/VirtualProduction/VirtualScouting/Content/Audio/SA_Click.ubulk" 2733
"../../../Engine/Plugins/VirtualProduction/VirtualScouting/Content/Audio/SA_Click.uasset" 2734
"../../../Engine/Plugins/VirtualProduction/VirtualScouting/Content/Audio/SA_Click.uexp" 2735
"../../../Engine/Content/Functions/Engine_MaterialFunctions01/ImageAdjustment/sRGBToLinear.uasset" 2736
"../../../Engine/Content/Functions/Engine_MaterialFunctions01/ImageAdjustment/sRGBToLinear.uexp" 2737
"../../../Engine/Plugins/VirtualProduction/VirtualScouting/Content/Art/Common/MF_IgnoreExposure.uasset" 2738
"../../../Engine/Plugins/VirtualProduction/VirtualScouting/Content/Art/Common/MF_IgnoreExposure.uexp" 2739
"../../../Engine/Plugins/VirtualProduction/VirtualScouting/Content/Art/Common/M_Widget3DPassThrough_NoDepth.uasset" 2740
"../../../Engine/Plugins/VirtualProduction/VirtualScouting/Content/Art/Common/M_Widget3DPassThrough_NoDepth.uexp" 2741
"../../../Engine/Plugins/VirtualProduction/VirtualScouting/Content/Art/Common/M_Solid.uasset" 2742
"../../../Engine/Plugins/VirtualProduction/VirtualScouting/Content/Art/Common/M_Solid.uexp" 2743
"../../../Engine/Plugins/VirtualProduction/VirtualScouting/Content/Art/Common/MI_Console.uasset" 2744
"../../../Engine/Plugins/VirtualProduction/VirtualScouting/Content/Art/Common/MI_Console.uexp" 2745
"../../../Engine/Plugins/VirtualProduction/VirtualScouting/Content/Art/Common/M_Basic.uasset" 2746
"../../../Engine/Plugins/VirtualProduction/VirtualScouting/Content/Art/Common/M_Basic.uexp" 2747
"../../../Engine/Plugins/VirtualProduction/VirtualScouting/Content/Art/Common/MI_MenuMeshTile.uasset" 2748
"../../../Engine/Plugins/VirtualProduction/VirtualScouting/Content/Art/Common/MI_MenuMeshTile.uexp" 2749
"../../../Engine/Plugins/VirtualProduction/VirtualScouting/Content/Art/Common/M_Widget3D_DefaultLit.uasset" 2750
"../../../Engine/Plugins/VirtualProduction/VirtualScouting/Content/Art/Common/M_Widget3D_DefaultLit.uexp" 2751
"../../../Engine/Plugins/VirtualProduction/VirtualScouting/Content/Art/Common/MI_Widget3D_DefaultLit.uasset" 2752
"../../../Engine/Plugins/VirtualProduction/VirtualScouting/Content/Art/Common/MI_Widget3D_DefaultLit.uexp" 2753
"../../../Engine/Plugins/VirtualProduction/VirtualScouting/Content/Art/OculusTouch/BPI_ControllerAnimation.uasset" 2754
"../../../Engine/Plugins/VirtualProduction/VirtualScouting/Content/Art/OculusTouch/BPI_ControllerAnimation.uexp" 2755
"../../../Engine/Plugins/VirtualProduction/VirtualScouting/Content/Art/IndexKnuckle/SK_ValveIndex.uasset" 2756
"../../../Engine/Plugins/VirtualProduction/VirtualScouting/Content/Art/IndexKnuckle/SK_ValveIndex.uexp" 2757
"../../../Engine/Plugins/Animation/ControlRig/Content/Controls/DefaultGizmoLibraryNormalized.uasset" 2758
"../../../Engine/Plugins/Animation/ControlRig/Content/Controls/DefaultGizmoLibraryNormalized.uexp" 2759
"../../../Engine/Plugins/VirtualProduction/VirtualScouting/Content/Art/IndexKnuckle/CTR_ValveIndex.uasset" 2760
"../../../Engine/Plugins/VirtualProduction/VirtualScouting/Content/Art/IndexKnuckle/CTR_ValveIndex.uexp" 2761
"../../../Engine/Plugins/VirtualProduction/VirtualScouting/Content/Art/IndexKnuckle/ABP_ValveIndex.uasset" 2762
"../../../Engine/Plugins/VirtualProduction/VirtualScouting/Content/Art/IndexKnuckle/ABP_ValveIndex.uexp" 2763
"../../../Engine/Plugins/VirtualProduction/VirtualScouting/Content/Art/IndexKnuckle/PA_ValveIndex.uasset" 2764
"../../../Engine/Plugins/VirtualProduction/VirtualScouting/Content/Art/IndexKnuckle/PA_ValveIndex.uexp" 2765
"../../../Engine/Plugins/VirtualProduction/VirtualScouting/Content/Art/OculusTouch/T_Oculus_noLoop_N.ubulk" 2766
"../../../Engine/Plugins/VirtualProduction/VirtualScouting/Content/Art/OculusTouch/T_Oculus_noLoop_N.uasset" 2767
"../../../Engine/Plugins/VirtualProduction/VirtualScouting/Content/Art/OculusTouch/T_Oculus_noLoop_N.uexp" 2768
"../../../Engine/Plugins/VirtualProduction/VirtualScouting/Content/Art/OculusTouch/T_Oculus_noLoop_MSR.ubulk" 2769
"../../../Engine/Plugins/VirtualProduction/VirtualScouting/Content/Art/OculusTouch/T_Oculus_noLoop_MSR.uasset" 2770
"../../../Engine/Plugins/VirtualProduction/VirtualScouting/Content/Art/OculusTouch/T_Oculus_noLoop_MSR.uexp" 2771
"../../../Engine/Plugins/VirtualProduction/VirtualScouting/Content/Art/OculusTouch/T_Oculus_noLoop_ID.uasset" 2772
"../../../Engine/Plugins/VirtualProduction/VirtualScouting/Content/Art/OculusTouch/T_Oculus_noLoop_ID.uexp" 2773
"../../../Engine/Plugins/VirtualProduction/VirtualScouting/Content/Art/OculusTouch/T_Oculus_noLoop_E.ubulk" 2774
"../../../Engine/Plugins/VirtualProduction/VirtualScouting/Content/Art/OculusTouch/T_Oculus_noLoop_E.uasset" 2775
"../../../Engine/Plugins/VirtualProduction/VirtualScouting/Content/Art/OculusTouch/T_Oculus_noLoop_E.uexp" 2776
"../../../Engine/Plugins/VirtualProduction/VirtualScouting/Content/Art/OculusTouch/T_Oculus_noLoop_DO.ubulk" 2777
"../../../Engine/Plugins/VirtualProduction/VirtualScouting/Content/Art/OculusTouch/T_Oculus_noLoop_DO.uasset" 2778
"../../../Engine/Plugins/VirtualProduction/VirtualScouting/Content/Art/OculusTouch/T_Oculus_noLoop_DO.uexp" 2779
"../../../Engine/Plugins/VirtualProduction/VirtualScouting/Content/Art/OculusTouch/M_VRController.uasset" 2780
"../../../Engine/Plugins/VirtualProduction/VirtualScouting/Content/Art/OculusTouch/M_VRController.uexp" 2781
"../../../Engine/Plugins/VirtualProduction/VirtualScouting/Content/Art/IndexKnuckle/T_IndexKnuckle_N.ubulk" 2782
"../../../Engine/Plugins/VirtualProduction/VirtualScouting/Content/Art/IndexKnuckle/T_IndexKnuckle_N.uasset" 2783
"../../../Engine/Plugins/VirtualProduction/VirtualScouting/Content/Art/IndexKnuckle/T_IndexKnuckle_N.uexp" 2784
"../../../Engine/Plugins/VirtualProduction/VirtualScouting/Content/Art/IndexKnuckle/T_IndexKnuckle_MSR.ubulk" 2785
"../../../Engine/Plugins/VirtualProduction/VirtualScouting/Content/Art/IndexKnuckle/T_IndexKnuckle_MSR.uasset" 2786
"../../../Engine/Plugins/VirtualProduction/VirtualScouting/Content/Art/IndexKnuckle/T_IndexKnuckle_MSR.uexp" 2787
"../../../Engine/Plugins/VirtualProduction/VirtualScouting/Content/Art/IndexKnuckle/T_IndexKnuckle_ID.ubulk" 2788
"../../../Engine/Plugins/VirtualProduction/VirtualScouting/Content/Art/IndexKnuckle/T_IndexKnuckle_ID.uasset" 2789
"../../../Engine/Plugins/VirtualProduction/VirtualScouting/Content/Art/IndexKnuckle/T_IndexKnuckle_ID.uexp" 2790
"../../../Engine/Plugins/VirtualProduction/VirtualScouting/Content/Art/IndexKnuckle/T_IndexKnuckle_E.ubulk" 2791
"../../../Engine/Plugins/VirtualProduction/VirtualScouting/Content/Art/IndexKnuckle/T_IndexKnuckle_E.uasset" 2792
"../../../Engine/Plugins/VirtualProduction/VirtualScouting/Content/Art/IndexKnuckle/T_IndexKnuckle_E.uexp" 2793
"../../../Engine/Plugins/VirtualProduction/VirtualScouting/Content/Art/IndexKnuckle/T_IndexKnuckle_DO.ubulk" 2794
"../../../Engine/Plugins/VirtualProduction/VirtualScouting/Content/Art/IndexKnuckle/T_IndexKnuckle_DO.uasset" 2795
"../../../Engine/Plugins/VirtualProduction/VirtualScouting/Content/Art/IndexKnuckle/T_IndexKnuckle_DO.uexp" 2796
"../../../Engine/Plugins/VirtualProduction/VirtualScouting/Content/Art/IndexKnuckle/MI_ValveIndex.uasset" 2797
"../../../Engine/Plugins/VirtualProduction/VirtualScouting/Content/Art/IndexKnuckle/MI_ValveIndex.uexp" 2798
"../../../Engine/Plugins/VirtualProduction/VirtualScouting/Content/Art/IndexKnuckle/SKM_ValveIndex.uasset" 2799
"../../../Engine/Plugins/VirtualProduction/VirtualScouting/Content/Art/IndexKnuckle/SKM_ValveIndex.uexp" 2800
"../../../Engine/Plugins/VirtualProduction/VirtualScouting/Content/Art/OculusTouch/SK_OculusTouch.uasset" 2801
"../../../Engine/Plugins/VirtualProduction/VirtualScouting/Content/Art/OculusTouch/SK_OculusTouch.uexp" 2802
"../../../Engine/Plugins/VirtualProduction/VirtualScouting/Content/Art/OculusTouch/CTR_OculusTouch.uasset" 2803
"../../../Engine/Plugins/VirtualProduction/VirtualScouting/Content/Art/OculusTouch/CTR_OculusTouch.uexp" 2804
"../../../Engine/Plugins/VirtualProduction/VirtualScouting/Content/Art/OculusTouch/ABP_OculusTouch.uasset" 2805
"../../../Engine/Plugins/VirtualProduction/VirtualScouting/Content/Art/OculusTouch/ABP_OculusTouch.uexp" 2806
"../../../Engine/Plugins/VirtualProduction/VirtualScouting/Content/Art/OculusTouch/PA_OculusTouch.uasset" 2807
"../../../Engine/Plugins/VirtualProduction/VirtualScouting/Content/Art/OculusTouch/PA_OculusTouch.uexp" 2808
"../../../Engine/Plugins/VirtualProduction/VirtualScouting/Content/Art/OculusTouch/MI_VRController.uasset" 2809
"../../../Engine/Plugins/VirtualProduction/VirtualScouting/Content/Art/OculusTouch/MI_VRController.uexp" 2810
"../../../Engine/Plugins/VirtualProduction/VirtualScouting/Content/Art/OculusTouch/SKM_OculusTouch.uasset" 2811
"../../../Engine/Plugins/VirtualProduction/VirtualScouting/Content/Art/OculusTouch/SKM_OculusTouch.uexp" 2812
"../../../Engine/Plugins/VirtualProduction/VirtualScouting/Content/Art/Common/MI_Screen.uasset" 2813
"../../../Engine/Plugins/VirtualProduction/VirtualScouting/Content/Art/Common/MI_Screen.uexp" 2814
"../../../Engine/Plugins/VirtualProduction/VirtualScouting/Content/Art/OculusTouch/SM_Pointer.ubulk" 2815
"../../../Engine/Plugins/VirtualProduction/VirtualScouting/Content/Art/OculusTouch/SM_Pointer.uasset" 2816
"../../../Engine/Plugins/VirtualProduction/VirtualScouting/Content/Art/OculusTouch/SM_Pointer.uexp" 2817
"../../../Engine/Plugins/VirtualProduction/VirtualScouting/Content/Art/PPOutline/PP_ColorOutline.uasset" 2818
"../../../Engine/Plugins/VirtualProduction/VirtualScouting/Content/Art/PPOutline/PP_ColorOutline.uexp" 2819
"../../../Engine/Plugins/VirtualProduction/VirtualScouting/Content/Art/PPOutline/PPI_ColorOutline.uasset" 2820
"../../../Engine/Plugins/VirtualProduction/VirtualScouting/Content/Art/PPOutline/PPI_ColorOutline.uexp" 2821
"../../../Engine/Plugins/VirtualProduction/VirtualScouting/Content/Art/VFX/M_LaserHit.uasset" 2822
"../../../Engine/Plugins/VirtualProduction/VirtualScouting/Content/Art/VFX/M_LaserHit.uexp" 2823
"../../../Engine/Plugins/VirtualProduction/VirtualScouting/Content/Art/VFX/SM_LaserPointerHit.ubulk" 2824
"../../../Engine/Plugins/VirtualProduction/VirtualScouting/Content/Art/VFX/SM_LaserPointerHit.uasset" 2825
"../../../Engine/Plugins/VirtualProduction/VirtualScouting/Content/Art/VFX/SM_LaserPointerHit.uexp" 2826
"../../../Engine/Plugins/VirtualProduction/VirtualScouting/Content/Art/VFX/MI_LaserHit.uasset" 2827
"../../../Engine/Plugins/VirtualProduction/VirtualScouting/Content/Art/VFX/MI_LaserHit.uexp" 2828
"../../../Engine/Plugins/VirtualProduction/VirtualScouting/Content/Art/VFX/DefaultRibbonMaterial_NoGradient.uasset" 2829
"../../../Engine/Plugins/VirtualProduction/VirtualScouting/Content/Art/VFX/DefaultRibbonMaterial_NoGradient.uexp" 2830
"../../../Engine/Plugins/VirtualProduction/VirtualScouting/Content/Art/VFX/NS_AimLaser.uasset" 2831
"../../../Engine/Plugins/VirtualProduction/VirtualScouting/Content/Art/VFX/NS_AimLaser.uexp" 2832
"../../../Engine/Plugins/VirtualProduction/VirtualScouting/Content/Art/VFX/NS_MenuLaser.uasset" 2833
"../../../Engine/Plugins/VirtualProduction/VirtualScouting/Content/Art/VFX/NS_MenuLaser.uexp" 2834
"../../../Engine/Plugins/VirtualProduction/VirtualScouting/Content/Core/Gizmo/BPI_Gizmo.uasset" 2835
"../../../Engine/Plugins/VirtualProduction/VirtualScouting/Content/Core/Gizmo/BPI_Gizmo.uexp" 2836
"../../../Engine/Plugins/VirtualProduction/VirtualScouting/Content/Art/Common/M_DashedLineRibbonMaterial_NoGradient.uasset" 2837
"../../../Engine/Plugins/VirtualProduction/VirtualScouting/Content/Art/Common/M_DashedLineRibbonMaterial_NoGradient.uexp" 2838
"../../../Engine/Plugins/VirtualProduction/VirtualScouting/Content/Art/Common/MI_DashedLineRibbonMaterial_NoGradient.uasset" 2839
"../../../Engine/Plugins/VirtualProduction/VirtualScouting/Content/Art/Common/MI_DashedLineRibbonMaterial_NoGradient.uexp" 2840
"../../../Engine/Plugins/VirtualProduction/VirtualScouting/Content/Core/Gizmo/NS_GizmoAxisVisualization.uasset" 2841
"../../../Engine/Plugins/VirtualProduction/VirtualScouting/Content/Core/Gizmo/NS_GizmoAxisVisualization.uexp" 2842
"../../../Engine/Plugins/VirtualProduction/VirtualScouting/Content/Core/Gizmo/M_VScoutGizmo.uasset" 2843
"../../../Engine/Plugins/VirtualProduction/VirtualScouting/Content/Core/Gizmo/M_VScoutGizmo.uexp" 2844
"../../../Engine/Plugins/VirtualProduction/VirtualScouting/Content/Core/Gizmo/M_VScoutGizmo_DepthTest.uasset" 2845
"../../../Engine/Plugins/VirtualProduction/VirtualScouting/Content/Core/Gizmo/M_VScoutGizmo_DepthTest.uexp" 2846
"../../../Engine/Plugins/VirtualProduction/VirtualScouting/Content/Core/Gizmo/MI_VScoutGizmo_DepthTest.uasset" 2847
"../../../Engine/Plugins/VirtualProduction/VirtualScouting/Content/Core/Gizmo/MI_VScoutGizmo_DepthTest.uexp" 2848
"../../../Engine/Plugins/VirtualProduction/VirtualScouting/Content/Core/Gizmo/MI_VScoutGizmo_AxisZ.uasset" 2849
"../../../Engine/Plugins/VirtualProduction/VirtualScouting/Content/Core/Gizmo/MI_VScoutGizmo_AxisZ.uexp" 2850
"../../../Engine/Plugins/VirtualProduction/VirtualScouting/Content/Core/Gizmo/MI_VScoutGizmo_AxisY.uasset" 2851
"../../../Engine/Plugins/VirtualProduction/VirtualScouting/Content/Core/Gizmo/MI_VScoutGizmo_AxisY.uexp" 2852
"../../../Engine/Plugins/VirtualProduction/VirtualScouting/Content/Core/Gizmo/MI_VScoutGizmo_AxisX.uasset" 2853
"../../../Engine/Plugins/VirtualProduction/VirtualScouting/Content/Core/Gizmo/MI_VScoutGizmo_AxisX.uexp" 2854
"../../../Engine/Plugins/VirtualProduction/VirtualScouting/Content/Core/Gizmo/Meshes/UniformScaleHandle.ubulk" 2855
"../../../Engine/Plugins/VirtualProduction/VirtualScouting/Content/Core/Gizmo/Meshes/UniformScaleHandle.uasset" 2856
"../../../Engine/Plugins/VirtualProduction/VirtualScouting/Content/Core/Gizmo/Meshes/UniformScaleHandle.uexp" 2857
"../../../Engine/Plugins/VirtualProduction/VirtualScouting/Content/Core/Gizmo/Meshes/SM_TranslateArrow.ubulk" 2858
"../../../Engine/Plugins/VirtualProduction/VirtualScouting/Content/Core/Gizmo/Meshes/SM_TranslateArrow.uasset" 2859
"../../../Engine/Plugins/VirtualProduction/VirtualScouting/Content/Core/Gizmo/Meshes/SM_TranslateArrow.uexp" 2860
"../../../Engine/Plugins/VirtualProduction/VirtualScouting/Content/Core/Gizmo/Meshes/SM_RotationQuarterRound.ubulk" 2861
"../../../Engine/Plugins/VirtualProduction/VirtualScouting/Content/Core/Gizmo/Meshes/SM_RotationQuarterRound.uasset" 2862
"../../../Engine/Plugins/VirtualProduction/VirtualScouting/Content/Core/Gizmo/Meshes/SM_RotationQuarterRound.uexp" 2863
"../../../Engine/Plugins/VirtualProduction/VirtualScouting/Content/Core/Gizmo/Meshes/SM_MultiAxisQuarter.ubulk" 2864
"../../../Engine/Plugins/VirtualProduction/VirtualScouting/Content/Core/Gizmo/Meshes/SM_MultiAxisQuarter.uasset" 2865
"../../../Engine/Plugins/VirtualProduction/VirtualScouting/Content/Core/Gizmo/Meshes/SM_MultiAxisQuarter.uexp" 2866
"../../../Engine/Plugins/VirtualProduction/VirtualScouting/Content/Art/Common/M_DashedLineRibbonMaterial_NoGradient_DepthTest.uasset" 2867
"../../../Engine/Plugins/VirtualProduction/VirtualScouting/Content/Art/Common/M_DashedLineRibbonMaterial_NoGradient_DepthTest.uexp" 2868
"../../../Engine/Plugins/VirtualProduction/VirtualScouting/Content/Art/Common/MI_DashedLineRibbonMaterial_NoGradient_DepthTest.uasset" 2869
"../../../Engine/Plugins/VirtualProduction/VirtualScouting/Content/Art/Common/MI_DashedLineRibbonMaterial_NoGradient_DepthTest.uexp" 2870
"../../../Engine/Plugins/VirtualProduction/VirtualScouting/Content/Core/Gizmo/VScout_CombinedTransformGizmoActor.uasset" 2871
"../../../Engine/Plugins/VirtualProduction/VirtualScouting/Content/Core/Gizmo/VScout_CombinedTransformGizmoActor.uexp" 2872
"../../../Engine/Plugins/VirtualProduction/VirtualScouting/Content/Core/Movement/BPI_XRC_Movement.uasset" 2873
"../../../Engine/Plugins/VirtualProduction/VirtualScouting/Content/Core/Movement/BPI_XRC_Movement.uexp" 2874
"../../../Engine/Plugins/VirtualProduction/VirtualScouting/Content/Core/Movement/Teleporter/Curve_TeleoportLandingRotation.uasset" 2875
"../../../Engine/Plugins/VirtualProduction/VirtualScouting/Content/Core/Movement/Teleporter/Curve_TeleoportLandingRotation.uexp" 2876
"../../../Engine/Plugins/VirtualProduction/VirtualScouting/Content/Core/Movement/Teleporter/M_TeleportLocation.uasset" 2877
"../../../Engine/Plugins/VirtualProduction/VirtualScouting/Content/Core/Movement/Teleporter/M_TeleportLocation.uexp" 2878
"../../../Engine/Plugins/VirtualProduction/VirtualScouting/Content/Core/Movement/Teleporter/MI_TeleportLocation.uasset" 2879
"../../../Engine/Plugins/VirtualProduction/VirtualScouting/Content/Core/Movement/Teleporter/MI_TeleportLocation.uexp" 2880
"../../../Engine/Plugins/VirtualProduction/VirtualScouting/Content/Core/Movement/Teleporter/SM_TeleportDirectionMesh.ubulk" 2881
"../../../Engine/Plugins/VirtualProduction/VirtualScouting/Content/Core/Movement/Teleporter/SM_TeleportDirectionMesh.uasset" 2882
"../../../Engine/Plugins/VirtualProduction/VirtualScouting/Content/Core/Movement/Teleporter/SM_TeleportDirectionMesh.uexp" 2883
"../../../Engine/Plugins/VirtualProduction/VirtualScouting/Content/Core/Movement/Teleporter/SM_GenericHMD.ubulk" 2884
"../../../Engine/Plugins/VirtualProduction/VirtualScouting/Content/Core/Movement/Teleporter/SM_GenericHMD.uasset" 2885
"../../../Engine/Plugins/VirtualProduction/VirtualScouting/Content/Core/Movement/Teleporter/SM_GenericHMD.uexp" 2886
"../../../Engine/Plugins/VirtualProduction/VirtualScouting/Content/Core/Movement/Teleporter/SM_Controller.ubulk" 2887
"../../../Engine/Plugins/VirtualProduction/VirtualScouting/Content/Core/Movement/Teleporter/SM_Controller.uasset" 2888
"../../../Engine/Plugins/VirtualProduction/VirtualScouting/Content/Core/Movement/Teleporter/SM_Controller.uexp" 2889
"../../../Engine/Plugins/VirtualProduction/VirtualScouting/Content/Core/Movement/Teleporter/BP_XRC_Teleporter.uasset" 2890
"../../../Engine/Plugins/VirtualProduction/VirtualScouting/Content/Core/Movement/Teleporter/BP_XRC_Teleporter.uexp" 2891
"../../../Engine/Plugins/VirtualProduction/VirtualScouting/Content/Core/Movement/Scale/Curve_DragScaleModifier.uasset" 2892
"../../../Engine/Plugins/VirtualProduction/VirtualScouting/Content/Core/Movement/Scale/Curve_DragScaleModifier.uexp" 2893
"../../../Engine/Plugins/VirtualProduction/VirtualScouting/Content/Core/Movement/BP_XRC_MovementComponent.uasset" 2894
"../../../Engine/Plugins/VirtualProduction/VirtualScouting/Content/Core/Movement/BP_XRC_MovementComponent.uexp" 2895
"../../../Engine/Plugins/VirtualProduction/VirtualScouting/Content/Core/Movement/Scale/WBP_ScaleText.uasset" 2896
"../../../Engine/Plugins/VirtualProduction/VirtualScouting/Content/Core/Movement/Scale/WBP_ScaleText.uexp" 2897
"../../../Engine/Plugins/VirtualProduction/VirtualScouting/Content/Core/Movement/Scale/BP_ScaleTextWidget.uasset" 2898
"../../../Engine/Plugins/VirtualProduction/VirtualScouting/Content/Core/Movement/Scale/BP_ScaleTextWidget.uexp" 2899
"../../../Engine/Plugins/VirtualProduction/VirtualScouting/Content/Art/VFX/DefaultRibbonMaterial_NoGradient_NoDepth.uasset" 2900
"../../../Engine/Plugins/VirtualProduction/VirtualScouting/Content/Art/VFX/DefaultRibbonMaterial_NoGradient_NoDepth.uexp" 2901
"../../../Engine/Plugins/VirtualProduction/VirtualScouting/Content/Core/Movement/Scale/NS_ScaleBar.uasset" 2902
"../../../Engine/Plugins/VirtualProduction/VirtualScouting/Content/Core/Movement/Scale/NS_ScaleBar.uexp" 2903
"../../../Engine/Plugins/VirtualProduction/VirtualScouting/Content/Art/Common/Ribbon_NoGradientNoDepth.uasset" 2904
"../../../Engine/Plugins/VirtualProduction/VirtualScouting/Content/Art/Common/Ribbon_NoGradientNoDepth.uexp" 2905
"../../../Engine/Plugins/VirtualProduction/VirtualScouting/Content/Art/Common/Ribbon_NoGradientNoDepth_DepthTest.uasset" 2906
"../../../Engine/Plugins/VirtualProduction/VirtualScouting/Content/Art/Common/Ribbon_NoGradientNoDepth_DepthTest.uexp" 2907
"../../../Engine/Plugins/VirtualProduction/VirtualScouting/Content/Tools/LineHelper/NS_LineVisualizer.uasset" 2908
"../../../Engine/Plugins/VirtualProduction/VirtualScouting/Content/Tools/LineHelper/NS_LineVisualizer.uexp" 2909
"../../../Engine/Plugins/VirtualProduction/VirtualScouting/Content/Tools/LineHelper/BP_LineHelper.uasset" 2910
"../../../Engine/Plugins/VirtualProduction/VirtualScouting/Content/Tools/LineHelper/BP_LineHelper.uexp" 2911
"../../../Engine/Plugins/VirtualProduction/VirtualScouting/Content/Tools/ToolTip/ValveMap.uasset" 2912
"../../../Engine/Plugins/VirtualProduction/VirtualScouting/Content/Tools/ToolTip/ValveMap.uexp" 2913
"../../../Engine/Plugins/VirtualProduction/VirtualScouting/Content/Tools/ToolTip/ValveDisc.uasset" 2914
"../../../Engine/Plugins/VirtualProduction/VirtualScouting/Content/Tools/ToolTip/ValveDisc.uexp" 2915
"../../../Engine/Plugins/VirtualProduction/VirtualScouting/Content/Tools/ToolTip/OculusMap.uasset" 2916
"../../../Engine/Plugins/VirtualProduction/VirtualScouting/Content/Tools/ToolTip/OculusMap.uexp" 2917
"../../../Engine/Plugins/VirtualProduction/VirtualScouting/Content/Tools/ToolTip/OculusDisc.uasset" 2918
"../../../Engine/Plugins/VirtualProduction/VirtualScouting/Content/Tools/ToolTip/OculusDisc.uexp" 2919
"../../../Engine/Content/BasicShapes/Cylinder.ubulk" 2920
"../../../Engine/Content/BasicShapes/Cylinder.uasset" 2921
"../../../Engine/Content/BasicShapes/Cylinder.uexp" 2922
"../../../Engine/Plugins/VirtualProduction/VirtualScouting/Content/UI/SubWidgets/WBP_ToolTipBase.uasset" 2923
"../../../Engine/Plugins/VirtualProduction/VirtualScouting/Content/UI/SubWidgets/WBP_ToolTipBase.uexp" 2924
"../../../Engine/Plugins/VirtualProduction/VirtualScouting/Content/Art/VFX/DefaultRibbonMateral_NoDepth.uasset" 2925
"../../../Engine/Plugins/VirtualProduction/VirtualScouting/Content/Art/VFX/DefaultRibbonMateral_NoDepth.uexp" 2926
"../../../Engine/Plugins/VirtualProduction/VirtualScouting/Content/Tools/ToolTip/BP_Tooltip.uasset" 2927
"../../../Engine/Plugins/VirtualProduction/VirtualScouting/Content/Tools/ToolTip/BP_Tooltip.uexp" 2928
"../../../Engine/Plugins/VirtualProduction/VirtualScouting/Content/Tools/ToolTip/BP_ToolTipActor.uasset" 2929
"../../../Engine/Plugins/VirtualProduction/VirtualScouting/Content/Tools/ToolTip/BP_ToolTipActor.uexp" 2930
"../../../Engine/Plugins/VirtualProduction/VirtualScouting/Content/Core/BP_VScoutAvatar.uasset" 2931
"../../../Engine/Plugins/VirtualProduction/VirtualScouting/Content/Core/BP_VScoutAvatar.uexp" 2932
"../../../Engine/Content/EngineResources/AICON-Red.uasset" 2933
"../../../Engine/Content/EngineResources/AICON-Red.uexp" 2934
"../../../Engine/Plugins/VirtualProduction/VirtualScouting/Content/UI/Icons/IconPlus.ubulk" 2935
"../../../Engine/Plugins/VirtualProduction/VirtualScouting/Content/UI/Icons/IconPlus.uasset" 2936
"../../../Engine/Plugins/VirtualProduction/VirtualScouting/Content/UI/Icons/IconPlus.uexp" 2937
"../../../Engine/Plugins/VirtualProduction/VirtualScouting/Content/UI/SubWidgets/WBP_VScoutButton_Horizontal.uasset" 2938
"../../../Engine/Plugins/VirtualProduction/VirtualScouting/Content/UI/SubWidgets/WBP_VScoutButton_Horizontal.uexp" 2939
"../../../Engine/Plugins/VirtualProduction/VirtualScouting/Content/UI/Icons/IconUser.ubulk" 2940
"../../../Engine/Plugins/VirtualProduction/VirtualScouting/Content/UI/Icons/IconUser.uasset" 2941
"../../../Engine/Plugins/VirtualProduction/VirtualScouting/Content/UI/Icons/IconUser.uexp" 2942
"../../../Engine/Plugins/VirtualProduction/VirtualScouting/Content/UI/Icons/IconLocation.ubulk" 2943
"../../../Engine/Plugins/VirtualProduction/VirtualScouting/Content/UI/Icons/IconLocation.uasset" 2944
"../../../Engine/Plugins/VirtualProduction/VirtualScouting/Content/UI/Icons/IconLocation.uexp" 2945
"../../../Engine/Plugins/VirtualProduction/VirtualScouting/Content/Tools/Bookmark/BP_ScoutBookmarkComponent.uasset" 2946
"../../../Engine/Plugins/VirtualProduction/VirtualScouting/Content/Tools/Bookmark/BP_ScoutBookmarkComponent.uexp" 2947
"../../../Engine/Plugins/VirtualProduction/VirtualScouting/Content/Tools/Bookmark/WBP_UserEntryRow.uasset" 2948
"../../../Engine/Plugins/VirtualProduction/VirtualScouting/Content/Tools/Bookmark/WBP_UserEntryRow.uexp" 2949
"../../../Engine/Plugins/VirtualProduction/VirtualScouting/Content/UI/Icons/IconTrash.uasset" 2950
"../../../Engine/Plugins/VirtualProduction/VirtualScouting/Content/UI/Icons/IconTrash.uexp" 2951
"../../../Engine/Plugins/VirtualProduction/VirtualScouting/Content/Tools/Bookmark/WBP_BookmarkEntryRow.uasset" 2952
"../../../Engine/Plugins/VirtualProduction/VirtualScouting/Content/Tools/Bookmark/WBP_BookmarkEntryRow.uexp" 2953
"../../../Engine/Plugins/VirtualProduction/VirtualScouting/Content/Tools/Bookmark/BookmarkTool_Viewmodel.uasset" 2954
"../../../Engine/Plugins/VirtualProduction/VirtualScouting/Content/Tools/Bookmark/BookmarkTool_Viewmodel.uexp" 2955
"../../../Engine/Plugins/VirtualProduction/VirtualScouting/Content/Tools/Bookmark/BookMarkTool_ViewmodelResolver.uasset" 2956
"../../../Engine/Plugins/VirtualProduction/VirtualScouting/Content/Tools/Bookmark/BookMarkTool_ViewmodelResolver.uexp" 2957
"../../../Engine/Plugins/VirtualProduction/VirtualScouting/Content/Tools/Bookmark/WBP_BookmarkPalette.uasset" 2958
"../../../Engine/Plugins/VirtualProduction/VirtualScouting/Content/Tools/Bookmark/WBP_BookmarkPalette.uexp" 2959
"../../../Engine/Plugins/VirtualProduction/VirtualScouting/Content/Input/IA_BlockAction.uasset" 2960
"../../../Engine/Plugins/VirtualProduction/VirtualScouting/Content/Input/IA_BlockAction.uexp" 2961
"../../../Engine/Plugins/VirtualProduction/VirtualScouting/Content/Tools/Bookmark/Input/IA_CreateBookmark.uasset" 2962
"../../../Engine/Plugins/VirtualProduction/VirtualScouting/Content/Tools/Bookmark/Input/IA_CreateBookmark.uexp" 2963
"../../../Engine/Plugins/VirtualProduction/VirtualScouting/Content/Tools/Bookmark/Input/IMC_BookmarkToolLeft.uasset" 2964
"../../../Engine/Plugins/VirtualProduction/VirtualScouting/Content/Tools/Bookmark/Input/IMC_BookmarkToolLeft.uexp" 2965
"../../../Engine/Plugins/VirtualProduction/VirtualScouting/Content/Tools/Bookmark/Input/IMC_BookmarkTool.uasset" 2966
"../../../Engine/Plugins/VirtualProduction/VirtualScouting/Content/Tools/Bookmark/Input/IMC_BookmarkTool.uexp" 2967
"../../../Engine/Plugins/VirtualProduction/VirtualScouting/Content/Tools/Bookmark/BP_BookmarkTool.uasset" 2968
"../../../Engine/Plugins/VirtualProduction/VirtualScouting/Content/Tools/Bookmark/BP_BookmarkTool.uexp" 2969
"../../../Engine/Plugins/VirtualProduction/VirtualScouting/Content/UI/Icons/Paint.ubulk" 2970
"../../../Engine/Plugins/VirtualProduction/VirtualScouting/Content/UI/Icons/Paint.uasset" 2971
"../../../Engine/Plugins/VirtualProduction/VirtualScouting/Content/UI/Icons/Paint.uexp" 2972
"../../../Engine/Content/Functions/UserInterface/GetUserInterfaceUV.uasset" 2973
"../../../Engine/Content/Functions/UserInterface/GetUserInterfaceUV.uexp" 2974
"../../../Engine/Plugins/VirtualProduction/VirtualScouting/Content/UI/Materials/Curve_Value.uasset" 2975
"../../../Engine/Plugins/VirtualProduction/VirtualScouting/Content/UI/Materials/Curve_Value.uexp" 2976
"../../../Engine/Plugins/VirtualProduction/VirtualScouting/Content/UI/Materials/Curve_Color.uasset" 2977
"../../../Engine/Plugins/VirtualProduction/VirtualScouting/Content/UI/Materials/Curve_Color.uexp" 2978
"../../../Engine/Plugins/VirtualProduction/VirtualScouting/Content/UI/Materials/Curve_Saturation.uasset" 2979
"../../../Engine/Plugins/VirtualProduction/VirtualScouting/Content/UI/Materials/Curve_Saturation.uexp" 2980
"../../../Engine/Plugins/VirtualProduction/VirtualScouting/Content/UI/Materials/Curve_ColorTemperature.uasset" 2981
"../../../Engine/Plugins/VirtualProduction/VirtualScouting/Content/UI/Materials/Curve_ColorTemperature.uexp" 2982
"../../../Engine/Plugins/VirtualProduction/VirtualScouting/Content/UI/Materials/CA_Color.uasset" 2983
"../../../Engine/Plugins/VirtualProduction/VirtualScouting/Content/UI/Materials/CA_Color.uexp" 2984
"../../../Engine/Plugins/VirtualProduction/VirtualScouting/Content/UI/Materials/MaterialFunctions/Utilities/MF_UI_WeightedCorners.uasset" 2985
"../../../Engine/Plugins/VirtualProduction/VirtualScouting/Content/UI/Materials/MaterialFunctions/Utilities/MF_UI_WeightedCorners.uexp" 2986
"../../../Engine/Plugins/VirtualProduction/VirtualScouting/Content/UI/Materials/MaterialFunctions/Utilities/MF_UI_AspectRatio.uasset" 2987
"../../../Engine/Plugins/VirtualProduction/VirtualScouting/Content/UI/Materials/MaterialFunctions/Utilities/MF_UI_AspectRatio.uexp" 2988
"../../../Engine/Plugins/VirtualProduction/VirtualScouting/Content/UI/Materials/MaterialFunctions/SDFs/MF_UI_SDF_Box.uasset" 2989
"../../../Engine/Plugins/VirtualProduction/VirtualScouting/Content/UI/Materials/MaterialFunctions/SDFs/MF_UI_SDF_Box.uexp" 2990
"../../../Engine/Plugins/VirtualProduction/VirtualScouting/Content/UI/Materials/M_ValueSlider.uasset" 2991
"../../../Engine/Plugins/VirtualProduction/VirtualScouting/Content/UI/Materials/M_ValueSlider.uexp" 2992
"../../../Engine/Plugins/VirtualProduction/VirtualScouting/Content/UI/Materials/M_SaturationSlider.uasset" 2993
"../../../Engine/Plugins/VirtualProduction/VirtualScouting/Content/UI/Materials/M_SaturationSlider.uexp" 2994
"../../../Engine/Plugins/VirtualProduction/VirtualScouting/Content/UI/Materials/M_HueSlider.uasset" 2995
"../../../Engine/Plugins/VirtualProduction/VirtualScouting/Content/UI/Materials/M_HueSlider.uexp" 2996
"../../../Engine/Plugins/VirtualProduction/VirtualScouting/Content/UI/Materials/M_ColorSelection.uasset" 2997
"../../../Engine/Plugins/VirtualProduction/VirtualScouting/Content/UI/Materials/M_ColorSelection.uexp" 2998
"../../../Engine/Plugins/VirtualProduction/VirtualScouting/Content/UI/Icons/SliderHandleNormal.uasset" 2999
"../../../Engine/Plugins/VirtualProduction/VirtualScouting/Content/UI/Icons/SliderHandleNormal.uexp" 3000
"../../../Engine/Plugins/VirtualProduction/VirtualScouting/Content/UI/Icons/SliderHandleHovered.uasset" 3001
"../../../Engine/Plugins/VirtualProduction/VirtualScouting/Content/UI/Icons/SliderHandleHovered.uexp" 3002
"../../../Engine/Plugins/VirtualProduction/VirtualScouting/Content/UI/SubWidgets/WBP_SliderColorChooser.uasset" 3003
"../../../Engine/Plugins/VirtualProduction/VirtualScouting/Content/UI/SubWidgets/WBP_SliderColorChooser.uexp" 3004
"../../../Engine/Plugins/VirtualProduction/VirtualScouting/Content/UI/SubWidgets/WBP_PropertySlider.uasset" 3005
"../../../Engine/Plugins/VirtualProduction/VirtualScouting/Content/UI/SubWidgets/WBP_PropertySlider.uexp" 3006
"../../../Engine/Plugins/VirtualProduction/VirtualScouting/Content/Tools/Draw/E_DrawToolMode.uasset" 3007
"../../../Engine/Plugins/VirtualProduction/VirtualScouting/Content/Tools/Draw/E_DrawToolMode.uexp" 3008
"../../../Engine/Plugins/VirtualProduction/VirtualScouting/Content/Tools/Draw/DrawTool_ViewModel.uasset" 3009
"../../../Engine/Plugins/VirtualProduction/VirtualScouting/Content/Tools/Draw/DrawTool_ViewModel.uexp" 3010
"../../../Engine/Plugins/VirtualProduction/VirtualScouting/Content/Tools/Draw/DrawTool_ViewModel_Resolver.uasset" 3011
"../../../Engine/Plugins/VirtualProduction/VirtualScouting/Content/Tools/Draw/DrawTool_ViewModel_Resolver.uexp" 3012
"../../../Engine/Plugins/VirtualProduction/VirtualScouting/Content/Tools/Draw/WBP_DrawToolOptions.uasset" 3013
"../../../Engine/Plugins/VirtualProduction/VirtualScouting/Content/Tools/Draw/WBP_DrawToolOptions.uexp" 3014
"../../../Engine/Plugins/VirtualProduction/VirtualScouting/Content/Tools/Draw/Input/IA_Draw.uasset" 3015
"../../../Engine/Plugins/VirtualProduction/VirtualScouting/Content/Tools/Draw/Input/IA_Draw.uexp" 3016
"../../../Engine/Plugins/VirtualProduction/VirtualScouting/Content/Tools/Draw/Input/IMC_DrawTool_Left.uasset" 3017
"../../../Engine/Plugins/VirtualProduction/VirtualScouting/Content/Tools/Draw/Input/IMC_DrawTool_Left.uexp" 3018
"../../../Engine/Plugins/VirtualProduction/VirtualScouting/Content/Tools/Draw/Input/IMC_DrawTool.uasset" 3019
"../../../Engine/Plugins/VirtualProduction/VirtualScouting/Content/Tools/Draw/Input/IMC_DrawTool.uexp" 3020
"../../../Engine/Plugins/VirtualProduction/VirtualScouting/Content/Tools/Draw/BP_DrawTool.uasset" 3021
"../../../Engine/Plugins/VirtualProduction/VirtualScouting/Content/Tools/Draw/BP_DrawTool.uexp" 3022
"../../../Engine/Plugins/VirtualProduction/VirtualScouting/Content/UI/Icons/Undo.ubulk" 3023
"../../../Engine/Plugins/VirtualProduction/VirtualScouting/Content/UI/Icons/Undo.uasset" 3024
"../../../Engine/Plugins/VirtualProduction/VirtualScouting/Content/UI/Icons/Undo.uexp" 3025
"../../../Engine/Plugins/VirtualProduction/VirtualScouting/Content/UI/Icons/IconMovement.ubulk" 3026
"../../../Engine/Plugins/VirtualProduction/VirtualScouting/Content/UI/Icons/IconMovement.uasset" 3027
"../../../Engine/Plugins/VirtualProduction/VirtualScouting/Content/UI/Icons/IconMovement.uexp" 3028
"../../../Engine/Plugins/VirtualProduction/VirtualScouting/Content/UI/Icons/IconWorld.uasset" 3029
"../../../Engine/Plugins/VirtualProduction/VirtualScouting/Content/UI/Icons/IconWorld.uexp" 3030
"../../../Engine/Plugins/VirtualProduction/VirtualScouting/Content/UI/Icons/IconTransform.uasset" 3031
"../../../Engine/Plugins/VirtualProduction/VirtualScouting/Content/UI/Icons/IconTransform.uexp" 3032
"../../../Engine/Plugins/VirtualProduction/VirtualScouting/Content/UI/Icons/IconScale.uasset" 3033
"../../../Engine/Plugins/VirtualProduction/VirtualScouting/Content/UI/Icons/IconScale.uexp" 3034
"../../../Engine/Plugins/VirtualProduction/VirtualScouting/Content/UI/Icons/IconRotate.uasset" 3035
"../../../Engine/Plugins/VirtualProduction/VirtualScouting/Content/UI/Icons/IconRotate.uexp" 3036
"../../../Engine/Plugins/VirtualProduction/VirtualScouting/Content/UI/Icons/IconAxis.uasset" 3037
"../../../Engine/Plugins/VirtualProduction/VirtualScouting/Content/UI/Icons/IconAxis.uexp" 3038
"../../../Engine/Plugins/VirtualProduction/VirtualScouting/Content/Tools/Grab/GrabToolViewModel.uasset" 3039
"../../../Engine/Plugins/VirtualProduction/VirtualScouting/Content/Tools/Grab/GrabToolViewModel.uexp" 3040
"../../../Engine/Plugins/VirtualProduction/VirtualScouting/Content/Tools/Grab/GrabToolViewmodel_Resolver.uasset" 3041
"../../../Engine/Plugins/VirtualProduction/VirtualScouting/Content/Tools/Grab/GrabToolViewmodel_Resolver.uexp" 3042
"../../../Engine/Plugins/VirtualProduction/VirtualScouting/Content/Tools/Grab/WBP_GrabOptions.uasset" 3043
"../../../Engine/Plugins/VirtualProduction/VirtualScouting/Content/Tools/Grab/WBP_GrabOptions.uexp" 3044
"../../../Engine/Plugins/VirtualProduction/VirtualScouting/Content/Tools/Grab/IA_GrabSwapGizmoMode.uasset" 3045
"../../../Engine/Plugins/VirtualProduction/VirtualScouting/Content/Tools/Grab/IA_GrabSwapGizmoMode.uexp" 3046
"../../../Engine/Plugins/VirtualProduction/VirtualScouting/Content/Tools/Grab/IA_GrabSwapCoordinate.uasset" 3047
"../../../Engine/Plugins/VirtualProduction/VirtualScouting/Content/Tools/Grab/IA_GrabSwapCoordinate.uexp" 3048
"../../../Engine/Plugins/VirtualProduction/VirtualScouting/Content/Tools/Grab/IMC_GrabToolLeft.uasset" 3049
"../../../Engine/Plugins/VirtualProduction/VirtualScouting/Content/Tools/Grab/IMC_GrabToolLeft.uexp" 3050
"../../../Engine/Plugins/VirtualProduction/VirtualScouting/Content/Tools/Grab/IMC_GrabTool.uasset" 3051
"../../../Engine/Plugins/VirtualProduction/VirtualScouting/Content/Tools/Grab/IMC_GrabTool.uexp" 3052
"../../../Engine/Plugins/VirtualProduction/VirtualScouting/Content/Tools/Grab/EGizmoModes.uasset" 3053
"../../../Engine/Plugins/VirtualProduction/VirtualScouting/Content/Tools/Grab/EGizmoModes.uexp" 3054
"../../../Engine/Plugins/VirtualProduction/VirtualScouting/Content/Tools/Grab/BP_GrabToolActor.uasset" 3055
"../../../Engine/Plugins/VirtualProduction/VirtualScouting/Content/Tools/Grab/BP_GrabToolActor.uexp" 3056
"../../../Engine/Plugins/VirtualProduction/VirtualScouting/Content/Tools/Grab/BP_GrabTool.uasset" 3057
"../../../Engine/Plugins/VirtualProduction/VirtualScouting/Content/Tools/Grab/BP_GrabTool.uexp" 3058
"../../../Engine/Plugins/VirtualProduction/VirtualScouting/Content/Tools/Lighting/Env/XREnvLightingTool_ViewModel.uasset" 3059
"../../../Engine/Plugins/VirtualProduction/VirtualScouting/Content/Tools/Lighting/Env/XREnvLightingTool_ViewModel.uexp" 3060
"../../../Engine/Plugins/VirtualProduction/VirtualScouting/Content/UI/Icons/Sun.ubulk" 3061
"../../../Engine/Plugins/VirtualProduction/VirtualScouting/Content/UI/Icons/Sun.uasset" 3062
"../../../Engine/Plugins/VirtualProduction/VirtualScouting/Content/UI/Icons/Sun.uexp" 3063
"../../../Engine/Plugins/VirtualProduction/VirtualScouting/Content/UI/Materials/M_ColorTempSlider.uasset" 3064
"../../../Engine/Plugins/VirtualProduction/VirtualScouting/Content/UI/Materials/M_ColorTempSlider.uexp" 3065
"../../../Engine/Plugins/VirtualProduction/VirtualScouting/Content/UI/Icons/Moon.ubulk" 3066
"../../../Engine/Plugins/VirtualProduction/VirtualScouting/Content/UI/Icons/Moon.uasset" 3067
"../../../Engine/Plugins/VirtualProduction/VirtualScouting/Content/UI/Icons/Moon.uexp" 3068
"../../../Engine/Plugins/VirtualProduction/VirtualScouting/Content/Tools/Lighting/Env/XREnvLightingTool_Viewmodel_Resolver.uasset" 3069
"../../../Engine/Plugins/VirtualProduction/VirtualScouting/Content/Tools/Lighting/Env/XREnvLightingTool_Viewmodel_Resolver.uexp" 3070
"../../../Engine/Plugins/VirtualProduction/VirtualScouting/Content/Tools/Lighting/Env/WBP_XREnvLightingPaletteTab.uasset" 3071
"../../../Engine/Plugins/VirtualProduction/VirtualScouting/Content/Tools/Lighting/Env/WBP_XREnvLightingPaletteTab.uexp" 3072
"../../../Engine/Plugins/VirtualProduction/VirtualScouting/Content/Tools/Lighting/Env/Input/IA_EnvLightManipulate.uasset" 3073
"../../../Engine/Plugins/VirtualProduction/VirtualScouting/Content/Tools/Lighting/Env/Input/IA_EnvLightManipulate.uexp" 3074
"../../../Engine/Plugins/VirtualProduction/VirtualScouting/Content/Tools/Lighting/Env/BP_EnvLightingTool.uasset" 3075
"../../../Engine/Plugins/VirtualProduction/VirtualScouting/Content/Tools/Lighting/Env/BP_EnvLightingTool.uexp" 3076
"../../../Engine/Plugins/VirtualProduction/VirtualScouting/Content/Tools/Lighting/Env/Input/IMC_EnvLighting_Left.uasset" 3077
"../../../Engine/Plugins/VirtualProduction/VirtualScouting/Content/Tools/Lighting/Env/Input/IMC_EnvLighting_Left.uexp" 3078
"../../../Engine/Plugins/VirtualProduction/VirtualScouting/Content/Tools/Lighting/Env/Input/IMC_EnvLighting.uasset" 3079
"../../../Engine/Plugins/VirtualProduction/VirtualScouting/Content/Tools/Lighting/Env/Input/IMC_EnvLighting.uexp" 3080
"../../../Engine/Plugins/VirtualProduction/VirtualScouting/Content/Tools/Lighting/Env/BP_XREnvLighting.uasset" 3081
"../../../Engine/Plugins/VirtualProduction/VirtualScouting/Content/Tools/Lighting/Env/BP_XREnvLighting.uexp" 3082
"../../../Engine/Plugins/VirtualProduction/VirtualScouting/Content/Tools/Lighting/Gaffer/EGafferLightControlMode.uasset" 3083
"../../../Engine/Plugins/VirtualProduction/VirtualScouting/Content/Tools/Lighting/Gaffer/EGafferLightControlMode.uexp" 3084
"../../../Engine/Plugins/VirtualProduction/VirtualScouting/Content/Tools/Lighting/Gaffer/XRGafferTool_ViewModel.uasset" 3085
"../../../Engine/Plugins/VirtualProduction/VirtualScouting/Content/Tools/Lighting/Gaffer/XRGafferTool_ViewModel.uexp" 3086
"../../../Engine/Plugins/VirtualProduction/VirtualScouting/Content/UI/Icons/SpotLight.ubulk" 3087
"../../../Engine/Plugins/VirtualProduction/VirtualScouting/Content/UI/Icons/SpotLight.uasset" 3088
"../../../Engine/Plugins/VirtualProduction/VirtualScouting/Content/UI/Icons/SpotLight.uexp" 3089
"../../../Engine/Plugins/VirtualProduction/VirtualScouting/Content/UI/Icons/RectLight.ubulk" 3090
"../../../Engine/Plugins/VirtualProduction/VirtualScouting/Content/UI/Icons/RectLight.uasset" 3091
"../../../Engine/Plugins/VirtualProduction/VirtualScouting/Content/UI/Icons/RectLight.uexp" 3092
"../../../Engine/Plugins/VirtualProduction/VirtualScouting/Content/UI/Icons/LightList.ubulk" 3093
"../../../Engine/Plugins/VirtualProduction/VirtualScouting/Content/UI/Icons/LightList.uasset" 3094
"../../../Engine/Plugins/VirtualProduction/VirtualScouting/Content/UI/Icons/LightList.uexp" 3095
"../../../Engine/Plugins/VirtualProduction/VirtualScouting/Content/Tools/Lighting/Gaffer/XRGafferTool_Viewmodel_Resolver.uasset" 3096
"../../../Engine/Plugins/VirtualProduction/VirtualScouting/Content/Tools/Lighting/Gaffer/XRGafferTool_Viewmodel_Resolver.uexp" 3097
"../../../Engine/Plugins/VirtualProduction/VirtualScouting/Content/UI/Icons/Solo.ubulk" 3098
"../../../Engine/Plugins/VirtualProduction/VirtualScouting/Content/UI/Icons/Solo.uasset" 3099
"../../../Engine/Plugins/VirtualProduction/VirtualScouting/Content/UI/Icons/Solo.uexp" 3100
"../../../Engine/Plugins/VirtualProduction/VirtualScouting/Content/UI/Icons/EyeVisible.uasset" 3101
"../../../Engine/Plugins/VirtualProduction/VirtualScouting/Content/UI/Icons/EyeVisible.uexp" 3102
"../../../Engine/Plugins/VirtualProduction/VirtualScouting/Content/UI/Icons/EyeHidden.ubulk" 3103
"../../../Engine/Plugins/VirtualProduction/VirtualScouting/Content/UI/Icons/EyeHidden.uasset" 3104
"../../../Engine/Plugins/VirtualProduction/VirtualScouting/Content/UI/Icons/EyeHidden.uexp" 3105
"../../../Engine/Plugins/VirtualProduction/VirtualScouting/Content/Tools/Lighting/Gaffer/EGafferLightTypes.uasset" 3106
"../../../Engine/Plugins/VirtualProduction/VirtualScouting/Content/Tools/Lighting/Gaffer/EGafferLightTypes.uexp" 3107
"../../../Engine/Plugins/VirtualProduction/VirtualScouting/Content/Tools/Lighting/Gaffer/WBP_LightListEntry.uasset" 3108
"../../../Engine/Plugins/VirtualProduction/VirtualScouting/Content/Tools/Lighting/Gaffer/WBP_LightListEntry.uexp" 3109
"../../../Engine/Plugins/VirtualProduction/VirtualScouting/Content/Tools/Lighting/Gaffer/WBP_XRGafferPalette.uasset" 3110
"../../../Engine/Plugins/VirtualProduction/VirtualScouting/Content/Tools/Lighting/Gaffer/WBP_XRGafferPalette.uexp" 3111
"../../../Engine/Plugins/VirtualProduction/VirtualScouting/Content/Tools/Lighting/Gaffer/Input/IA_GafferToggleMode.uasset" 3112
"../../../Engine/Plugins/VirtualProduction/VirtualScouting/Content/Tools/Lighting/Gaffer/Input/IA_GafferToggleMode.uexp" 3113
"../../../Engine/Plugins/VirtualProduction/VirtualScouting/Content/Tools/Lighting/Gaffer/Input/IA_GafferManipulate.uasset" 3114
"../../../Engine/Plugins/VirtualProduction/VirtualScouting/Content/Tools/Lighting/Gaffer/Input/IA_GafferManipulate.uexp" 3115
"../../../Engine/Plugins/VirtualProduction/VirtualScouting/Content/Tools/Lighting/Gaffer/Input/IMC_XRGafferLeft.uasset" 3116
"../../../Engine/Plugins/VirtualProduction/VirtualScouting/Content/Tools/Lighting/Gaffer/Input/IMC_XRGafferLeft.uexp" 3117
"../../../Engine/Plugins/VirtualProduction/VirtualScouting/Content/Tools/Lighting/Gaffer/Input/IMC_XRGaffer.uasset" 3118
"../../../Engine/Plugins/VirtualProduction/VirtualScouting/Content/Tools/Lighting/Gaffer/Input/IMC_XRGaffer.uexp" 3119
"../../../Engine/Plugins/VirtualProduction/VirtualScouting/Content/Tools/Lighting/Gaffer/BP_XRGaffer.uasset" 3120
"../../../Engine/Plugins/VirtualProduction/VirtualScouting/Content/Tools/Lighting/Gaffer/BP_XRGaffer.uexp" 3121
"../../../Engine/Plugins/VirtualProduction/VirtualScouting/Content/UI/Font/SubHeaderText.uasset" 3122
"../../../Engine/Plugins/VirtualProduction/VirtualScouting/Content/UI/Font/SubHeaderText.uexp" 3123
"../../../Engine/Plugins/VirtualProduction/VirtualScouting/Content/Tools/Measure/EMeasureCreationType.uasset" 3124
"../../../Engine/Plugins/VirtualProduction/VirtualScouting/Content/Tools/Measure/EMeasureCreationType.uexp" 3125
"../../../Engine/Plugins/VirtualProduction/VirtualScouting/Content/Tools/Measure/EMeasureType.uasset" 3126
"../../../Engine/Plugins/VirtualProduction/VirtualScouting/Content/Tools/Measure/EMeasureType.uexp" 3127
"../../../Engine/Content/BasicShapes/Sphere.ubulk" 3128
"../../../Engine/Content/BasicShapes/Sphere.uasset" 3129
"../../../Engine/Content/BasicShapes/Sphere.uexp" 3130
"../../../Engine/Content/BasicShapes/BasicShapeMaterial.uasset" 3131
"../../../Engine/Content/BasicShapes/BasicShapeMaterial.uexp" 3132
"../../../Engine/Plugins/VirtualProduction/VirtualScouting/Content/Core/BPFL_VirtualScouting.uasset" 3133
"../../../Engine/Plugins/VirtualProduction/VirtualScouting/Content/Core/BPFL_VirtualScouting.uexp" 3134
"../../../Engine/Plugins/VirtualProduction/VirtualScouting/Content/UI/Font/MeaureText.uasset" 3135
"../../../Engine/Plugins/VirtualProduction/VirtualScouting/Content/UI/Font/MeaureText.uexp" 3136
"../../../Engine/Plugins/VirtualProduction/VirtualScouting/Content/Tools/Measure/WBP_MeasureLabel.uasset" 3137
"../../../Engine/Plugins/VirtualProduction/VirtualScouting/Content/Tools/Measure/WBP_MeasureLabel.uexp" 3138
"../../../Engine/Plugins/VirtualProduction/VirtualScouting/Content/Art/Common/DefaultRibbonMaterial_NoGradient.uasset" 3139
"../../../Engine/Plugins/VirtualProduction/VirtualScouting/Content/Art/Common/DefaultRibbonMaterial_NoGradient.uexp" 3140
"../../../Engine/Plugins/VirtualProduction/VirtualScouting/Content/Tools/Measure/NS_LineMeasure.uasset" 3141
"../../../Engine/Plugins/VirtualProduction/VirtualScouting/Content/Tools/Measure/NS_LineMeasure.uexp" 3142
"../../../Engine/Plugins/VirtualProduction/VirtualScouting/Content/Art/Common/MI_BasicEmissive.uasset" 3143
"../../../Engine/Plugins/VirtualProduction/VirtualScouting/Content/Art/Common/MI_BasicEmissive.uexp" 3144
"../../../Engine/Plugins/VirtualProduction/VirtualScouting/Content/Art/Common/M_Widget3D_CameraFacing.uasset" 3145
"../../../Engine/Plugins/VirtualProduction/VirtualScouting/Content/Art/Common/M_Widget3D_CameraFacing.uexp" 3146
"../../../Engine/Plugins/VirtualProduction/VirtualScouting/Content/Art/Common/MI_Widget3D_CameraFacing_Offset.uasset" 3147
"../../../Engine/Plugins/VirtualProduction/VirtualScouting/Content/Art/Common/MI_Widget3D_CameraFacing_Offset.uexp" 3148
"../../../Engine/Plugins/VirtualProduction/VirtualScouting/Content/Tools/Measure/BP_Measurement.uasset" 3149
"../../../Engine/Plugins/VirtualProduction/VirtualScouting/Content/Tools/Measure/BP_Measurement.uexp" 3150
"../../../Engine/Plugins/VirtualProduction/VirtualScouting/Content/Tools/Measure/MeasureTool_ViewModel.uasset" 3151
"../../../Engine/Plugins/VirtualProduction/VirtualScouting/Content/Tools/Measure/MeasureTool_ViewModel.uexp" 3152
"../../../Engine/Plugins/VirtualProduction/VirtualScouting/Content/Tools/Measure/MeasureTool_ViewModel_Resolver.uasset" 3153
"../../../Engine/Plugins/VirtualProduction/VirtualScouting/Content/Tools/Measure/MeasureTool_ViewModel_Resolver.uexp" 3154
"../../../Engine/Plugins/VirtualProduction/VirtualScouting/Content/Tools/Measure/WBP_MeasurementEntryRow.uasset" 3155
"../../../Engine/Plugins/VirtualProduction/VirtualScouting/Content/Tools/Measure/WBP_MeasurementEntryRow.uexp" 3156
"../../../Engine/Plugins/VirtualProduction/VirtualScouting/Content/Tools/Measure/WBP_MeasurementList.uasset" 3157
"../../../Engine/Plugins/VirtualProduction/VirtualScouting/Content/Tools/Measure/WBP_MeasurementList.uexp" 3158
"../../../Engine/Plugins/VirtualProduction/VirtualScouting/Content/Tools/Measure/WBP_MeasureToolOptions.uasset" 3159
"../../../Engine/Plugins/VirtualProduction/VirtualScouting/Content/Tools/Measure/WBP_MeasureToolOptions.uexp" 3160
"../../../Engine/Plugins/VirtualProduction/VirtualScouting/Content/Tools/Measure/IA_CreateMeasurement.uasset" 3161
"../../../Engine/Plugins/VirtualProduction/VirtualScouting/Content/Tools/Measure/IA_CreateMeasurement.uexp" 3162
"../../../Engine/Plugins/VirtualProduction/VirtualScouting/Content/Tools/Measure/IMC_MeasureToolLeft.uasset" 3163
"../../../Engine/Plugins/VirtualProduction/VirtualScouting/Content/Tools/Measure/IMC_MeasureToolLeft.uexp" 3164
"../../../Engine/Plugins/VirtualProduction/VirtualScouting/Content/Tools/Measure/IMC_MeasureTool.uasset" 3165
"../../../Engine/Plugins/VirtualProduction/VirtualScouting/Content/Tools/Measure/IMC_MeasureTool.uexp" 3166
"../../../Engine/Plugins/VirtualProduction/VirtualScouting/Content/Tools/Measure/BP_MeasureTool.uasset" 3167
"../../../Engine/Plugins/VirtualProduction/VirtualScouting/Content/Tools/Measure/BP_MeasureTool.uexp" 3168
"../../../Engine/Plugins/VirtualProduction/VirtualScouting/Content/UI/Font/HeaderText.uasset" 3169
"../../../Engine/Plugins/VirtualProduction/VirtualScouting/Content/UI/Font/HeaderText.uexp" 3170
"../../../Engine/Plugins/VirtualProduction/VirtualScouting/Content/Tools/Navigate/WBP_NavigatePalette.uasset" 3171
"../../../Engine/Plugins/VirtualProduction/VirtualScouting/Content/Tools/Navigate/WBP_NavigatePalette.uexp" 3172
"../../../Engine/Plugins/VirtualProduction/VirtualScouting/Content/Tools/Navigate/BP_NavigationToolActor.uasset" 3173
"../../../Engine/Plugins/VirtualProduction/VirtualScouting/Content/Tools/Navigate/BP_NavigationToolActor.uexp" 3174
"../../../Engine/Plugins/VirtualProduction/VirtualScouting/Content/Tools/Navigate/BP_NavigationTool.uasset" 3175
"../../../Engine/Plugins/VirtualProduction/VirtualScouting/Content/Tools/Navigate/BP_NavigationTool.uexp" 3176
"../../../Engine/Plugins/VirtualProduction/VirtualScouting/Content/Tools/Placement/EPlaceActorState.uasset" 3177
"../../../Engine/Plugins/VirtualProduction/VirtualScouting/Content/Tools/Placement/EPlaceActorState.uexp" 3178
"../../../Engine/Plugins/VirtualProduction/VirtualScouting/Content/Tools/Placement/PlacementToolViewmodel.uasset" 3179
"../../../Engine/Plugins/VirtualProduction/VirtualScouting/Content/Tools/Placement/PlacementToolViewmodel.uexp" 3180
"../../../Engine/Plugins/VirtualProduction/VirtualScouting/Content/UI/Icons/StaticMesh.uasset" 3181
"../../../Engine/Plugins/VirtualProduction/VirtualScouting/Content/UI/Icons/StaticMesh.uexp" 3182
"../../../Engine/Plugins/VirtualProduction/VirtualScouting/Content/UI/Icons/SkeletalMesh.uasset" 3183
"../../../Engine/Plugins/VirtualProduction/VirtualScouting/Content/UI/Icons/SkeletalMesh.uexp" 3184
"../../../Engine/Plugins/VirtualProduction/VirtualScouting/Content/UI/Icons/Preferences.uasset" 3185
"../../../Engine/Plugins/VirtualProduction/VirtualScouting/Content/UI/Icons/Preferences.uexp" 3186
"../../../Engine/Plugins/VirtualProduction/VirtualScouting/Content/UI/Icons/IconArrowDown.uasset" 3187
"../../../Engine/Plugins/VirtualProduction/VirtualScouting/Content/UI/Icons/IconArrowDown.uexp" 3188
"../../../Engine/Plugins/VirtualProduction/VirtualScouting/Content/UI/Icons/Blueprint.uasset" 3189
"../../../Engine/Plugins/VirtualProduction/VirtualScouting/Content/UI/Icons/Blueprint.uexp" 3190
"../../../Engine/Plugins/VirtualProduction/VirtualScouting/Content/Tools/Placement/PlacementToolViewmodel_Resolver.uasset" 3191
"../../../Engine/Plugins/VirtualProduction/VirtualScouting/Content/Tools/Placement/PlacementToolViewmodel_Resolver.uexp" 3192
"../../../Engine/Content/Functions/Engine_MaterialFunctions01/ImageAdjustment/Contrast_Preserve_Color.uasset" 3193
"../../../Engine/Content/Functions/Engine_MaterialFunctions01/ImageAdjustment/Contrast_Preserve_Color.uexp" 3194
"../../../Engine/Plugins/VirtualProduction/VirtualScouting/Content/UI/Materials/M_RoundedButton.uasset" 3195
"../../../Engine/Plugins/VirtualProduction/VirtualScouting/Content/UI/Materials/M_RoundedButton.uexp" 3196
"../../../Engine/Plugins/VirtualProduction/VirtualScouting/Content/UI/Materials/MI_RoundedButton.uasset" 3197
"../../../Engine/Plugins/VirtualProduction/VirtualScouting/Content/UI/Materials/MI_RoundedButton.uexp" 3198
"../../../Engine/Plugins/VirtualProduction/VirtualScouting/Content/UI/Font/BodyText_Italic.uasset" 3199
"../../../Engine/Plugins/VirtualProduction/VirtualScouting/Content/UI/Font/BodyText_Italic.uexp" 3200
"../../../Engine/Plugins/VirtualProduction/VirtualScouting/Content/Tools/Placement/UI/WBP_ContentBrowserEntryRow.uasset" 3201
"../../../Engine/Plugins/VirtualProduction/VirtualScouting/Content/Tools/Placement/UI/WBP_ContentBrowserEntryRow.uexp" 3202
"../../../Engine/Plugins/VirtualProduction/VirtualScouting/Content/Tools/Placement/UI/WBP_PlacementPalette.uasset" 3203
"../../../Engine/Plugins/VirtualProduction/VirtualScouting/Content/Tools/Placement/UI/WBP_PlacementPalette.uexp" 3204
"../../../Engine/Plugins/VirtualProduction/VirtualScouting/Content/Tools/Placement/Input/IA_PlaceActorToggleMode.uasset" 3205
"../../../Engine/Plugins/VirtualProduction/VirtualScouting/Content/Tools/Placement/Input/IA_PlaceActorToggleMode.uexp" 3206
"../../../Engine/Plugins/VirtualProduction/VirtualScouting/Content/Tools/Placement/Input/IA_PlaceActorSpawn.uasset" 3207
"../../../Engine/Plugins/VirtualProduction/VirtualScouting/Content/Tools/Placement/Input/IA_PlaceActorSpawn.uexp" 3208
"../../../Engine/Plugins/VirtualProduction/VirtualScouting/Content/Tools/Placement/Input/IA_PlaceActorRotate.uasset" 3209
"../../../Engine/Plugins/VirtualProduction/VirtualScouting/Content/Tools/Placement/Input/IA_PlaceActorRotate.uexp" 3210
"../../../Engine/Plugins/VirtualProduction/VirtualScouting/Content/Tools/Lighting/Gaffer/Input/IA_Gaffer_BlockFlying.uasset" 3211
"../../../Engine/Plugins/VirtualProduction/VirtualScouting/Content/Tools/Lighting/Gaffer/Input/IA_Gaffer_BlockFlying.uexp" 3212
"../../../Engine/Plugins/VirtualProduction/VirtualScouting/Content/Tools/Placement/Input/IMC_PlaceActorToolLeft.uasset" 3213
"../../../Engine/Plugins/VirtualProduction/VirtualScouting/Content/Tools/Placement/Input/IMC_PlaceActorToolLeft.uexp" 3214
"../../../Engine/Plugins/VirtualProduction/VirtualScouting/Content/Tools/Placement/Input/IMC_PlaceActorTool.uasset" 3215
"../../../Engine/Plugins/VirtualProduction/VirtualScouting/Content/Tools/Placement/Input/IMC_PlaceActorTool.uexp" 3216
"../../../Engine/Plugins/VirtualProduction/VirtualScouting/Content/Tools/Placement/BP_PlacementTool.uasset" 3217
"../../../Engine/Plugins/VirtualProduction/VirtualScouting/Content/Tools/Placement/BP_PlacementTool.uexp" 3218
"../../../Engine/Plugins/VirtualProduction/VirtualScouting/Content/Tools/Sequencer/ESequenceUIType.uasset" 3219
"../../../Engine/Plugins/VirtualProduction/VirtualScouting/Content/Tools/Sequencer/ESequenceUIType.uexp" 3220
"../../../Engine/Plugins/VirtualProduction/VirtualScouting/Content/Tools/Sequencer/SequenceToolViewmodel.uasset" 3221
"../../../Engine/Plugins/VirtualProduction/VirtualScouting/Content/Tools/Sequencer/SequenceToolViewmodel.uexp" 3222
"../../../Engine/Plugins/VirtualProduction/VirtualScouting/Content/Tools/Sequencer/BPI_SequencerControls.uasset" 3223
"../../../Engine/Plugins/VirtualProduction/VirtualScouting/Content/Tools/Sequencer/BPI_SequencerControls.uexp" 3224
"../../../Engine/Plugins/VirtualProduction/VirtualScouting/Content/Tools/Sequencer/BP_SequenceControl.uasset" 3225
"../../../Engine/Plugins/VirtualProduction/VirtualScouting/Content/Tools/Sequencer/BP_SequenceControl.uexp" 3226
"../../../Engine/Plugins/VirtualProduction/VirtualScouting/Content/UI/Icons/PlayControlsStop.uasset" 3227
"../../../Engine/Plugins/VirtualProduction/VirtualScouting/Content/UI/Icons/PlayControlsStop.uexp" 3228
"../../../Engine/Plugins/VirtualProduction/VirtualScouting/Content/UI/Icons/PlayControlsPlayForward.uasset" 3229
"../../../Engine/Plugins/VirtualProduction/VirtualScouting/Content/UI/Icons/PlayControlsPlayForward.uexp" 3230
"../../../Engine/Plugins/VirtualProduction/VirtualScouting/Content/UI/Font/BodyText_Mono.uasset" 3231
"../../../Engine/Plugins/VirtualProduction/VirtualScouting/Content/UI/Font/BodyText_Mono.uexp" 3232
"../../../Engine/Plugins/VirtualProduction/VirtualScouting/Content/UI/Font/BodyText_Bold_Mono.uasset" 3233
"../../../Engine/Plugins/VirtualProduction/VirtualScouting/Content/UI/Font/BodyText_Bold_Mono.uexp" 3234
"../../../Engine/Plugins/VirtualProduction/VirtualScouting/Content/Tools/Sequencer/SequenceToolViewmodel_Resolver.uasset" 3235
"../../../Engine/Plugins/VirtualProduction/VirtualScouting/Content/Tools/Sequencer/SequenceToolViewmodel_Resolver.uexp" 3236
"../../../Engine/Plugins/VirtualProduction/VirtualScouting/Content/UI/Icons/StartFrame.ubulk" 3237
"../../../Engine/Plugins/VirtualProduction/VirtualScouting/Content/UI/Icons/StartFrame.uasset" 3238
"../../../Engine/Plugins/VirtualProduction/VirtualScouting/Content/UI/Icons/StartFrame.uexp" 3239
"../../../Engine/Plugins/VirtualProduction/VirtualScouting/Content/UI/Icons/PlayHead.uasset" 3240
"../../../Engine/Plugins/VirtualProduction/VirtualScouting/Content/UI/Icons/PlayHead.uexp" 3241
"../../../Engine/Plugins/VirtualProduction/VirtualScouting/Content/UI/Icons/LoopStartFrame.ubulk" 3242
"../../../Engine/Plugins/VirtualProduction/VirtualScouting/Content/UI/Icons/LoopStartFrame.uasset" 3243
"../../../Engine/Plugins/VirtualProduction/VirtualScouting/Content/UI/Icons/LoopStartFrame.uexp" 3244
"../../../Engine/Plugins/VirtualProduction/VirtualScouting/Content/UI/Icons/LoopEndFrame.ubulk" 3245
"../../../Engine/Plugins/VirtualProduction/VirtualScouting/Content/UI/Icons/LoopEndFrame.uasset" 3246
"../../../Engine/Plugins/VirtualProduction/VirtualScouting/Content/UI/Icons/LoopEndFrame.uexp" 3247
"../../../Engine/Plugins/VirtualProduction/VirtualScouting/Content/UI/Icons/EndFrame.ubulk" 3248
"../../../Engine/Plugins/VirtualProduction/VirtualScouting/Content/UI/Icons/EndFrame.uasset" 3249
"../../../Engine/Plugins/VirtualProduction/VirtualScouting/Content/UI/Icons/EndFrame.uexp" 3250
"../../../Engine/Plugins/VirtualProduction/VirtualScouting/Content/Tools/Sequencer/UI/WBP_SequenceTimeline.uasset" 3251
"../../../Engine/Plugins/VirtualProduction/VirtualScouting/Content/Tools/Sequencer/UI/WBP_SequenceTimeline.uexp" 3252
"../../../Engine/Plugins/VirtualProduction/VirtualScouting/Content/Tools/Sequencer/UI/WBP_SequenceHandHeld.uasset" 3253
"../../../Engine/Plugins/VirtualProduction/VirtualScouting/Content/Tools/Sequencer/UI/WBP_SequenceHandHeld.uexp" 3254
"../../../Engine/Plugins/VirtualProduction/VirtualScouting/Content/UI/Font/TitleHeaderText.uasset" 3255
"../../../Engine/Plugins/VirtualProduction/VirtualScouting/Content/UI/Font/TitleHeaderText.uexp" 3256
"../../../Engine/Plugins/VirtualProduction/VirtualScouting/Content/UI/Icons/Sequence.ubulk" 3257
"../../../Engine/Plugins/VirtualProduction/VirtualScouting/Content/UI/Icons/Sequence.uasset" 3258
"../../../Engine/Plugins/VirtualProduction/VirtualScouting/Content/UI/Icons/Sequence.uexp" 3259
"../../../Engine/Plugins/VirtualProduction/VirtualScouting/Content/UI/Icons/LoopSequence.ubulk" 3260
"../../../Engine/Plugins/VirtualProduction/VirtualScouting/Content/UI/Icons/LoopSequence.uasset" 3261
"../../../Engine/Plugins/VirtualProduction/VirtualScouting/Content/UI/Icons/LoopSequence.uexp" 3262
"../../../Engine/Plugins/VirtualProduction/VirtualScouting/Content/UI/Icons/LoopSelection.ubulk" 3263
"../../../Engine/Plugins/VirtualProduction/VirtualScouting/Content/UI/Icons/LoopSelection.uasset" 3264
"../../../Engine/Plugins/VirtualProduction/VirtualScouting/Content/UI/Icons/LoopSelection.uexp" 3265
"../../../Engine/Plugins/VirtualProduction/VirtualScouting/Content/UI/Font/SubHeaderText_Mono.uasset" 3266
"../../../Engine/Plugins/VirtualProduction/VirtualScouting/Content/UI/Font/SubHeaderText_Mono.uexp" 3267
"../../../Engine/Plugins/VirtualProduction/VirtualScouting/Content/Tools/Sequencer/UI/WBP_SequenceConsole.uasset" 3268
"../../../Engine/Plugins/VirtualProduction/VirtualScouting/Content/Tools/Sequencer/UI/WBP_SequenceConsole.uexp" 3269
"../../../Engine/Plugins/VirtualProduction/VirtualScouting/Content/Tools/Sequencer/Input/IA_ToggleSequenceConsole.uasset" 3270
"../../../Engine/Plugins/VirtualProduction/VirtualScouting/Content/Tools/Sequencer/Input/IA_ToggleSequenceConsole.uexp" 3271
"../../../Engine/Plugins/VirtualProduction/VirtualScouting/Content/Tools/Sequencer/Input/IA_StickScrubSequence.uasset" 3272
"../../../Engine/Plugins/VirtualProduction/VirtualScouting/Content/Tools/Sequencer/Input/IA_StickScrubSequence.uexp" 3273
"../../../Engine/Plugins/VirtualProduction/VirtualScouting/Content/Tools/Sequencer/Input/IA_StartStopSequence.uasset" 3274
"../../../Engine/Plugins/VirtualProduction/VirtualScouting/Content/Tools/Sequencer/Input/IA_StartStopSequence.uexp" 3275
"../../../Engine/Plugins/VirtualProduction/VirtualScouting/Content/Tools/Sequencer/Input/IA_GestureScrubSequence.uasset" 3276
"../../../Engine/Plugins/VirtualProduction/VirtualScouting/Content/Tools/Sequencer/Input/IA_GestureScrubSequence.uexp" 3277
"../../../Engine/Plugins/VirtualProduction/VirtualScouting/Content/Tools/Sequencer/BP_SequenceToolActor.uasset" 3278
"../../../Engine/Plugins/VirtualProduction/VirtualScouting/Content/Tools/Sequencer/BP_SequenceToolActor.uexp" 3279
"../../../Engine/Plugins/VirtualProduction/VirtualScouting/Content/Tools/Sequencer/UI/WBP_SequenceEntryRow.uasset" 3280
"../../../Engine/Plugins/VirtualProduction/VirtualScouting/Content/Tools/Sequencer/UI/WBP_SequenceEntryRow.uexp" 3281
"../../../Engine/Plugins/VirtualProduction/VirtualScouting/Content/Tools/Sequencer/UI/WBP_SequencePalette.uasset" 3282
"../../../Engine/Plugins/VirtualProduction/VirtualScouting/Content/Tools/Sequencer/UI/WBP_SequencePalette.uexp" 3283
"../../../Engine/Plugins/VirtualProduction/VirtualScouting/Content/Tools/Sequencer/Input/IA_BlockFlying_Sequencer.uasset" 3284
"../../../Engine/Plugins/VirtualProduction/VirtualScouting/Content/Tools/Sequencer/Input/IA_BlockFlying_Sequencer.uexp" 3285
"../../../Engine/Plugins/VirtualProduction/VirtualScouting/Content/Tools/Sequencer/Input/IMC_SequencerToolLeft.uasset" 3286
"../../../Engine/Plugins/VirtualProduction/VirtualScouting/Content/Tools/Sequencer/Input/IMC_SequencerToolLeft.uexp" 3287
"../../../Engine/Plugins/VirtualProduction/VirtualScouting/Content/Tools/Sequencer/Input/IMC_SequencerTool.uasset" 3288
"../../../Engine/Plugins/VirtualProduction/VirtualScouting/Content/Tools/Sequencer/Input/IMC_SequencerTool.uexp" 3289
"../../../Engine/Plugins/VirtualProduction/VirtualScouting/Content/Tools/Sequencer/BP_SequenceTool.uasset" 3290
"../../../Engine/Plugins/VirtualProduction/VirtualScouting/Content/Tools/Sequencer/BP_SequenceTool.uexp" 3291
"../../../Engine/Plugins/VirtualProduction/VirtualScouting/Content/UI/Icons/IconFlight.uasset" 3292
"../../../Engine/Plugins/VirtualProduction/VirtualScouting/Content/UI/Icons/IconFlight.uexp" 3293
"../../../Engine/Plugins/VirtualProduction/VirtualScouting/Content/UI/SubWidgets/BP_VScoutButtonStyle_NonInteractable.uasset" 3294
"../../../Engine/Plugins/VirtualProduction/VirtualScouting/Content/UI/SubWidgets/BP_VScoutButtonStyle_NonInteractable.uexp" 3295
"../../../Engine/Plugins/VirtualProduction/VirtualScouting/Content/UI/Icons/IconArrowRight.uasset" 3296
"../../../Engine/Plugins/VirtualProduction/VirtualScouting/Content/UI/Icons/IconArrowRight.uexp" 3297
"../../../Engine/Plugins/VirtualProduction/VirtualScouting/Content/UI/Icons/IconArrowLeft.ubulk" 3298
"../../../Engine/Plugins/VirtualProduction/VirtualScouting/Content/UI/Icons/IconArrowLeft.uasset" 3299
"../../../Engine/Plugins/VirtualProduction/VirtualScouting/Content/UI/Icons/IconArrowLeft.uexp" 3300
"../../../Engine/Plugins/VirtualProduction/VirtualScouting/Content/Tools/Viewfinder/EViewfinderMonitorMode.uasset" 3301
"../../../Engine/Plugins/VirtualProduction/VirtualScouting/Content/Tools/Viewfinder/EViewfinderMonitorMode.uexp" 3302
"../../../Engine/Plugins/VirtualProduction/VirtualScouting/Content/Tools/Viewfinder/EViewfinderFocusMethod.uasset" 3303
"../../../Engine/Plugins/VirtualProduction/VirtualScouting/Content/Tools/Viewfinder/EViewfinderFocusMethod.uexp" 3304
"../../../Engine/Plugins/VirtualProduction/VirtualScouting/Content/Tools/Viewfinder/EViewfinderCameraControlProperty.uasset" 3305
"../../../Engine/Plugins/VirtualProduction/VirtualScouting/Content/Tools/Viewfinder/EViewfinderCameraControlProperty.uexp" 3306
"../../../Engine/Plugins/VirtualProduction/VirtualScouting/Content/UI/Font/HeaderText_Italic.uasset" 3307
"../../../Engine/Plugins/VirtualProduction/VirtualScouting/Content/UI/Font/HeaderText_Italic.uexp" 3308
"../../../Engine/Plugins/VirtualProduction/VirtualScouting/Content/Tools/Viewfinder/WBP_CameraLabel.uasset" 3309
"../../../Engine/Plugins/VirtualProduction/VirtualScouting/Content/Tools/Viewfinder/WBP_CameraLabel.uexp" 3310
"../../../Engine/Plugins/VirtualProduction/VirtualScouting/Content/Tools/Viewfinder/Materials/M_Lenses.uasset" 3311
"../../../Engine/Plugins/VirtualProduction/VirtualScouting/Content/Tools/Viewfinder/Materials/M_Lenses.uexp" 3312
"../../../Engine/Plugins/VirtualProduction/VirtualScouting/Content/Tools/Viewfinder/Materials/MI_MattBox.uasset" 3313
"../../../Engine/Plugins/VirtualProduction/VirtualScouting/Content/Tools/Viewfinder/Materials/MI_MattBox.uexp" 3314
"../../../Engine/Plugins/VirtualProduction/VirtualScouting/Content/Tools/Viewfinder/Materials/MI_CameraRail.uasset" 3315
"../../../Engine/Plugins/VirtualProduction/VirtualScouting/Content/Tools/Viewfinder/Materials/MI_CameraRail.uexp" 3316
"../../../Engine/Plugins/VirtualProduction/VirtualScouting/Content/Tools/Viewfinder/Materials/MI_CameraBody.uasset" 3317
"../../../Engine/Plugins/VirtualProduction/VirtualScouting/Content/Tools/Viewfinder/Materials/MI_CameraBody.uexp" 3318
"../../../Engine/Plugins/VirtualProduction/VirtualScouting/Content/Tools/Viewfinder/Meshes/SM_CameraMesh.ubulk" 3319
"../../../Engine/Plugins/VirtualProduction/VirtualScouting/Content/Tools/Viewfinder/Meshes/SM_CameraMesh.uasset" 3320
"../../../Engine/Plugins/VirtualProduction/VirtualScouting/Content/Tools/Viewfinder/Meshes/SM_CameraMesh.uexp" 3321
"../../../Engine/Plugins/VirtualProduction/VirtualScouting/Content/Tools/Viewfinder/BP_ScoutCamera.uasset" 3322
"../../../Engine/Plugins/VirtualProduction/VirtualScouting/Content/Tools/Viewfinder/BP_ScoutCamera.uexp" 3323
"../../../Engine/Plugins/VirtualProduction/VirtualScouting/Content/Tools/Viewfinder/ViewfinderTool_Viewmodel.uasset" 3324
"../../../Engine/Plugins/VirtualProduction/VirtualScouting/Content/Tools/Viewfinder/ViewfinderTool_Viewmodel.uexp" 3325
"../../../Engine/Plugins/VirtualProduction/VirtualScouting/Content/Tools/Viewfinder/Viewfinder_Viewmodel_Resolver.uasset" 3326
"../../../Engine/Plugins/VirtualProduction/VirtualScouting/Content/Tools/Viewfinder/Viewfinder_Viewmodel_Resolver.uexp" 3327
"../../../Engine/Plugins/VirtualProduction/VirtualScouting/Content/UI/Icons/IconCineCamera.uasset" 3328
"../../../Engine/Plugins/VirtualProduction/VirtualScouting/Content/UI/Icons/IconCineCamera.uexp" 3329
"../../../Engine/Plugins/VirtualProduction/VirtualScouting/Content/Tools/Viewfinder/WBP_CameraListRowEntry.uasset" 3330
"../../../Engine/Plugins/VirtualProduction/VirtualScouting/Content/Tools/Viewfinder/WBP_CameraListRowEntry.uexp" 3331
"../../../Engine/Plugins/VirtualProduction/VirtualScouting/Content/Tools/Viewfinder/WBP_ViewfinderCameraList.uasset" 3332
"../../../Engine/Plugins/VirtualProduction/VirtualScouting/Content/Tools/Viewfinder/WBP_ViewfinderCameraList.uexp" 3333
"../../../Engine/Plugins/VirtualProduction/VirtualScouting/Content/Tools/Viewfinder/WBP_ViewfinderPalette.uasset" 3334
"../../../Engine/Plugins/VirtualProduction/VirtualScouting/Content/Tools/Viewfinder/WBP_ViewfinderPalette.uexp" 3335
"../../../Engine/Plugins/VirtualProduction/VirtualScouting/Content/UI/Icons/CrossHair.ubulk" 3336
"../../../Engine/Plugins/VirtualProduction/VirtualScouting/Content/UI/Icons/CrossHair.uasset" 3337
"../../../Engine/Plugins/VirtualProduction/VirtualScouting/Content/UI/Icons/CrossHair.uexp" 3338
"../../../Engine/Plugins/VirtualProduction/VirtualScouting/Content/UI/Font/ViewfinderHUDTextLabel.uasset" 3339
"../../../Engine/Plugins/VirtualProduction/VirtualScouting/Content/UI/Font/ViewfinderHUDTextLabel.uexp" 3340
"../../../Engine/Plugins/VirtualProduction/VirtualScouting/Content/UI/Font/ViewfinderHUDText.uasset" 3341
"../../../Engine/Plugins/VirtualProduction/VirtualScouting/Content/UI/Font/ViewfinderHUDText.uexp" 3342
"../../../Engine/Plugins/VirtualProduction/VirtualScouting/Content/UI/SubWidgets/WBP_PropertySliderVertical.uasset" 3343
"../../../Engine/Plugins/VirtualProduction/VirtualScouting/Content/UI/SubWidgets/WBP_PropertySliderVertical.uexp" 3344
"../../../Engine/Plugins/VirtualProduction/VirtualScouting/Content/Tools/Viewfinder/WBP_ViewfinderCameraControl.uasset" 3345
"../../../Engine/Plugins/VirtualProduction/VirtualScouting/Content/Tools/Viewfinder/WBP_ViewfinderCameraControl.uexp" 3346
"../../../Engine/Plugins/VirtualProduction/VirtualScouting/Content/Tools/Viewfinder/RT_Temp_Tex.uasset" 3347
"../../../Engine/Plugins/VirtualProduction/VirtualScouting/Content/Tools/Viewfinder/RT_Temp_Tex.uexp" 3348
"../../../Engine/Plugins/VirtualProduction/VirtualScouting/Content/Tools/Viewfinder/Materials/M_MonitorFeed.uasset" 3349
"../../../Engine/Plugins/VirtualProduction/VirtualScouting/Content/Tools/Viewfinder/Materials/M_MonitorFeed.uexp" 3350
"../../../Engine/Plugins/VirtualProduction/VirtualScouting/Content/Tools/Viewfinder/WBP_ViewfinderMonitor.uasset" 3351
"../../../Engine/Plugins/VirtualProduction/VirtualScouting/Content/Tools/Viewfinder/WBP_ViewfinderMonitor.uexp" 3352
"../../../Engine/Plugins/VirtualProduction/VirtualScouting/Content/Tools/Viewfinder/BPI_ViewfinderEditor.uasset" 3353
"../../../Engine/Plugins/VirtualProduction/VirtualScouting/Content/Tools/Viewfinder/BPI_ViewfinderEditor.uexp" 3354
"../../../Engine/Plugins/VirtualProduction/VirtualScouting/Content/Tools/Viewfinder/Materials/MI_ViewfinderBody.uasset" 3355
"../../../Engine/Plugins/VirtualProduction/VirtualScouting/Content/Tools/Viewfinder/Materials/MI_ViewfinderBody.uexp" 3356
"../../../Engine/Plugins/VirtualProduction/VirtualScouting/Content/Tools/Viewfinder/Meshes/SM_Viewfinder.ubulk" 3357
"../../../Engine/Plugins/VirtualProduction/VirtualScouting/Content/Tools/Viewfinder/Meshes/SM_Viewfinder.uasset" 3358
"../../../Engine/Plugins/VirtualProduction/VirtualScouting/Content/Tools/Viewfinder/Meshes/SM_Viewfinder.uexp" 3359
"../../../Engine/Plugins/VirtualProduction/VirtualScouting/Content/Tools/Viewfinder/Input/IA_ToggleMonitor.uasset" 3360
"../../../Engine/Plugins/VirtualProduction/VirtualScouting/Content/Tools/Viewfinder/Input/IA_ToggleMonitor.uexp" 3361
"../../../Engine/Plugins/VirtualProduction/VirtualScouting/Content/Tools/Viewfinder/Input/IA_TakeScreenshot.uasset" 3362
"../../../Engine/Plugins/VirtualProduction/VirtualScouting/Content/Tools/Viewfinder/Input/IA_TakeScreenshot.uexp" 3363
"../../../Engine/Plugins/VirtualProduction/VirtualScouting/Content/Tools/Viewfinder/Input/IA_SummonViewfinderMenu.uasset" 3364
"../../../Engine/Plugins/VirtualProduction/VirtualScouting/Content/Tools/Viewfinder/Input/IA_SummonViewfinderMenu.uexp" 3365
"../../../Engine/Plugins/VirtualProduction/VirtualScouting/Content/Tools/Viewfinder/Input/IA_CarryCamera.uasset" 3366
"../../../Engine/Plugins/VirtualProduction/VirtualScouting/Content/Tools/Viewfinder/Input/IA_CarryCamera.uexp" 3367
"../../../Engine/Plugins/VirtualProduction/VirtualScouting/Content/Tools/Viewfinder/Input/IA_CreateCamera.uasset" 3368
"../../../Engine/Plugins/VirtualProduction/VirtualScouting/Content/Tools/Viewfinder/Input/IA_CreateCamera.uexp" 3369
"../../../Engine/Plugins/VirtualProduction/VirtualScouting/Content/Tools/Viewfinder/Input/Menu/IA_ViewfinderMenu_UpDown.uasset" 3370
"../../../Engine/Plugins/VirtualProduction/VirtualScouting/Content/Tools/Viewfinder/Input/Menu/IA_ViewfinderMenu_UpDown.uexp" 3371
"../../../Engine/Plugins/VirtualProduction/VirtualScouting/Content/Tools/Viewfinder/Input/Menu/IA_ViewfinderMenu_Up.uasset" 3372
"../../../Engine/Plugins/VirtualProduction/VirtualScouting/Content/Tools/Viewfinder/Input/Menu/IA_ViewfinderMenu_Up.uexp" 3373
"../../../Engine/Plugins/VirtualProduction/VirtualScouting/Content/Tools/Viewfinder/Input/Menu/IA_ViewfinderMenu_Right.uasset" 3374
"../../../Engine/Plugins/VirtualProduction/VirtualScouting/Content/Tools/Viewfinder/Input/Menu/IA_ViewfinderMenu_Right.uexp" 3375
"../../../Engine/Plugins/VirtualProduction/VirtualScouting/Content/Tools/Viewfinder/Input/Menu/IA_ViewfinderMenu_Left.uasset" 3376
"../../../Engine/Plugins/VirtualProduction/VirtualScouting/Content/Tools/Viewfinder/Input/Menu/IA_ViewfinderMenu_Left.uexp" 3377
"../../../Engine/Plugins/VirtualProduction/VirtualScouting/Content/Tools/Viewfinder/Input/Menu/IA_ViewfinderMenu_Down.uasset" 3378
"../../../Engine/Plugins/VirtualProduction/VirtualScouting/Content/Tools/Viewfinder/Input/Menu/IA_ViewfinderMenu_Down.uexp" 3379
"../../../Engine/Plugins/VirtualProduction/VirtualScouting/Content/Tools/Viewfinder/Input/Menu/IA_ViewfinderMenu_BlockFlying.uasset" 3380
"../../../Engine/Plugins/VirtualProduction/VirtualScouting/Content/Tools/Viewfinder/Input/Menu/IA_ViewfinderMenu_BlockFlying.uexp" 3381
"../../../Engine/Plugins/VirtualProduction/VirtualScouting/Content/Tools/Viewfinder/Input/Menu/IMC_Viewfinder_MenuControlsLeft.uasset" 3382
"../../../Engine/Plugins/VirtualProduction/VirtualScouting/Content/Tools/Viewfinder/Input/Menu/IMC_Viewfinder_MenuControlsLeft.uexp" 3383
"../../../Engine/Plugins/VirtualProduction/VirtualScouting/Content/Tools/Viewfinder/Input/Menu/IMC_Viewfinder_MenuControls.uasset" 3384
"../../../Engine/Plugins/VirtualProduction/VirtualScouting/Content/Tools/Viewfinder/Input/Menu/IMC_Viewfinder_MenuControls.uexp" 3385
"../../../Engine/Plugins/VirtualProduction/VirtualScouting/Content/Tools/Viewfinder/BP_ViewfinderActor.uasset" 3386
"../../../Engine/Plugins/VirtualProduction/VirtualScouting/Content/Tools/Viewfinder/BP_ViewfinderActor.uexp" 3387
"../../../Engine/Plugins/VirtualProduction/VirtualScouting/Content/Tools/Viewfinder/Input/IMC_ViewfinderLeftHanded.uasset" 3388
"../../../Engine/Plugins/VirtualProduction/VirtualScouting/Content/Tools/Viewfinder/Input/IMC_ViewfinderLeftHanded.uexp" 3389
"../../../Engine/Plugins/VirtualProduction/VirtualScouting/Content/Tools/Viewfinder/Input/IMC_Viewfinder.uasset" 3390
"../../../Engine/Plugins/VirtualProduction/VirtualScouting/Content/Tools/Viewfinder/Input/IMC_Viewfinder.uexp" 3391
"../../../Engine/Plugins/VirtualProduction/VirtualScouting/Content/Tools/Viewfinder/BP_ViewfinderTool.uasset" 3392
"../../../Engine/Plugins/VirtualProduction/VirtualScouting/Content/Tools/Viewfinder/BP_ViewfinderTool.uexp" 3393
"../../../Engine/Plugins/VirtualProduction/VirtualScouting/Content/UI/Icons/ContentBrowser.uasset" 3394
"../../../Engine/Plugins/VirtualProduction/VirtualScouting/Content/UI/Icons/ContentBrowser.uexp" 3395
"../../../Engine/Plugins/VirtualProduction/VirtualScouting/Content/UI/Icons/IconBookmarks.uasset" 3396
"../../../Engine/Plugins/VirtualProduction/VirtualScouting/Content/UI/Icons/IconBookmarks.uexp" 3397
"../../../Engine/Plugins/VirtualProduction/VirtualScouting/Content/UI/Icons/IconFilm.uasset" 3398
"../../../Engine/Plugins/VirtualProduction/VirtualScouting/Content/UI/Icons/IconFilm.uexp" 3399
"../../../Engine/Plugins/VirtualProduction/VirtualScouting/Content/UI/Icons/IconMeasure.uasset" 3400
"../../../Engine/Plugins/VirtualProduction/VirtualScouting/Content/UI/Icons/IconMeasure.uexp" 3401
"../../../Engine/Plugins/VirtualProduction/VirtualScouting/Content/UI/Icons/IconViewfinder.uasset" 3402
"../../../Engine/Plugins/VirtualProduction/VirtualScouting/Content/UI/Icons/IconViewfinder.uexp" 3403
"../../../Engine/Plugins/VirtualProduction/VirtualScouting/Content/UI/Icons/LightBulb.ubulk" 3404
"../../../Engine/Plugins/VirtualProduction/VirtualScouting/Content/UI/Icons/LightBulb.uasset" 3405
"../../../Engine/Plugins/VirtualProduction/VirtualScouting/Content/UI/Icons/LightBulb.uexp" 3406
"../../../Engine/Plugins/VirtualProduction/VirtualScouting/Content/Core/DA_VirtualScouting_Default.uasset" 3407
"../../../Engine/Plugins/VirtualProduction/VirtualScouting/Content/Core/DA_VirtualScouting_Default.uexp" 3408
"../../../Engine/Plugins/VirtualProduction/VirtualScouting/Content/UI/Icons/IconSettings.uasset" 3409
"../../../Engine/Plugins/VirtualProduction/VirtualScouting/Content/UI/Icons/IconSettings.uexp" 3410
"../../../Engine/Plugins/VirtualProduction/VirtualScouting/Content/UI/Icons/Redo.ubulk" 3411
"../../../Engine/Plugins/VirtualProduction/VirtualScouting/Content/UI/Icons/Redo.uasset" 3412
"../../../Engine/Plugins/VirtualProduction/VirtualScouting/Content/UI/Icons/Redo.uexp" 3413
"../../../Engine/Plugins/VirtualProduction/VirtualScouting/Content/UI/WBP_XRC_Palette.uasset" 3414
"../../../Engine/Plugins/VirtualProduction/VirtualScouting/Content/UI/WBP_XRC_Palette.uexp" 3415
"../../../Engine/Plugins/VirtualProduction/VirtualScouting/Content/Core/DA_VirtualScouting_Basic.uasset" 3416
"../../../Engine/Plugins/VirtualProduction/VirtualScouting/Content/Core/DA_VirtualScouting_Basic.uexp" 3417
"../../../Engine/Plugins/NNE/NNEDenoiser/Content/NNEDT_Oidn2-3_Balanced.uasset" 3418
"../../../Engine/Plugins/NNE/NNEDenoiser/Content/NNEDT_Oidn2-3_Balanced.uexp" 3419
"../../../Engine/Plugins/NNE/NNEDenoiser/Content/NNEDT_Oidn2-3_Balanced_Alpha.uasset" 3420
"../../../Engine/Plugins/NNE/NNEDenoiser/Content/NNEDT_Oidn2-3_Balanced_Alpha.uexp" 3421
"../../../Engine/Plugins/NNE/NNEDenoiser/Content/NNED_Oidn2-3_Balanced.uasset" 3422
"../../../Engine/Plugins/NNE/NNEDenoiser/Content/NNED_Oidn2-3_Balanced.uexp" 3423
"../../../Engine/Plugins/NNE/NNEDenoiser/Content/NNED_Oidn2-3_Balanced_Alpha.uasset" 3424
"../../../Engine/Plugins/NNE/NNEDenoiser/Content/NNED_Oidn2-3_Balanced_Alpha.uexp" 3425
"../../../Engine/Plugins/NNE/NNEDenoiser/Content/NNED_Oidn2-3_Fast.uasset" 3426
"../../../Engine/Plugins/NNE/NNEDenoiser/Content/NNED_Oidn2-3_Fast.uexp" 3427
"../../../Engine/Plugins/NNE/NNEDenoiser/Content/NNED_Oidn2-3_Fast_Alpha.uasset" 3428
"../../../Engine/Plugins/NNE/NNEDenoiser/Content/NNED_Oidn2-3_Fast_Alpha.uexp" 3429
"../../../Engine/Plugins/NNE/NNEDenoiser/Content/NNED_Oidn2-3_HighQuality.uasset" 3430
"../../../Engine/Plugins/NNE/NNEDenoiser/Content/NNED_Oidn2-3_HighQuality.uexp" 3431
"../../../Engine/Plugins/NNE/NNEDenoiser/Content/NNED_Oidn2-3_HighQuality_Alpha.uasset" 3432
"../../../Engine/Plugins/NNE/NNEDenoiser/Content/NNED_Oidn2-3_HighQuality_Alpha.uexp" 3433
"F:/Nijimori/PJ_1_Unreal/PJ_1/Content/pool.uasset" 3434
"F:/Nijimori/PJ_1_Unreal/PJ_1/Content/pool.uexp" 3435
"../../../Engine/Content/EngineMaterials/DefaultPhysicalMaterial.uasset" 3436
"../../../Engine/Content/EngineMaterials/DefaultPhysicalMaterial.uexp" 3437
"../../../Engine/Content/EngineMaterials/DefaultNormal.ubulk" 3438
"../../../Engine/Content/EngineMaterials/DefaultNormal.uasset" 3439
"../../../Engine/Content/EngineMaterials/DefaultNormal.uexp" 3440
"../../../Engine/Content/Functions/Engine_MaterialFunctions01/ImageAdjustment/CheapContrast.uasset" 3441
"../../../Engine/Content/Functions/Engine_MaterialFunctions01/ImageAdjustment/CheapContrast.uexp" 3442
"../../../Engine/Content/Functions/Engine_MaterialFunctions02/Utility/LinearSine.uasset" 3443
"../../../Engine/Content/Functions/Engine_MaterialFunctions02/Utility/LinearSine.uexp" 3444
"../../../Engine/Content/Functions/Engine_MaterialFunctions01/Texturing/ComputeMipLevel.uasset" 3445
"../../../Engine/Content/Functions/Engine_MaterialFunctions01/Texturing/ComputeMipLevel.uexp" 3446
"../../../Engine/Plugins/Experimental/Water/Content/Textures/BlackTexture2DArray.uasset" 3447
"../../../Engine/Plugins/Experimental/Water/Content/Textures/BlackTexture2DArray.uexp" 3448
"../../../Engine/Content/Functions/Engine_MaterialFunctions03/Procedurals/NormalFromHeightmap.uasset" 3449
"../../../Engine/Content/Functions/Engine_MaterialFunctions03/Procedurals/NormalFromHeightmap.uexp" 3450
"../../../Engine/Content/Functions/Engine_MaterialFunctions02/Math/TimeWithSpeedVariable.uasset" 3451
"../../../Engine/Content/Functions/Engine_MaterialFunctions02/Math/TimeWithSpeedVariable.uexp" 3452
"../../../Engine/Content/EngineSky/VolumetricClouds/T_VolumeNoiseShape128.uasset" 3453
"../../../Engine/Content/EngineSky/VolumetricClouds/T_VolumeNoiseShape128.uexp" 3454
"../../../Engine/Content/Functions/Engine_MaterialFunctions01/Opacity/AlphaOffset.uasset" 3455
"../../../Engine/Content/Functions/Engine_MaterialFunctions01/Opacity/AlphaOffset.uexp" 3456
"../../../Engine/Plugins/Experimental/Water/Content/Textures/Normals/T_Water_TilingNormal_With_Height_02_Softened.ubulk" 3457
"../../../Engine/Plugins/Experimental/Water/Content/Textures/Normals/T_Water_TilingNormal_With_Height_02_Softened.uasset" 3458
"../../../Engine/Plugins/Experimental/Water/Content/Textures/Normals/T_Water_TilingNormal_With_Height_02_Softened.uexp" 3459
"../../../Engine/Plugins/Experimental/Water/Content/Textures/Foam/T_WaterFlow_01_Foam_Tiled_N.ubulk" 3460
"../../../Engine/Plugins/Experimental/Water/Content/Textures/Foam/T_WaterFlow_01_Foam_Tiled_N.uasset" 3461
"../../../Engine/Plugins/Experimental/Water/Content/Textures/Foam/T_WaterFlow_01_Foam_Tiled_N.uexp" 3462
"../../../Engine/Plugins/Experimental/Water/Content/Textures/Foam/T_WaterFlow_01_Foam_Tiled.ubulk" 3463
"../../../Engine/Plugins/Experimental/Water/Content/Textures/Foam/T_WaterFlow_01_Foam_Tiled.uasset" 3464
"../../../Engine/Plugins/Experimental/Water/Content/Textures/Foam/T_WaterFlow_01_Foam_Tiled.uexp" 3465
"../../../Engine/Plugins/Experimental/Water/Content/Textures/Flowmaps/RiverFlowmap_Normal.ubulk" 3466
"../../../Engine/Plugins/Experimental/Water/Content/Textures/Flowmaps/RiverFlowmap_Normal.uasset" 3467
"../../../Engine/Plugins/Experimental/Water/Content/Textures/Flowmaps/RiverFlowmap_Normal.uexp" 3468
"../../../Engine/Plugins/Experimental/Water/Content/Textures/Flowmaps/RiverFlowmap_Diffuse.ubulk" 3469
"../../../Engine/Plugins/Experimental/Water/Content/Textures/Flowmaps/RiverFlowmap_Diffuse.uasset" 3470
"../../../Engine/Plugins/Experimental/Water/Content/Textures/Flowmaps/RiverFlowmap_Diffuse.uexp" 3471
"../../../Engine/Plugins/Experimental/Water/Content/Caustics/Materials/Functions/GetDistortionUV.uasset" 3472
"../../../Engine/Plugins/Experimental/Water/Content/Caustics/Materials/Functions/GetDistortionUV.uexp" 3473
"../../../Engine/Plugins/Experimental/Water/Content/Materials/Functions/ComputeWavesAttenuationFactor.uasset" 3474
"../../../Engine/Plugins/Experimental/Water/Content/Materials/Functions/ComputeWavesAttenuationFactor.uexp" 3475
"../../../Engine/Plugins/Experimental/Water/Content/Materials/Functions/HighQualityTextureFiltering.uasset" 3476
"../../../Engine/Plugins/Experimental/Water/Content/Materials/Functions/HighQualityTextureFiltering.uexp" 3477
"../../../Engine/Plugins/Experimental/Water/Content/Materials/Functions/WaterZoneData.uasset" 3478
"../../../Engine/Plugins/Experimental/Water/Content/Materials/Functions/WaterZoneData.uexp" 3479
"../../../Engine/Plugins/Experimental/Water/Content/Materials/Functions/SampleBakedFluidSimulation.uasset" 3480
"../../../Engine/Plugins/Experimental/Water/Content/Materials/Functions/SampleBakedFluidSimulation.uexp" 3481
"../../../Engine/Plugins/Experimental/Water/Content/Materials/Functions/WaterBodyData.uasset" 3482
"../../../Engine/Plugins/Experimental/Water/Content/Materials/Functions/WaterBodyData.uexp" 3483
"../../../Engine/Plugins/Experimental/Water/Content/Materials/Functions/WaveDepthFalloff_Overrides.uasset" 3484
"../../../Engine/Plugins/Experimental/Water/Content/Materials/Functions/WaveDepthFalloff_Overrides.uexp" 3485
"../../../Engine/Plugins/Experimental/Water/Content/Materials/Functions/ComputeGerstnerWaves.uasset" 3486
"../../../Engine/Plugins/Experimental/Water/Content/Materials/Functions/ComputeGerstnerWaves.uexp" 3487
"../../../Engine/Plugins/Experimental/Water/Content/Materials/MPC/MPC_Water.uasset" 3488
"../../../Engine/Plugins/Experimental/Water/Content/Materials/MPC/MPC_Water.uexp" 3489
"../../../Engine/Plugins/Experimental/Water/Content/Materials/Functions/GetWaterTime.uasset" 3490
"../../../Engine/Plugins/Experimental/Water/Content/Materials/Functions/GetWaterTime.uexp" 3491
"../../../Engine/Plugins/Experimental/Water/Content/Materials/Functions/WorldNormalBehindWater.uasset" 3492
"../../../Engine/Plugins/Experimental/Water/Content/Materials/Functions/WorldNormalBehindWater.uexp" 3493
"../../../Engine/Plugins/Experimental/Water/Content/Materials/Functions/WorldPositionBehindWater.uasset" 3494
"../../../Engine/Plugins/Experimental/Water/Content/Materials/Functions/WorldPositionBehindWater.uexp" 3495
"../../../Engine/Plugins/Experimental/Water/Content/Caustics/Materials/Functions/WaterCaustics_GerstnerWaves.uasset" 3496
"../../../Engine/Plugins/Experimental/Water/Content/Caustics/Materials/Functions/WaterCaustics_GerstnerWaves.uexp" 3497
"../../../Engine/Plugins/Experimental/Water/Content/Materials/Functions/WaterTextureWaves.uasset" 3498
"../../../Engine/Plugins/Experimental/Water/Content/Materials/Functions/WaterTextureWaves.uexp" 3499
"../../../Engine/Plugins/Experimental/Water/Content/Materials/Functions/WaterTextureSurface.uasset" 3500
"../../../Engine/Plugins/Experimental/Water/Content/Materials/Functions/WaterTextureSurface.uexp" 3501
"../../../Engine/Plugins/Experimental/Water/Content/Materials/Layers/WaterAttributes.uasset" 3502
"../../../Engine/Plugins/Experimental/Water/Content/Materials/Layers/WaterAttributes.uexp" 3503
"../../../Engine/Plugins/Experimental/Water/Content/FluidSimulation/WaveFoam/FoamRT.uasset" 3504
"../../../Engine/Plugins/Experimental/Water/Content/FluidSimulation/WaveFoam/FoamRT.uexp" 3505
"../../../Engine/Content/Functions/Engine_MaterialFunctions02/ExampleContent/Textures/LowResBlurredNoise.uasset" 3506
"../../../Engine/Content/Functions/Engine_MaterialFunctions02/ExampleContent/Textures/LowResBlurredNoise.uexp" 3507
"../../../Engine/Plugins/Experimental/Water/Content/FluidSimulation/WaveFoam/WaterDistanceField.uasset" 3508
"../../../Engine/Plugins/Experimental/Water/Content/FluidSimulation/WaveFoam/WaterDistanceField.uexp" 3509
"../../../Engine/Plugins/Experimental/Water/Content/Materials/Functions/ClipDynamicBounds.uasset" 3510
"../../../Engine/Plugins/Experimental/Water/Content/Materials/Functions/ClipDynamicBounds.uexp" 3511
"../../../Engine/Plugins/Experimental/Water/Content/Materials/Functions/SetWaveAttributes.uasset" 3512
"../../../Engine/Plugins/Experimental/Water/Content/Materials/Functions/SetWaveAttributes.uexp" 3513
"../../../Engine/Plugins/Experimental/Water/Content/Materials/Functions/Water_Underside.uasset" 3514
"../../../Engine/Plugins/Experimental/Water/Content/Materials/Functions/Water_Underside.uexp" 3515
"../../../Engine/Plugins/Experimental/Water/Content/Materials/Functions/WaterCoefficientMask.uasset" 3516
"../../../Engine/Plugins/Experimental/Water/Content/Materials/Functions/WaterCoefficientMask.uexp" 3517
"../../../Engine/Plugins/Experimental/Water/Content/Materials/Functions/WaterHeightMappingVS.uasset" 3518
"../../../Engine/Plugins/Experimental/Water/Content/Materials/Functions/WaterHeightMappingVS.uexp" 3519
"../../../Engine/Plugins/Experimental/Water/Content/Materials/Functions/WaveVelocityMask.uasset" 3520
"../../../Engine/Plugins/Experimental/Water/Content/Materials/Functions/WaveVelocityMask.uexp" 3521
"../../../Engine/Content/Functions/Engine_MaterialFunctions02/Texturing/HeightLerp.uasset" 3522
"../../../Engine/Content/Functions/Engine_MaterialFunctions02/Texturing/HeightLerp.uexp" 3523
"../../../Engine/Plugins/Experimental/Water/Content/Materials/Layers/BeachFoam.uasset" 3524
"../../../Engine/Plugins/Experimental/Water/Content/Materials/Layers/BeachFoam.uexp" 3525
"../../../Engine/Content/Functions/Engine_MaterialFunctions02/Texturing/Flowmaps.uasset" 3526
"../../../Engine/Content/Functions/Engine_MaterialFunctions02/Texturing/Flowmaps.uexp" 3527
"../../../Engine/Plugins/Experimental/Water/Content/FluidSimulation/Materials/Functions/Fluidsim_WorldPosition_to_UV.uasset" 3528
"../../../Engine/Plugins/Experimental/Water/Content/FluidSimulation/Materials/Functions/Fluidsim_WorldPosition_to_UV.uexp" 3529
"../../../Engine/Plugins/Experimental/Water/Content/Materials/Functions/SampleFluidSimulation.uasset" 3530
"../../../Engine/Plugins/Experimental/Water/Content/Materials/Functions/SampleFluidSimulation.uexp" 3531
"../../../Engine/Plugins/Experimental/Water/Content/Materials/Functions/WaterOpacityMaskFromDepth.uasset" 3532
"../../../Engine/Plugins/Experimental/Water/Content/Materials/Functions/WaterOpacityMaskFromDepth.uexp" 3533
"../../../Engine/Content/Functions/Engine_MaterialFunctions01/Coordinates/WorldPosition-XY.uasset" 3534
"../../../Engine/Content/Functions/Engine_MaterialFunctions01/Coordinates/WorldPosition-XY.uexp" 3535
"../../../Engine/Plugins/Experimental/Water/Content/Materials/Functions/WaterRiverFlowmaps.uasset" 3536
"../../../Engine/Plugins/Experimental/Water/Content/Materials/Functions/WaterRiverFlowmaps.uexp" 3537
"../../../Engine/Plugins/Experimental/Water/Content/Materials/WaterSurface/Water_Material.uasset" 3538
"../../../Engine/Plugins/Experimental/Water/Content/Materials/WaterSurface/Water_Material.uexp" 3539
"../../../Engine/Plugins/Experimental/Water/Content/Materials/WaterSurface/Water_FarMesh.uasset" 3540
"../../../Engine/Plugins/Experimental/Water/Content/Materials/WaterSurface/Water_FarMesh.uexp" 3541
"../../../Engine/Plugins/Experimental/Water/Content/Materials/HLOD/HLODWater.uasset" 3542
"../../../Engine/Plugins/Experimental/Water/Content/Materials/HLOD/HLODWater.uexp" 3543
"../../../Engine/Plugins/Experimental/Water/Content/Materials/WaterSurface/Water_Material_CustomMesh.uasset" 3544
"../../../Engine/Plugins/Experimental/Water/Content/Materials/WaterSurface/Water_Material_CustomMesh.uexp" 3545
"../../../Engine/Plugins/Experimental/Water/Content/Meshes/S_WaterPlane_256.ubulk" 3546
"../../../Engine/Plugins/Experimental/Water/Content/Meshes/S_WaterPlane_256.uasset" 3547
"../../../Engine/Plugins/Experimental/Water/Content/Meshes/S_WaterPlane_256.uexp" 3548
"../../../Engine/Content/EngineSky/VolumetricClouds/VT_PerlinWorley_Balanced.uasset" 3549
"../../../Engine/Content/EngineSky/VolumetricClouds/VT_PerlinWorley_Balanced.uexp" 3550
"../../../Engine/Content/EngineSky/VolumetricClouds/T_Profile_08.ubulk" 3551
"../../../Engine/Content/EngineSky/VolumetricClouds/T_Profile_08.uasset" 3552
"../../../Engine/Content/EngineSky/VolumetricClouds/T_Profile_08.uexp" 3553
"../../../Engine/Content/EngineSky/VolumetricClouds/T_CloudPattern.ubulk" 3554
"../../../Engine/Content/EngineSky/VolumetricClouds/T_CloudPattern.uasset" 3555
"../../../Engine/Content/EngineSky/VolumetricClouds/T_CloudPattern.uexp" 3556
"../../../Engine/Content/EngineSky/VolumetricClouds/T_CloudMask.ubulk" 3557
"../../../Engine/Content/EngineSky/VolumetricClouds/T_CloudMask.uasset" 3558
"../../../Engine/Content/EngineSky/VolumetricClouds/T_CloudMask.uexp" 3559
"../../../Engine/Content/EngineResources/DefaultVolumeTexture2D.uasset" 3560
"../../../Engine/Content/EngineResources/DefaultVolumeTexture2D.uexp" 3561
"../../../Engine/Content/EngineResources/DefaultVolumeTexture.uasset" 3562
"../../../Engine/Content/EngineResources/DefaultVolumeTexture.uexp" 3563
"../../../Engine/Content/EngineSky/VolumetricClouds/VT_Lightning.uasset" 3564
"../../../Engine/Content/EngineSky/VolumetricClouds/VT_Lightning.uexp" 3565
"../../../Engine/Content/Functions/Engine_MaterialFunctions01/Units/Km-to-Cm.uasset" 3566
"../../../Engine/Content/Functions/Engine_MaterialFunctions01/Units/Km-to-Cm.uexp" 3567
"../../../Engine/Content/EngineSky/VolumetricClouds/m_SimpleVolumetricCloud.uasset" 3568
"../../../Engine/Content/EngineSky/VolumetricClouds/m_SimpleVolumetricCloud.uexp" 3569
"../../../Engine/Content/EngineSky/VolumetricClouds/m_SimpleVolumetricCloud_Inst.uasset" 3570
"../../../Engine/Content/EngineSky/VolumetricClouds/m_SimpleVolumetricCloud_Inst.uexp" 3571
"../../../Engine/Plugins/Experimental/Water/Content/Materials/WaterInfo/DrawWaterInfo.uasset" 3572
"../../../Engine/Plugins/Experimental/Water/Content/Materials/WaterInfo/DrawWaterInfo.uexp" 3573
"../../../Engine/Content/Functions/Engine_MaterialFunctions02/ExampleContent/Textures/DebugNumberPeriod.uasset" 3574
"../../../Engine/Content/Functions/Engine_MaterialFunctions02/ExampleContent/Textures/DebugNumberPeriod.uexp" 3575
"../../../Engine/Content/Functions/Engine_MaterialFunctions02/Utility/DebugScalarValues.uasset" 3576
"../../../Engine/Content/Functions/Engine_MaterialFunctions02/Utility/DebugScalarValues.uexp" 3577
"../../../Engine/Content/Functions/Engine_MaterialFunctions01/Volumetrics/SchlickPhase.uasset" 3578
"../../../Engine/Content/Functions/Engine_MaterialFunctions01/Volumetrics/SchlickPhase.uexp" 3579
"../../../Engine/Plugins/Experimental/Water/Content/Materials/PostProcessing/M_UnderWater_PostProcess_Volume.uasset" 3580
"../../../Engine/Plugins/Experimental/Water/Content/Materials/PostProcessing/M_UnderWater_PostProcess_Volume.uexp" 3581
"../../../Engine/Plugins/Experimental/Water/Content/Materials/PostProcessing/MI_UnderWater_PostProcess_Volume_Custom.uasset" 3582
"../../../Engine/Plugins/Experimental/Water/Content/Materials/PostProcessing/MI_UnderWater_PostProcess_Volume_Custom.uexp" 3583
"F:/Nijimori/PJ_1_Unreal/PJ_1/Content/Fab/Human_Character/684c0f35-ba0b-48e0-ab19-db572ea748d3/SkeletalMeshes/684c0f35-ba0b-48e0-ab19-db572ea748d3_Skeleton.uasset" 3584
"F:/Nijimori/PJ_1_Unreal/PJ_1/Content/Fab/Human_Character/684c0f35-ba0b-48e0-ab19-db572ea748d3/SkeletalMeshes/684c0f35-ba0b-48e0-ab19-db572ea748d3_Skeleton.uexp" 3585
"F:/Nijimori/PJ_1_Unreal/PJ_1/Content/Fab/Human_Character/684c0f35-ba0b-48e0-ab19-db572ea748d3/SkeletalMeshes/684c0f35-ba0b-48e0-ab19-db572ea748d3_PhysicsAsset.uasset" 3586
"F:/Nijimori/PJ_1_Unreal/PJ_1/Content/Fab/Human_Character/684c0f35-ba0b-48e0-ab19-db572ea748d3/SkeletalMeshes/684c0f35-ba0b-48e0-ab19-db572ea748d3_PhysicsAsset.uexp" 3587
"../../../Engine/Plugins/Interchange/Assets/Content/gltf/MaterialInstances/MI_Default_Opaque_DS.uasset" 3588
"../../../Engine/Plugins/Interchange/Assets/Content/gltf/MaterialInstances/MI_Default_Opaque_DS.uexp" 3589
"F:/Nijimori/PJ_1_Unreal/PJ_1/Content/Fab/Human_Character/684c0f35-ba0b-48e0-ab19-db572ea748d3/Textures/Wolf3D_Teeth.ubulk" 3590
"F:/Nijimori/PJ_1_Unreal/PJ_1/Content/Fab/Human_Character/684c0f35-ba0b-48e0-ab19-db572ea748d3/Textures/Wolf3D_Teeth.uasset" 3591
"F:/Nijimori/PJ_1_Unreal/PJ_1/Content/Fab/Human_Character/684c0f35-ba0b-48e0-ab19-db572ea748d3/Textures/Wolf3D_Teeth.uexp" 3592
"F:/Nijimori/PJ_1_Unreal/PJ_1/Content/Fab/Human_Character/684c0f35-ba0b-48e0-ab19-db572ea748d3/Materials/Wolf3D_Teeth.uasset" 3593
"F:/Nijimori/PJ_1_Unreal/PJ_1/Content/Fab/Human_Character/684c0f35-ba0b-48e0-ab19-db572ea748d3/Materials/Wolf3D_Teeth.uexp" 3594
"F:/Nijimori/PJ_1_Unreal/PJ_1/Content/Fab/Human_Character/684c0f35-ba0b-48e0-ab19-db572ea748d3/Textures/face_texture.ubulk" 3595
"F:/Nijimori/PJ_1_Unreal/PJ_1/Content/Fab/Human_Character/684c0f35-ba0b-48e0-ab19-db572ea748d3/Textures/face_texture.uasset" 3596
"F:/Nijimori/PJ_1_Unreal/PJ_1/Content/Fab/Human_Character/684c0f35-ba0b-48e0-ab19-db572ea748d3/Textures/face_texture.uexp" 3597
"F:/Nijimori/PJ_1_Unreal/PJ_1/Content/Fab/Human_Character/684c0f35-ba0b-48e0-ab19-db572ea748d3/Materials/Wolf3D_Skin.uasset" 3598
"F:/Nijimori/PJ_1_Unreal/PJ_1/Content/Fab/Human_Character/684c0f35-ba0b-48e0-ab19-db572ea748d3/Materials/Wolf3D_Skin.uexp" 3599
"F:/Nijimori/PJ_1_Unreal/PJ_1/Content/Fab/Human_Character/684c0f35-ba0b-48e0-ab19-db572ea748d3/Textures/outfit-classic-04-v2-m-top-N.ubulk" 3600
"F:/Nijimori/PJ_1_Unreal/PJ_1/Content/Fab/Human_Character/684c0f35-ba0b-48e0-ab19-db572ea748d3/Textures/outfit-classic-04-v2-m-top-N.uasset" 3601
"F:/Nijimori/PJ_1_Unreal/PJ_1/Content/Fab/Human_Character/684c0f35-ba0b-48e0-ab19-db572ea748d3/Textures/outfit-classic-04-v2-m-top-N.uexp" 3602
"F:/Nijimori/PJ_1_Unreal/PJ_1/Content/Fab/Human_Character/684c0f35-ba0b-48e0-ab19-db572ea748d3/Textures/outfit-classic-04-v2-m-top-M-outfit-classic-04-v2-m-top-R.ubulk" 3603
"F:/Nijimori/PJ_1_Unreal/PJ_1/Content/Fab/Human_Character/684c0f35-ba0b-48e0-ab19-db572ea748d3/Textures/outfit-classic-04-v2-m-top-M-outfit-classic-04-v2-m-top-R.uasset" 3604
"F:/Nijimori/PJ_1_Unreal/PJ_1/Content/Fab/Human_Character/684c0f35-ba0b-48e0-ab19-db572ea748d3/Textures/outfit-classic-04-v2-m-top-M-outfit-classic-04-v2-m-top-R.uexp" 3605
"F:/Nijimori/PJ_1_Unreal/PJ_1/Content/Fab/Human_Character/684c0f35-ba0b-48e0-ab19-db572ea748d3/Textures/outfit-classic-04-v2-m-top-D.ubulk" 3606
"F:/Nijimori/PJ_1_Unreal/PJ_1/Content/Fab/Human_Character/684c0f35-ba0b-48e0-ab19-db572ea748d3/Textures/outfit-classic-04-v2-m-top-D.uasset" 3607
"F:/Nijimori/PJ_1_Unreal/PJ_1/Content/Fab/Human_Character/684c0f35-ba0b-48e0-ab19-db572ea748d3/Textures/outfit-classic-04-v2-m-top-D.uexp" 3608
"../../../Engine/Plugins/Interchange/Assets/Content/gltf/MaterialInstances/MI_Default_Opaque.uasset" 3609
"../../../Engine/Plugins/Interchange/Assets/Content/gltf/MaterialInstances/MI_Default_Opaque.uexp" 3610
"F:/Nijimori/PJ_1_Unreal/PJ_1/Content/Fab/Human_Character/684c0f35-ba0b-48e0-ab19-db572ea748d3/Materials/Wolf3D_Outfit_Top.uasset" 3611
"F:/Nijimori/PJ_1_Unreal/PJ_1/Content/Fab/Human_Character/684c0f35-ba0b-48e0-ab19-db572ea748d3/Materials/Wolf3D_Outfit_Top.uexp" 3612
"F:/Nijimori/PJ_1_Unreal/PJ_1/Content/Fab/Human_Character/684c0f35-ba0b-48e0-ab19-db572ea748d3/Textures/outfit-classic-04-v2-m-footwear-N.ubulk" 3613
"F:/Nijimori/PJ_1_Unreal/PJ_1/Content/Fab/Human_Character/684c0f35-ba0b-48e0-ab19-db572ea748d3/Textures/outfit-classic-04-v2-m-footwear-N.uasset" 3614
"F:/Nijimori/PJ_1_Unreal/PJ_1/Content/Fab/Human_Character/684c0f35-ba0b-48e0-ab19-db572ea748d3/Textures/outfit-classic-04-v2-m-footwear-N.uexp" 3615
"F:/Nijimori/PJ_1_Unreal/PJ_1/Content/Fab/Human_Character/684c0f35-ba0b-48e0-ab19-db572ea748d3/Textures/outfit-classic-04-v2-m-footwear-M-outfit-classic-04-v2-m-footwear-R.ubulk" 3616
"F:/Nijimori/PJ_1_Unreal/PJ_1/Content/Fab/Human_Character/684c0f35-ba0b-48e0-ab19-db572ea748d3/Textures/outfit-classic-04-v2-m-footwear-M-outfit-classic-04-v2-m-footwear-R.uasset" 3617
"F:/Nijimori/PJ_1_Unreal/PJ_1/Content/Fab/Human_Character/684c0f35-ba0b-48e0-ab19-db572ea748d3/Textures/outfit-classic-04-v2-m-footwear-M-outfit-classic-04-v2-m-footwear-R.uexp" 3618
"F:/Nijimori/PJ_1_Unreal/PJ_1/Content/Fab/Human_Character/684c0f35-ba0b-48e0-ab19-db572ea748d3/Textures/outfit-classic-04-v2-m-footwear-D.ubulk" 3619
"F:/Nijimori/PJ_1_Unreal/PJ_1/Content/Fab/Human_Character/684c0f35-ba0b-48e0-ab19-db572ea748d3/Textures/outfit-classic-04-v2-m-footwear-D.uasset" 3620
"F:/Nijimori/PJ_1_Unreal/PJ_1/Content/Fab/Human_Character/684c0f35-ba0b-48e0-ab19-db572ea748d3/Textures/outfit-classic-04-v2-m-footwear-D.uexp" 3621
"F:/Nijimori/PJ_1_Unreal/PJ_1/Content/Fab/Human_Character/684c0f35-ba0b-48e0-ab19-db572ea748d3/Materials/Wolf3D_Outfit_Footwear.uasset" 3622
"F:/Nijimori/PJ_1_Unreal/PJ_1/Content/Fab/Human_Character/684c0f35-ba0b-48e0-ab19-db572ea748d3/Materials/Wolf3D_Outfit_Footwear.uexp" 3623
"F:/Nijimori/PJ_1_Unreal/PJ_1/Content/Fab/Human_Character/684c0f35-ba0b-48e0-ab19-db572ea748d3/Textures/outfit-classic-04-v2-m-bottom-N.ubulk" 3624
"F:/Nijimori/PJ_1_Unreal/PJ_1/Content/Fab/Human_Character/684c0f35-ba0b-48e0-ab19-db572ea748d3/Textures/outfit-classic-04-v2-m-bottom-N.uasset" 3625
"F:/Nijimori/PJ_1_Unreal/PJ_1/Content/Fab/Human_Character/684c0f35-ba0b-48e0-ab19-db572ea748d3/Textures/outfit-classic-04-v2-m-bottom-N.uexp" 3626
"F:/Nijimori/PJ_1_Unreal/PJ_1/Content/Fab/Human_Character/684c0f35-ba0b-48e0-ab19-db572ea748d3/Textures/outfit-classic-04-v2-m-bottom-M-outfit-classic-04-v2-m-bottom-R.ubulk" 3627
"F:/Nijimori/PJ_1_Unreal/PJ_1/Content/Fab/Human_Character/684c0f35-ba0b-48e0-ab19-db572ea748d3/Textures/outfit-classic-04-v2-m-bottom-M-outfit-classic-04-v2-m-bottom-R.uasset" 3628
"F:/Nijimori/PJ_1_Unreal/PJ_1/Content/Fab/Human_Character/684c0f35-ba0b-48e0-ab19-db572ea748d3/Textures/outfit-classic-04-v2-m-bottom-M-outfit-classic-04-v2-m-bottom-R.uexp" 3629
"F:/Nijimori/PJ_1_Unreal/PJ_1/Content/Fab/Human_Character/684c0f35-ba0b-48e0-ab19-db572ea748d3/Textures/outfit-classic-04-v2-m-bottom-D.ubulk" 3630
"F:/Nijimori/PJ_1_Unreal/PJ_1/Content/Fab/Human_Character/684c0f35-ba0b-48e0-ab19-db572ea748d3/Textures/outfit-classic-04-v2-m-bottom-D.uasset" 3631
"F:/Nijimori/PJ_1_Unreal/PJ_1/Content/Fab/Human_Character/684c0f35-ba0b-48e0-ab19-db572ea748d3/Textures/outfit-classic-04-v2-m-bottom-D.uexp" 3632
"F:/Nijimori/PJ_1_Unreal/PJ_1/Content/Fab/Human_Character/684c0f35-ba0b-48e0-ab19-db572ea748d3/Materials/Wolf3D_Outfit_Bottom.uasset" 3633
"F:/Nijimori/PJ_1_Unreal/PJ_1/Content/Fab/Human_Character/684c0f35-ba0b-48e0-ab19-db572ea748d3/Materials/Wolf3D_Outfit_Bottom.uexp" 3634
"F:/Nijimori/PJ_1_Unreal/PJ_1/Content/Fab/Human_Character/684c0f35-ba0b-48e0-ab19-db572ea748d3/Textures/hair_color.ubulk" 3635
"F:/Nijimori/PJ_1_Unreal/PJ_1/Content/Fab/Human_Character/684c0f35-ba0b-48e0-ab19-db572ea748d3/Textures/hair_color.uasset" 3636
"F:/Nijimori/PJ_1_Unreal/PJ_1/Content/Fab/Human_Character/684c0f35-ba0b-48e0-ab19-db572ea748d3/Textures/hair_color.uexp" 3637
"F:/Nijimori/PJ_1_Unreal/PJ_1/Content/Fab/Human_Character/684c0f35-ba0b-48e0-ab19-db572ea748d3/Textures/hair-23-N.ubulk" 3638
"F:/Nijimori/PJ_1_Unreal/PJ_1/Content/Fab/Human_Character/684c0f35-ba0b-48e0-ab19-db572ea748d3/Textures/hair-23-N.uasset" 3639
"F:/Nijimori/PJ_1_Unreal/PJ_1/Content/Fab/Human_Character/684c0f35-ba0b-48e0-ab19-db572ea748d3/Textures/hair-23-N.uexp" 3640
"F:/Nijimori/PJ_1_Unreal/PJ_1/Content/Fab/Human_Character/684c0f35-ba0b-48e0-ab19-db572ea748d3/Materials/Wolf3D_Hair.uasset" 3641
"F:/Nijimori/PJ_1_Unreal/PJ_1/Content/Fab/Human_Character/684c0f35-ba0b-48e0-ab19-db572ea748d3/Materials/Wolf3D_Hair.uexp" 3642
"F:/Nijimori/PJ_1_Unreal/PJ_1/Content/Fab/Human_Character/684c0f35-ba0b-48e0-ab19-db572ea748d3/Materials/Wolf3D_Glasses.uasset" 3643
"F:/Nijimori/PJ_1_Unreal/PJ_1/Content/Fab/Human_Character/684c0f35-ba0b-48e0-ab19-db572ea748d3/Materials/Wolf3D_Glasses.uexp" 3644
"F:/Nijimori/PJ_1_Unreal/PJ_1/Content/Fab/Human_Character/684c0f35-ba0b-48e0-ab19-db572ea748d3/Textures/1622793658-eye-01-mask.ubulk" 3645
"F:/Nijimori/PJ_1_Unreal/PJ_1/Content/Fab/Human_Character/684c0f35-ba0b-48e0-ab19-db572ea748d3/Textures/1622793658-eye-01-mask.uasset" 3646
"F:/Nijimori/PJ_1_Unreal/PJ_1/Content/Fab/Human_Character/684c0f35-ba0b-48e0-ab19-db572ea748d3/Textures/1622793658-eye-01-mask.uexp" 3647
"F:/Nijimori/PJ_1_Unreal/PJ_1/Content/Fab/Human_Character/684c0f35-ba0b-48e0-ab19-db572ea748d3/Materials/Wolf3D_Eye.uasset" 3648
"F:/Nijimori/PJ_1_Unreal/PJ_1/Content/Fab/Human_Character/684c0f35-ba0b-48e0-ab19-db572ea748d3/Materials/Wolf3D_Eye.uexp" 3649
"F:/Nijimori/PJ_1_Unreal/PJ_1/Content/Fab/Human_Character/684c0f35-ba0b-48e0-ab19-db572ea748d3/Textures/Wolf3D_Male_Athletic_nm.ubulk" 3650
"F:/Nijimori/PJ_1_Unreal/PJ_1/Content/Fab/Human_Character/684c0f35-ba0b-48e0-ab19-db572ea748d3/Textures/Wolf3D_Male_Athletic_nm.uasset" 3651
"F:/Nijimori/PJ_1_Unreal/PJ_1/Content/Fab/Human_Character/684c0f35-ba0b-48e0-ab19-db572ea748d3/Textures/Wolf3D_Male_Athletic_nm.uexp" 3652
"F:/Nijimori/PJ_1_Unreal/PJ_1/Content/Fab/Human_Character/684c0f35-ba0b-48e0-ab19-db572ea748d3/Textures/body_texture.uasset" 3653
"F:/Nijimori/PJ_1_Unreal/PJ_1/Content/Fab/Human_Character/684c0f35-ba0b-48e0-ab19-db572ea748d3/Textures/body_texture.uexp" 3654
"F:/Nijimori/PJ_1_Unreal/PJ_1/Content/Fab/Human_Character/684c0f35-ba0b-48e0-ab19-db572ea748d3/Materials/Wolf3D_Body.uasset" 3655
"F:/Nijimori/PJ_1_Unreal/PJ_1/Content/Fab/Human_Character/684c0f35-ba0b-48e0-ab19-db572ea748d3/Materials/Wolf3D_Body.uexp" 3656
"F:/Nijimori/PJ_1_Unreal/PJ_1/Content/Fab/Human_Character/684c0f35-ba0b-48e0-ab19-db572ea748d3/SkeletalMeshes/684c0f35-ba0b-48e0-ab19-db572ea748d3.uasset" 3657
"F:/Nijimori/PJ_1_Unreal/PJ_1/Content/Fab/Human_Character/684c0f35-ba0b-48e0-ab19-db572ea748d3/SkeletalMeshes/684c0f35-ba0b-48e0-ab19-db572ea748d3.uexp" 3658
"F:/Nijimori/PJ_1_Unreal/PJ_1/Content/Import/lambert1.uasset" 3659
"F:/Nijimori/PJ_1_Unreal/PJ_1/Content/Import/lambert1.uexp" 3660
"F:/Nijimori/PJ_1_Unreal/PJ_1/Content/Import/pCube56.ubulk" 3661
"F:/Nijimori/PJ_1_Unreal/PJ_1/Content/Import/pCube56.uasset" 3662
"F:/Nijimori/PJ_1_Unreal/PJ_1/Content/Import/pCube56.uexp" 3663
"F:/Nijimori/PJ_1_Unreal/PJ_1/Content/FBX/window/window_1001_Normal.ubulk" 3664
"F:/Nijimori/PJ_1_Unreal/PJ_1/Content/FBX/window/window_1001_Normal.uasset" 3665
"F:/Nijimori/PJ_1_Unreal/PJ_1/Content/FBX/window/window_1001_Normal.uexp" 3666
"F:/Nijimori/PJ_1_Unreal/PJ_1/Content/FBX/window/window_1001_OcclusionRoughnessMetallic.ubulk" 3667
"F:/Nijimori/PJ_1_Unreal/PJ_1/Content/FBX/window/window_1001_OcclusionRoughnessMetallic.uasset" 3668
"F:/Nijimori/PJ_1_Unreal/PJ_1/Content/FBX/window/window_1001_OcclusionRoughnessMetallic.uexp" 3669
"F:/Nijimori/PJ_1_Unreal/PJ_1/Content/FBX/wood_s/wood_s_1001_BaseColor.ubulk" 3670
"F:/Nijimori/PJ_1_Unreal/PJ_1/Content/FBX/wood_s/wood_s_1001_BaseColor.uasset" 3671
"F:/Nijimori/PJ_1_Unreal/PJ_1/Content/FBX/wood_s/wood_s_1001_BaseColor.uexp" 3672
"F:/Nijimori/PJ_1_Unreal/PJ_1/Content/FBX/wood_s/wood_s_1001_BaseColor_Mat.uasset" 3673
"F:/Nijimori/PJ_1_Unreal/PJ_1/Content/FBX/wood_s/wood_s_1001_BaseColor_Mat.uexp" 3674
"F:/Nijimori/PJ_1_Unreal/PJ_1/Content/FBX/wood_s/wood_s_1001_BaseColor_Mat_Inst.uasset" 3675
"F:/Nijimori/PJ_1_Unreal/PJ_1/Content/FBX/wood_s/wood_s_1001_BaseColor_Mat_Inst.uexp" 3676
"F:/Nijimori/PJ_1_Unreal/PJ_1/Content/FBX/wood_s/lambert1.uasset" 3677
"F:/Nijimori/PJ_1_Unreal/PJ_1/Content/FBX/wood_s/lambert1.uexp" 3678
"F:/Nijimori/PJ_1_Unreal/PJ_1/Content/FBX/wood_s/wood_s.ubulk" 3679
"F:/Nijimori/PJ_1_Unreal/PJ_1/Content/FBX/wood_s/wood_s.uasset" 3680
"F:/Nijimori/PJ_1_Unreal/PJ_1/Content/FBX/wood_s/wood_s.uexp" 3681
"F:/Nijimori/PJ_1_Unreal/PJ_1/Content/FBX/wood_nangan/wood_nangan_1001_OcclusionRoughnessMetallic.ubulk" 3682
"F:/Nijimori/PJ_1_Unreal/PJ_1/Content/FBX/wood_nangan/wood_nangan_1001_OcclusionRoughnessMetallic.uasset" 3683
"F:/Nijimori/PJ_1_Unreal/PJ_1/Content/FBX/wood_nangan/wood_nangan_1001_OcclusionRoughnessMetallic.uexp" 3684
"F:/Nijimori/PJ_1_Unreal/PJ_1/Content/FBX/wood_nangan/wood_nangan_1001_Normal.ubulk" 3685
"F:/Nijimori/PJ_1_Unreal/PJ_1/Content/FBX/wood_nangan/wood_nangan_1001_Normal.uasset" 3686
"F:/Nijimori/PJ_1_Unreal/PJ_1/Content/FBX/wood_nangan/wood_nangan_1001_Normal.uexp" 3687
"F:/Nijimori/PJ_1_Unreal/PJ_1/Content/FBX/wood_nangan/wood_nangan_1001_BaseColor.ubulk" 3688
"F:/Nijimori/PJ_1_Unreal/PJ_1/Content/FBX/wood_nangan/wood_nangan_1001_BaseColor.uasset" 3689
"F:/Nijimori/PJ_1_Unreal/PJ_1/Content/FBX/wood_nangan/wood_nangan_1001_BaseColor.uexp" 3690
"F:/Nijimori/PJ_1_Unreal/PJ_1/Content/FBX/wood_nangan/wood_nangan_1001_BaseColor_Mat.uasset" 3691
"F:/Nijimori/PJ_1_Unreal/PJ_1/Content/FBX/wood_nangan/wood_nangan_1001_BaseColor_Mat.uexp" 3692
"F:/Nijimori/PJ_1_Unreal/PJ_1/Content/FBX/wood_nangan/lambert1.uasset" 3693
"F:/Nijimori/PJ_1_Unreal/PJ_1/Content/FBX/wood_nangan/lambert1.uexp" 3694
"F:/Nijimori/PJ_1_Unreal/PJ_1/Content/FBX/wood_nangan/wood_nangan.ubulk" 3695
"F:/Nijimori/PJ_1_Unreal/PJ_1/Content/FBX/wood_nangan/wood_nangan.uasset" 3696
"F:/Nijimori/PJ_1_Unreal/PJ_1/Content/FBX/wood_nangan/wood_nangan.uexp" 3697
"F:/Nijimori/PJ_1_Unreal/PJ_1/Content/FBX/wood_b/wood_b_1001_OcclusionRoughnessMetallic.ubulk" 3698
"F:/Nijimori/PJ_1_Unreal/PJ_1/Content/FBX/wood_b/wood_b_1001_OcclusionRoughnessMetallic.uasset" 3699
"F:/Nijimori/PJ_1_Unreal/PJ_1/Content/FBX/wood_b/wood_b_1001_OcclusionRoughnessMetallic.uexp" 3700
"F:/Nijimori/PJ_1_Unreal/PJ_1/Content/FBX/wood_b/wood_b_1001_Normal.ubulk" 3701
"F:/Nijimori/PJ_1_Unreal/PJ_1/Content/FBX/wood_b/wood_b_1001_Normal.uasset" 3702
"F:/Nijimori/PJ_1_Unreal/PJ_1/Content/FBX/wood_b/wood_b_1001_Normal.uexp" 3703
"F:/Nijimori/PJ_1_Unreal/PJ_1/Content/FBX/wood_b/wood_b_1001_BaseColor.ubulk" 3704
"F:/Nijimori/PJ_1_Unreal/PJ_1/Content/FBX/wood_b/wood_b_1001_BaseColor.uasset" 3705
"F:/Nijimori/PJ_1_Unreal/PJ_1/Content/FBX/wood_b/wood_b_1001_BaseColor.uexp" 3706
"F:/Nijimori/PJ_1_Unreal/PJ_1/Content/FBX/wood_b/wood_b_1001_BaseColor_Mat.uasset" 3707
"F:/Nijimori/PJ_1_Unreal/PJ_1/Content/FBX/wood_b/wood_b_1001_BaseColor_Mat.uexp" 3708
"F:/Nijimori/PJ_1_Unreal/PJ_1/Content/FBX/wood_b/lambert1.uasset" 3709
"F:/Nijimori/PJ_1_Unreal/PJ_1/Content/FBX/wood_b/lambert1.uexp" 3710
"F:/Nijimori/PJ_1_Unreal/PJ_1/Content/FBX/wood_b/wood_b.ubulk" 3711
"F:/Nijimori/PJ_1_Unreal/PJ_1/Content/FBX/wood_b/wood_b.uasset" 3712
"F:/Nijimori/PJ_1_Unreal/PJ_1/Content/FBX/wood_b/wood_b.uexp" 3713
"F:/Nijimori/PJ_1_Unreal/PJ_1/Content/FBX/window/window_1001_BaseColor.ubulk" 3714
"F:/Nijimori/PJ_1_Unreal/PJ_1/Content/FBX/window/window_1001_BaseColor.uasset" 3715
"F:/Nijimori/PJ_1_Unreal/PJ_1/Content/FBX/window/window_1001_BaseColor.uexp" 3716
"F:/Nijimori/PJ_1_Unreal/PJ_1/Content/FBX/window/window_1001_BaseColor_Mat.uasset" 3717
"F:/Nijimori/PJ_1_Unreal/PJ_1/Content/FBX/window/window_1001_BaseColor_Mat.uexp" 3718
"F:/Nijimori/PJ_1_Unreal/PJ_1/Content/FBX/window/window_1001_BaseColor_Mat_Inst1.uasset" 3719
"F:/Nijimori/PJ_1_Unreal/PJ_1/Content/FBX/window/window_1001_BaseColor_Mat_Inst1.uexp" 3720
"F:/Nijimori/PJ_1_Unreal/PJ_1/Content/FBX/window/window2_1001_OcclusionRoughnessMetallic.ubulk" 3721
"F:/Nijimori/PJ_1_Unreal/PJ_1/Content/FBX/window/window2_1001_OcclusionRoughnessMetallic.uasset" 3722
"F:/Nijimori/PJ_1_Unreal/PJ_1/Content/FBX/window/window2_1001_OcclusionRoughnessMetallic.uexp" 3723
"F:/Nijimori/PJ_1_Unreal/PJ_1/Content/FBX/window/window2_1001_Normal.ubulk" 3724
"F:/Nijimori/PJ_1_Unreal/PJ_1/Content/FBX/window/window2_1001_Normal.uasset" 3725
"F:/Nijimori/PJ_1_Unreal/PJ_1/Content/FBX/window/window2_1001_Normal.uexp" 3726
"F:/Nijimori/PJ_1_Unreal/PJ_1/Content/FBX/window/window2_1001_BaseColor.ubulk" 3727
"F:/Nijimori/PJ_1_Unreal/PJ_1/Content/FBX/window/window2_1001_BaseColor.uasset" 3728
"F:/Nijimori/PJ_1_Unreal/PJ_1/Content/FBX/window/window2_1001_BaseColor.uexp" 3729
"F:/Nijimori/PJ_1_Unreal/PJ_1/Content/FBX/window/window2_1001_BaseColor_Mat.uasset" 3730
"F:/Nijimori/PJ_1_Unreal/PJ_1/Content/FBX/window/window2_1001_BaseColor_Mat.uexp" 3731
"F:/Nijimori/PJ_1_Unreal/PJ_1/Content/FBX/window/lambert1.uasset" 3732
"F:/Nijimori/PJ_1_Unreal/PJ_1/Content/FBX/window/lambert1.uexp" 3733
"F:/Nijimori/PJ_1_Unreal/PJ_1/Content/FBX/window/window2.ubulk" 3734
"F:/Nijimori/PJ_1_Unreal/PJ_1/Content/FBX/window/window2.uasset" 3735
"F:/Nijimori/PJ_1_Unreal/PJ_1/Content/FBX/window/window2.uexp" 3736
"F:/Nijimori/PJ_1_Unreal/PJ_1/Content/FBX/window/window.ubulk" 3737
"F:/Nijimori/PJ_1_Unreal/PJ_1/Content/FBX/window/window.uasset" 3738
"F:/Nijimori/PJ_1_Unreal/PJ_1/Content/FBX/window/window.uexp" 3739
"F:/Nijimori/PJ_1_Unreal/PJ_1/Content/FBX/window/ryokan_window.uasset" 3740
"F:/Nijimori/PJ_1_Unreal/PJ_1/Content/FBX/window/ryokan_window.uexp" 3741
"F:/Nijimori/PJ_1_Unreal/PJ_1/Content/FBX/window/longwindow_1001_OcclusionRoughnessMetallic.ubulk" 3742
"F:/Nijimori/PJ_1_Unreal/PJ_1/Content/FBX/window/longwindow_1001_OcclusionRoughnessMetallic.uasset" 3743
"F:/Nijimori/PJ_1_Unreal/PJ_1/Content/FBX/window/longwindow_1001_OcclusionRoughnessMetallic.uexp" 3744
"F:/Nijimori/PJ_1_Unreal/PJ_1/Content/FBX/window/longwindow_1001_Normal.ubulk" 3745
"F:/Nijimori/PJ_1_Unreal/PJ_1/Content/FBX/window/longwindow_1001_Normal.uasset" 3746
"F:/Nijimori/PJ_1_Unreal/PJ_1/Content/FBX/window/longwindow_1001_Normal.uexp" 3747
"F:/Nijimori/PJ_1_Unreal/PJ_1/Content/FBX/window/longwindow_1001_BaseColor.ubulk" 3748
"F:/Nijimori/PJ_1_Unreal/PJ_1/Content/FBX/window/longwindow_1001_BaseColor.uasset" 3749
"F:/Nijimori/PJ_1_Unreal/PJ_1/Content/FBX/window/longwindow_1001_BaseColor.uexp" 3750
"F:/Nijimori/PJ_1_Unreal/PJ_1/Content/FBX/window/longwindow_1001_BaseColor_Mat.uasset" 3751
"F:/Nijimori/PJ_1_Unreal/PJ_1/Content/FBX/window/longwindow_1001_BaseColor_Mat.uexp" 3752
"F:/Nijimori/PJ_1_Unreal/PJ_1/Content/FBX/window/longwindow.ubulk" 3753
"F:/Nijimori/PJ_1_Unreal/PJ_1/Content/FBX/window/longwindow.uasset" 3754
"F:/Nijimori/PJ_1_Unreal/PJ_1/Content/FBX/window/longwindow.uexp" 3755
"F:/Nijimori/PJ_1_Unreal/PJ_1/Content/FBX/WallStone/WallStone_s_low_1001_OcclusionRoughnessMetallic.ubulk" 3756
"F:/Nijimori/PJ_1_Unreal/PJ_1/Content/FBX/WallStone/WallStone_s_low_1001_OcclusionRoughnessMetallic.uasset" 3757
"F:/Nijimori/PJ_1_Unreal/PJ_1/Content/FBX/WallStone/WallStone_s_low_1001_OcclusionRoughnessMetallic.uexp" 3758
"F:/Nijimori/PJ_1_Unreal/PJ_1/Content/FBX/WallStone/WallStone_s_low_1001_Normal.ubulk" 3759
"F:/Nijimori/PJ_1_Unreal/PJ_1/Content/FBX/WallStone/WallStone_s_low_1001_Normal.uasset" 3760
"F:/Nijimori/PJ_1_Unreal/PJ_1/Content/FBX/WallStone/WallStone_s_low_1001_Normal.uexp" 3761
"F:/Nijimori/PJ_1_Unreal/PJ_1/Content/FBX/WallStone/WallStone_s_low_1001_BaseColor.ubulk" 3762
"F:/Nijimori/PJ_1_Unreal/PJ_1/Content/FBX/WallStone/WallStone_s_low_1001_BaseColor.uasset" 3763
"F:/Nijimori/PJ_1_Unreal/PJ_1/Content/FBX/WallStone/WallStone_s_low_1001_BaseColor.uexp" 3764
"F:/Nijimori/PJ_1_Unreal/PJ_1/Content/FBX/WallStone/WallStone_s_low_1001_BaseColor_Mat.uasset" 3765
"F:/Nijimori/PJ_1_Unreal/PJ_1/Content/FBX/WallStone/WallStone_s_low_1001_BaseColor_Mat.uexp" 3766
"F:/Nijimori/PJ_1_Unreal/PJ_1/Content/FBX/WallStone/lambert1.uasset" 3767
"F:/Nijimori/PJ_1_Unreal/PJ_1/Content/FBX/WallStone/lambert1.uexp" 3768
"F:/Nijimori/PJ_1_Unreal/PJ_1/Content/FBX/WallStone/WallStone_s_low.ubulk" 3769
"F:/Nijimori/PJ_1_Unreal/PJ_1/Content/FBX/WallStone/WallStone_s_low.uasset" 3770
"F:/Nijimori/PJ_1_Unreal/PJ_1/Content/FBX/WallStone/WallStone_s_low.uexp" 3771
"F:/Nijimori/PJ_1_Unreal/PJ_1/Content/FBX/WallStone/WallStone_b_low_1001_OcclusionRoughnessMetallic.ubulk" 3772
"F:/Nijimori/PJ_1_Unreal/PJ_1/Content/FBX/WallStone/WallStone_b_low_1001_OcclusionRoughnessMetallic.uasset" 3773
"F:/Nijimori/PJ_1_Unreal/PJ_1/Content/FBX/WallStone/WallStone_b_low_1001_OcclusionRoughnessMetallic.uexp" 3774
"F:/Nijimori/PJ_1_Unreal/PJ_1/Content/FBX/WallStone/WallStone_b_low_1001_Normal.ubulk" 3775
"F:/Nijimori/PJ_1_Unreal/PJ_1/Content/FBX/WallStone/WallStone_b_low_1001_Normal.uasset" 3776
"F:/Nijimori/PJ_1_Unreal/PJ_1/Content/FBX/WallStone/WallStone_b_low_1001_Normal.uexp" 3777
"F:/Nijimori/PJ_1_Unreal/PJ_1/Content/FBX/WallStone/WallStone_b_low_1001_BaseColor.ubulk" 3778
"F:/Nijimori/PJ_1_Unreal/PJ_1/Content/FBX/WallStone/WallStone_b_low_1001_BaseColor.uasset" 3779
"F:/Nijimori/PJ_1_Unreal/PJ_1/Content/FBX/WallStone/WallStone_b_low_1001_BaseColor.uexp" 3780
"F:/Nijimori/PJ_1_Unreal/PJ_1/Content/FBX/WallStone/WallStone_b_low_1001_BaseColor_Mat.uasset" 3781
"F:/Nijimori/PJ_1_Unreal/PJ_1/Content/FBX/WallStone/WallStone_b_low_1001_BaseColor_Mat.uexp" 3782
"F:/Nijimori/PJ_1_Unreal/PJ_1/Content/FBX/WallStone/WallStone_b_low.ubulk" 3783
"F:/Nijimori/PJ_1_Unreal/PJ_1/Content/FBX/WallStone/WallStone_b_low.uasset" 3784
"F:/Nijimori/PJ_1_Unreal/PJ_1/Content/FBX/WallStone/WallStone_b_low.uexp" 3785
"F:/Nijimori/PJ_1_Unreal/PJ_1/Content/FBX/WallStone/WallStoneB_color.uasset" 3786
"F:/Nijimori/PJ_1_Unreal/PJ_1/Content/FBX/WallStone/WallStoneB_color.uexp" 3787
"F:/Nijimori/PJ_1_Unreal/PJ_1/Content/FBX/ryokan_door/ryokan_door_1001_Normal.ubulk" 3788
"F:/Nijimori/PJ_1_Unreal/PJ_1/Content/FBX/ryokan_door/ryokan_door_1001_Normal.uasset" 3789
"F:/Nijimori/PJ_1_Unreal/PJ_1/Content/FBX/ryokan_door/ryokan_door_1001_Normal.uexp" 3790
"F:/Nijimori/PJ_1_Unreal/PJ_1/Content/FBX/ryokan_door/ryokan_door_1001_BaseColor.ubulk" 3791
"F:/Nijimori/PJ_1_Unreal/PJ_1/Content/FBX/ryokan_door/ryokan_door_1001_BaseColor.uasset" 3792
"F:/Nijimori/PJ_1_Unreal/PJ_1/Content/FBX/ryokan_door/ryokan_door_1001_BaseColor.uexp" 3793
"F:/Nijimori/PJ_1_Unreal/PJ_1/Content/FBX/ryokan_door/ryokan_door_1001_BaseColor_Mat.uasset" 3794
"F:/Nijimori/PJ_1_Unreal/PJ_1/Content/FBX/ryokan_door/ryokan_door_1001_BaseColor_Mat.uexp" 3795
"F:/Nijimori/PJ_1_Unreal/PJ_1/Content/FBX/ryokan_door/lambert1.uasset" 3796
"F:/Nijimori/PJ_1_Unreal/PJ_1/Content/FBX/ryokan_door/lambert1.uexp" 3797
"F:/Nijimori/PJ_1_Unreal/PJ_1/Content/FBX/ryokan_door/ryokan_door.ubulk" 3798
"F:/Nijimori/PJ_1_Unreal/PJ_1/Content/FBX/ryokan_door/ryokan_door.uasset" 3799
"F:/Nijimori/PJ_1_Unreal/PJ_1/Content/FBX/ryokan_door/ryokan_door.uexp" 3800
"F:/Nijimori/PJ_1_Unreal/PJ_1/Content/FBX/roof_gapan/roof_gapan_1001_BaseColor.ubulk" 3801
"F:/Nijimori/PJ_1_Unreal/PJ_1/Content/FBX/roof_gapan/roof_gapan_1001_BaseColor.uasset" 3802
"F:/Nijimori/PJ_1_Unreal/PJ_1/Content/FBX/roof_gapan/roof_gapan_1001_BaseColor.uexp" 3803
"F:/Nijimori/PJ_1_Unreal/PJ_1/Content/FBX/roof_gapan/roof_gapan_1001_Normal.ubulk" 3804
"F:/Nijimori/PJ_1_Unreal/PJ_1/Content/FBX/roof_gapan/roof_gapan_1001_Normal.uasset" 3805
"F:/Nijimori/PJ_1_Unreal/PJ_1/Content/FBX/roof_gapan/roof_gapan_1001_Normal.uexp" 3806
"F:/Nijimori/PJ_1_Unreal/PJ_1/Content/FBX/roof_gapan/roof_gapan_1001_OcclusionRoughnessMetallic.ubulk" 3807
"F:/Nijimori/PJ_1_Unreal/PJ_1/Content/FBX/roof_gapan/roof_gapan_1001_OcclusionRoughnessMetallic.uasset" 3808
"F:/Nijimori/PJ_1_Unreal/PJ_1/Content/FBX/roof_gapan/roof_gapan_1001_OcclusionRoughnessMetallic.uexp" 3809
"F:/Nijimori/PJ_1_Unreal/PJ_1/Content/FBX/roof_gapan/roof_gapan_1001_BaseColor_Mat.uasset" 3810
"F:/Nijimori/PJ_1_Unreal/PJ_1/Content/FBX/roof_gapan/roof_gapan_1001_BaseColor_Mat.uexp" 3811
"F:/Nijimori/PJ_1_Unreal/PJ_1/Content/FBX/roof_gapan/roof_gapan_black.uasset" 3812
"F:/Nijimori/PJ_1_Unreal/PJ_1/Content/FBX/roof_gapan/roof_gapan_black.uexp" 3813
"F:/Nijimori/PJ_1_Unreal/PJ_1/Content/FBX/roof_gapan/lambert1.uasset" 3814
"F:/Nijimori/PJ_1_Unreal/PJ_1/Content/FBX/roof_gapan/lambert1.uexp" 3815
"F:/Nijimori/PJ_1_Unreal/PJ_1/Content/FBX/roof_gapan/roof_gapan.ubulk" 3816
"F:/Nijimori/PJ_1_Unreal/PJ_1/Content/FBX/roof_gapan/roof_gapan.uasset" 3817
"F:/Nijimori/PJ_1_Unreal/PJ_1/Content/FBX/roof_gapan/roof_gapan.uexp" 3818
"F:/Nijimori/PJ_1_Unreal/PJ_1/Content/FBX/roof/roof_half_1001_OcclusionRoughnessMetallic.ubulk" 3819
"F:/Nijimori/PJ_1_Unreal/PJ_1/Content/FBX/roof/roof_half_1001_OcclusionRoughnessMetallic.uasset" 3820
"F:/Nijimori/PJ_1_Unreal/PJ_1/Content/FBX/roof/roof_half_1001_OcclusionRoughnessMetallic.uexp" 3821
"F:/Nijimori/PJ_1_Unreal/PJ_1/Content/FBX/roof/roof_half_1001_Normal.ubulk" 3822
"F:/Nijimori/PJ_1_Unreal/PJ_1/Content/FBX/roof/roof_half_1001_Normal.uasset" 3823
"F:/Nijimori/PJ_1_Unreal/PJ_1/Content/FBX/roof/roof_half_1001_Normal.uexp" 3824
"F:/Nijimori/PJ_1_Unreal/PJ_1/Content/FBX/roof/roof_half_1001_BaseColor.ubulk" 3825
"F:/Nijimori/PJ_1_Unreal/PJ_1/Content/FBX/roof/roof_half_1001_BaseColor.uasset" 3826
"F:/Nijimori/PJ_1_Unreal/PJ_1/Content/FBX/roof/roof_half_1001_BaseColor.uexp" 3827
"F:/Nijimori/PJ_1_Unreal/PJ_1/Content/FBX/roof/roof_half_1001_BaseColor_Mat.uasset" 3828
"F:/Nijimori/PJ_1_Unreal/PJ_1/Content/FBX/roof/roof_half_1001_BaseColor_Mat.uexp" 3829
"F:/Nijimori/PJ_1_Unreal/PJ_1/Content/FBX/roof/lambert1.uasset" 3830
"F:/Nijimori/PJ_1_Unreal/PJ_1/Content/FBX/roof/lambert1.uexp" 3831
"F:/Nijimori/PJ_1_Unreal/PJ_1/Content/FBX/roof/roof_half.ubulk" 3832
"F:/Nijimori/PJ_1_Unreal/PJ_1/Content/FBX/roof/roof_half.uasset" 3833
"F:/Nijimori/PJ_1_Unreal/PJ_1/Content/FBX/roof/roof_half.uexp" 3834
"F:/Nijimori/PJ_1_Unreal/PJ_1/Content/FBX/roof/roof_1001_OcclusionRoughnessMetallic.ubulk" 3835
"F:/Nijimori/PJ_1_Unreal/PJ_1/Content/FBX/roof/roof_1001_OcclusionRoughnessMetallic.uasset" 3836
"F:/Nijimori/PJ_1_Unreal/PJ_1/Content/FBX/roof/roof_1001_OcclusionRoughnessMetallic.uexp" 3837
"F:/Nijimori/PJ_1_Unreal/PJ_1/Content/FBX/roof/roof_1001_Normal.ubulk" 3838
"F:/Nijimori/PJ_1_Unreal/PJ_1/Content/FBX/roof/roof_1001_Normal.uasset" 3839
"F:/Nijimori/PJ_1_Unreal/PJ_1/Content/FBX/roof/roof_1001_Normal.uexp" 3840
"F:/Nijimori/PJ_1_Unreal/PJ_1/Content/FBX/roof/roof_1001_BaseColor.ubulk" 3841
"F:/Nijimori/PJ_1_Unreal/PJ_1/Content/FBX/roof/roof_1001_BaseColor.uasset" 3842
"F:/Nijimori/PJ_1_Unreal/PJ_1/Content/FBX/roof/roof_1001_BaseColor.uexp" 3843
"F:/Nijimori/PJ_1_Unreal/PJ_1/Content/FBX/roof/roof_1001_BaseColor_Mat.uasset" 3844
"F:/Nijimori/PJ_1_Unreal/PJ_1/Content/FBX/roof/roof_1001_BaseColor_Mat.uexp" 3845
"F:/Nijimori/PJ_1_Unreal/PJ_1/Content/FBX/roof/roof.ubulk" 3846
"F:/Nijimori/PJ_1_Unreal/PJ_1/Content/FBX/roof/roof.uasset" 3847
"F:/Nijimori/PJ_1_Unreal/PJ_1/Content/FBX/roof/roof.uexp" 3848
"F:/Nijimori/PJ_1_Unreal/PJ_1/Content/FBX/rldhk/rldhk_1001_OcclusionRoughnessMetallic.ubulk" 3849
"F:/Nijimori/PJ_1_Unreal/PJ_1/Content/FBX/rldhk/rldhk_1001_OcclusionRoughnessMetallic.uasset" 3850
"F:/Nijimori/PJ_1_Unreal/PJ_1/Content/FBX/rldhk/rldhk_1001_OcclusionRoughnessMetallic.uexp" 3851
"F:/Nijimori/PJ_1_Unreal/PJ_1/Content/FBX/rldhk/rldhk_1001_Normal.ubulk" 3852
"F:/Nijimori/PJ_1_Unreal/PJ_1/Content/FBX/rldhk/rldhk_1001_Normal.uasset" 3853
"F:/Nijimori/PJ_1_Unreal/PJ_1/Content/FBX/rldhk/rldhk_1001_Normal.uexp" 3854
"F:/Nijimori/PJ_1_Unreal/PJ_1/Content/FBX/rldhk/rldhk_1001_BaseColor.ubulk" 3855
"F:/Nijimori/PJ_1_Unreal/PJ_1/Content/FBX/rldhk/rldhk_1001_BaseColor.uasset" 3856
"F:/Nijimori/PJ_1_Unreal/PJ_1/Content/FBX/rldhk/rldhk_1001_BaseColor.uexp" 3857
"F:/Nijimori/PJ_1_Unreal/PJ_1/Content/FBX/rldhk/rldhk_1001_BaseColor_Mat.uasset" 3858
"F:/Nijimori/PJ_1_Unreal/PJ_1/Content/FBX/rldhk/rldhk_1001_BaseColor_Mat.uexp" 3859
"F:/Nijimori/PJ_1_Unreal/PJ_1/Content/FBX/rldhk/rldhkahdma_1001_OcclusionRoughnessMetallic.ubulk" 3860
"F:/Nijimori/PJ_1_Unreal/PJ_1/Content/FBX/rldhk/rldhkahdma_1001_OcclusionRoughnessMetallic.uasset" 3861
"F:/Nijimori/PJ_1_Unreal/PJ_1/Content/FBX/rldhk/rldhkahdma_1001_OcclusionRoughnessMetallic.uexp" 3862
"F:/Nijimori/PJ_1_Unreal/PJ_1/Content/FBX/rldhk/rldhkahdma_1001_Normal.ubulk" 3863
"F:/Nijimori/PJ_1_Unreal/PJ_1/Content/FBX/rldhk/rldhkahdma_1001_Normal.uasset" 3864
"F:/Nijimori/PJ_1_Unreal/PJ_1/Content/FBX/rldhk/rldhkahdma_1001_Normal.uexp" 3865
"F:/Nijimori/PJ_1_Unreal/PJ_1/Content/FBX/rldhk/rldhkahdma_1001_BaseColor.ubulk" 3866
"F:/Nijimori/PJ_1_Unreal/PJ_1/Content/FBX/rldhk/rldhkahdma_1001_BaseColor.uasset" 3867
"F:/Nijimori/PJ_1_Unreal/PJ_1/Content/FBX/rldhk/rldhkahdma_1001_BaseColor.uexp" 3868
"F:/Nijimori/PJ_1_Unreal/PJ_1/Content/FBX/rldhk/rldhkahdma_1001_BaseColor_Mat.uasset" 3869
"F:/Nijimori/PJ_1_Unreal/PJ_1/Content/FBX/rldhk/rldhkahdma_1001_BaseColor_Mat.uexp" 3870
"F:/Nijimori/PJ_1_Unreal/PJ_1/Content/FBX/rldhk/standardSurface5.uasset" 3871
"F:/Nijimori/PJ_1_Unreal/PJ_1/Content/FBX/rldhk/standardSurface5.uexp" 3872
"F:/Nijimori/PJ_1_Unreal/PJ_1/Content/FBX/rldhk/rldhkahdma.ubulk" 3873
"F:/Nijimori/PJ_1_Unreal/PJ_1/Content/FBX/rldhk/rldhkahdma.uasset" 3874
"F:/Nijimori/PJ_1_Unreal/PJ_1/Content/FBX/rldhk/rldhkahdma.uexp" 3875
"F:/Nijimori/PJ_1_Unreal/PJ_1/Content/FBX/rldhk/pasted__standardSurface6.uasset" 3876
"F:/Nijimori/PJ_1_Unreal/PJ_1/Content/FBX/rldhk/pasted__standardSurface6.uexp" 3877
"F:/Nijimori/PJ_1_Unreal/PJ_1/Content/FBX/rldhk/rldhk.ubulk" 3878
"F:/Nijimori/PJ_1_Unreal/PJ_1/Content/FBX/rldhk/rldhk.uasset" 3879
"F:/Nijimori/PJ_1_Unreal/PJ_1/Content/FBX/rldhk/rldhk.uexp" 3880
"F:/Nijimori/PJ_1_Unreal/PJ_1/Content/FBX/moriya_fish/moriya_fish_1001_OcclusionRoughnessMetallic.ubulk" 3881
"F:/Nijimori/PJ_1_Unreal/PJ_1/Content/FBX/moriya_fish/moriya_fish_1001_OcclusionRoughnessMetallic.uasset" 3882
"F:/Nijimori/PJ_1_Unreal/PJ_1/Content/FBX/moriya_fish/moriya_fish_1001_OcclusionRoughnessMetallic.uexp" 3883
"F:/Nijimori/PJ_1_Unreal/PJ_1/Content/FBX/moriya_fish/moriya_fish_1001_Normal.ubulk" 3884
"F:/Nijimori/PJ_1_Unreal/PJ_1/Content/FBX/moriya_fish/moriya_fish_1001_Normal.uasset" 3885
"F:/Nijimori/PJ_1_Unreal/PJ_1/Content/FBX/moriya_fish/moriya_fish_1001_Normal.uexp" 3886
"F:/Nijimori/PJ_1_Unreal/PJ_1/Content/FBX/moriya_fish/moriya_fish_1001_BaseColor.ubulk" 3887
"F:/Nijimori/PJ_1_Unreal/PJ_1/Content/FBX/moriya_fish/moriya_fish_1001_BaseColor.uasset" 3888
"F:/Nijimori/PJ_1_Unreal/PJ_1/Content/FBX/moriya_fish/moriya_fish_1001_BaseColor.uexp" 3889
"F:/Nijimori/PJ_1_Unreal/PJ_1/Content/FBX/moriya_fish/moriya_fish_1001_BaseColor_Mat.uasset" 3890
"F:/Nijimori/PJ_1_Unreal/PJ_1/Content/FBX/moriya_fish/moriya_fish_1001_BaseColor_Mat.uexp" 3891
"F:/Nijimori/PJ_1_Unreal/PJ_1/Content/FBX/like_stair/like_stair_1001_OcclusionRoughnessMetallic.ubulk" 3892
"F:/Nijimori/PJ_1_Unreal/PJ_1/Content/FBX/like_stair/like_stair_1001_OcclusionRoughnessMetallic.uasset" 3893
"F:/Nijimori/PJ_1_Unreal/PJ_1/Content/FBX/like_stair/like_stair_1001_OcclusionRoughnessMetallic.uexp" 3894
"F:/Nijimori/PJ_1_Unreal/PJ_1/Content/FBX/like_stair/like_stair_1001_Normal.ubulk" 3895
"F:/Nijimori/PJ_1_Unreal/PJ_1/Content/FBX/like_stair/like_stair_1001_Normal.uasset" 3896
"F:/Nijimori/PJ_1_Unreal/PJ_1/Content/FBX/like_stair/like_stair_1001_Normal.uexp" 3897
"F:/Nijimori/PJ_1_Unreal/PJ_1/Content/FBX/like_stair/like_stair_1001_BaseColor.ubulk" 3898
"F:/Nijimori/PJ_1_Unreal/PJ_1/Content/FBX/like_stair/like_stair_1001_BaseColor.uasset" 3899
"F:/Nijimori/PJ_1_Unreal/PJ_1/Content/FBX/like_stair/like_stair_1001_BaseColor.uexp" 3900
"F:/Nijimori/PJ_1_Unreal/PJ_1/Content/FBX/like_stair/like_stair_1001_BaseColor_Mat.uasset" 3901
"F:/Nijimori/PJ_1_Unreal/PJ_1/Content/FBX/like_stair/like_stair_1001_BaseColor_Mat.uexp" 3902
"F:/Nijimori/PJ_1_Unreal/PJ_1/Content/FBX/like_stair/lambert1.uasset" 3903
"F:/Nijimori/PJ_1_Unreal/PJ_1/Content/FBX/like_stair/lambert1.uexp" 3904
"F:/Nijimori/PJ_1_Unreal/PJ_1/Content/FBX/like_stair/like_stair.ubulk" 3905
"F:/Nijimori/PJ_1_Unreal/PJ_1/Content/FBX/like_stair/like_stair.uasset" 3906
"F:/Nijimori/PJ_1_Unreal/PJ_1/Content/FBX/like_stair/like_stair.uexp" 3907
"F:/Nijimori/PJ_1_Unreal/PJ_1/Content/FBX/building_wall/building_wall_1001_BaseColor.ubulk" 3908
"F:/Nijimori/PJ_1_Unreal/PJ_1/Content/FBX/building_wall/building_wall_1001_BaseColor.uasset" 3909
"F:/Nijimori/PJ_1_Unreal/PJ_1/Content/FBX/building_wall/building_wall_1001_BaseColor.uexp" 3910
"F:/Nijimori/PJ_1_Unreal/PJ_1/Content/FBX/building_wall/building_wall_1001_OcclusionRoughnessMetallic.ubulk" 3911
"F:/Nijimori/PJ_1_Unreal/PJ_1/Content/FBX/building_wall/building_wall_1001_OcclusionRoughnessMetallic.uasset" 3912
"F:/Nijimori/PJ_1_Unreal/PJ_1/Content/FBX/building_wall/building_wall_1001_OcclusionRoughnessMetallic.uexp" 3913
"F:/Nijimori/PJ_1_Unreal/PJ_1/Content/FBX/building_wall/building_wall_1001_Normal.ubulk" 3914
"F:/Nijimori/PJ_1_Unreal/PJ_1/Content/FBX/building_wall/building_wall_1001_Normal.uasset" 3915
"F:/Nijimori/PJ_1_Unreal/PJ_1/Content/FBX/building_wall/building_wall_1001_Normal.uexp" 3916
"F:/Nijimori/PJ_1_Unreal/PJ_1/Content/FBX/building_wall/building_wall_1001_BaseColor_Mat.uasset" 3917
"F:/Nijimori/PJ_1_Unreal/PJ_1/Content/FBX/building_wall/building_wall_1001_BaseColor_Mat.uexp" 3918
"F:/Nijimori/PJ_1_Unreal/PJ_1/Content/FBX/building_wall/window_black.uasset" 3919
"F:/Nijimori/PJ_1_Unreal/PJ_1/Content/FBX/building_wall/window_black.uexp" 3920
"F:/Nijimori/PJ_1_Unreal/PJ_1/Content/FBX/building_wall/building_wall.ubulk" 3921
"F:/Nijimori/PJ_1_Unreal/PJ_1/Content/FBX/building_wall/building_wall.uasset" 3922
"F:/Nijimori/PJ_1_Unreal/PJ_1/Content/FBX/building_wall/building_wall.uexp" 3923
"F:/Nijimori/PJ_1_Unreal/PJ_1/Content/FBX/bodo_block/bodo_block_s_low_1001_OcclusionRoughnessMetallic.ubulk" 3924
"F:/Nijimori/PJ_1_Unreal/PJ_1/Content/FBX/bodo_block/bodo_block_s_low_1001_OcclusionRoughnessMetallic.uasset" 3925
"F:/Nijimori/PJ_1_Unreal/PJ_1/Content/FBX/bodo_block/bodo_block_s_low_1001_OcclusionRoughnessMetallic.uexp" 3926
"F:/Nijimori/PJ_1_Unreal/PJ_1/Content/FBX/bodo_block/bodo_block_s_low_1001_Normal.ubulk" 3927
"F:/Nijimori/PJ_1_Unreal/PJ_1/Content/FBX/bodo_block/bodo_block_s_low_1001_Normal.uasset" 3928
"F:/Nijimori/PJ_1_Unreal/PJ_1/Content/FBX/bodo_block/bodo_block_s_low_1001_Normal.uexp" 3929
"F:/Nijimori/PJ_1_Unreal/PJ_1/Content/FBX/bodo_block/bodo_block_s_low_1001_BaseColor.ubulk" 3930
"F:/Nijimori/PJ_1_Unreal/PJ_1/Content/FBX/bodo_block/bodo_block_s_low_1001_BaseColor.uasset" 3931
"F:/Nijimori/PJ_1_Unreal/PJ_1/Content/FBX/bodo_block/bodo_block_s_low_1001_BaseColor.uexp" 3932
"F:/Nijimori/PJ_1_Unreal/PJ_1/Content/FBX/bodo_block/bodo_block_s_low_1001_BaseColor_Mat.uasset" 3933
"F:/Nijimori/PJ_1_Unreal/PJ_1/Content/FBX/bodo_block/bodo_block_s_low_1001_BaseColor_Mat.uexp" 3934
"F:/Nijimori/PJ_1_Unreal/PJ_1/Content/FBX/bodo_block/bodo_block_s_low_1001_BaseColor_Mat_Inst.uasset" 3935
"F:/Nijimori/PJ_1_Unreal/PJ_1/Content/FBX/bodo_block/bodo_block_s_low_1001_BaseColor_Mat_Inst.uexp" 3936
"F:/Nijimori/PJ_1_Unreal/PJ_1/Content/FBX/bodo_block/lambert1.uasset" 3937
"F:/Nijimori/PJ_1_Unreal/PJ_1/Content/FBX/bodo_block/lambert1.uexp" 3938
"F:/Nijimori/PJ_1_Unreal/PJ_1/Content/FBX/bodo_block/bodo_block_s_low.ubulk" 3939
"F:/Nijimori/PJ_1_Unreal/PJ_1/Content/FBX/bodo_block/bodo_block_s_low.uasset" 3940
"F:/Nijimori/PJ_1_Unreal/PJ_1/Content/FBX/bodo_block/bodo_block_s_low.uexp" 3941
"F:/Nijimori/PJ_1_Unreal/PJ_1/Content/FBX/bodo_block/bodo_block_b_low_1001_OcclusionRoughnessMetallic.ubulk" 3942
"F:/Nijimori/PJ_1_Unreal/PJ_1/Content/FBX/bodo_block/bodo_block_b_low_1001_OcclusionRoughnessMetallic.uasset" 3943
"F:/Nijimori/PJ_1_Unreal/PJ_1/Content/FBX/bodo_block/bodo_block_b_low_1001_OcclusionRoughnessMetallic.uexp" 3944
"F:/Nijimori/PJ_1_Unreal/PJ_1/Content/FBX/bodo_block/bodo_block_b_low_1001_Normal.ubulk" 3945
"F:/Nijimori/PJ_1_Unreal/PJ_1/Content/FBX/bodo_block/bodo_block_b_low_1001_Normal.uasset" 3946
"F:/Nijimori/PJ_1_Unreal/PJ_1/Content/FBX/bodo_block/bodo_block_b_low_1001_Normal.uexp" 3947
"F:/Nijimori/PJ_1_Unreal/PJ_1/Content/FBX/bodo_block/bodo_block_b_low_1001_BaseColor.ubulk" 3948
"F:/Nijimori/PJ_1_Unreal/PJ_1/Content/FBX/bodo_block/bodo_block_b_low_1001_BaseColor.uasset" 3949
"F:/Nijimori/PJ_1_Unreal/PJ_1/Content/FBX/bodo_block/bodo_block_b_low_1001_BaseColor.uexp" 3950
"F:/Nijimori/PJ_1_Unreal/PJ_1/Content/FBX/bodo_block/bodo_block_b_low_1001_BaseColor_Mat.uasset" 3951
"F:/Nijimori/PJ_1_Unreal/PJ_1/Content/FBX/bodo_block/bodo_block_b_low_1001_BaseColor_Mat.uexp" 3952
"F:/Nijimori/PJ_1_Unreal/PJ_1/Content/FBX/bodo_block/bodo_block_b_low.ubulk" 3953
"F:/Nijimori/PJ_1_Unreal/PJ_1/Content/FBX/bodo_block/bodo_block_b_low.uasset" 3954
"F:/Nijimori/PJ_1_Unreal/PJ_1/Content/FBX/bodo_block/bodo_block_b_low.uexp" 3955
"F:/Nijimori/PJ_1_Unreal/PJ_1/Content/Fab/Megascans/3D/Rock/ullndifga_tier_2/Textures/T_ullndifga_2K_ORM.ubulk" 3956
"F:/Nijimori/PJ_1_Unreal/PJ_1/Content/Fab/Megascans/3D/Rock/ullndifga_tier_2/Textures/T_ullndifga_2K_ORM.uasset" 3957
"F:/Nijimori/PJ_1_Unreal/PJ_1/Content/Fab/Megascans/3D/Rock/ullndifga_tier_2/Textures/T_ullndifga_2K_ORM.uexp" 3958
"F:/Nijimori/PJ_1_Unreal/PJ_1/Content/Fab/Megascans/3D/Rock/ullndifga_tier_2/Textures/T_ullndifga_2K_N.ubulk" 3959
"F:/Nijimori/PJ_1_Unreal/PJ_1/Content/Fab/Megascans/3D/Rock/ullndifga_tier_2/Textures/T_ullndifga_2K_N.uasset" 3960
"F:/Nijimori/PJ_1_Unreal/PJ_1/Content/Fab/Megascans/3D/Rock/ullndifga_tier_2/Textures/T_ullndifga_2K_N.uexp" 3961
"F:/Nijimori/PJ_1_Unreal/PJ_1/Content/Fab/Megascans/3D/Rock/ullndifga_tier_2/Textures/T_ullndifga_2K_B.ubulk" 3962
"F:/Nijimori/PJ_1_Unreal/PJ_1/Content/Fab/Megascans/3D/Rock/ullndifga_tier_2/Textures/T_ullndifga_2K_B.uasset" 3963
"F:/Nijimori/PJ_1_Unreal/PJ_1/Content/Fab/Megascans/3D/Rock/ullndifga_tier_2/Textures/T_ullndifga_2K_B.uexp" 3964
"../../../Engine/Plugins/Fab/Content/MaterialFunctions/QMF_RoughnessAdjustments.uasset" 3965
"../../../Engine/Plugins/Fab/Content/MaterialFunctions/QMF_RoughnessAdjustments.uexp" 3966
"../../../Engine/Plugins/Fab/Content/MaterialFunctions/QMF_NormalAdjustments.uasset" 3967
"../../../Engine/Plugins/Fab/Content/MaterialFunctions/QMF_NormalAdjustments.uexp" 3968
"../../../Engine/Plugins/Fab/Content/MaterialFunctions/QMF_BaseColorAdjustments.uasset" 3969
"../../../Engine/Plugins/Fab/Content/MaterialFunctions/QMF_BaseColorAdjustments.uexp" 3970
"../../../Engine/Plugins/Fab/Content/MaterialFunctions/QMF_AOAdjustments.uasset" 3971
"../../../Engine/Plugins/Fab/Content/MaterialFunctions/QMF_AOAdjustments.uexp" 3972
"../../../Engine/Plugins/Fab/Content/Textures/Standard/T_DefaultNormal.uasset" 3973
"../../../Engine/Plugins/Fab/Content/Textures/Standard/T_DefaultNormal.uexp" 3974
"../../../Engine/Plugins/Fab/Content/Textures/Standard/T_DefaultMasks.uasset" 3975
"../../../Engine/Plugins/Fab/Content/Textures/Standard/T_DefaultMasks.uexp" 3976
"../../../Engine/Plugins/Fab/Content/Textures/Standard/T_DefaultDisplacement.uasset" 3977
"../../../Engine/Plugins/Fab/Content/Textures/Standard/T_DefaultDisplacement.uexp" 3978
"../../../Engine/Plugins/Fab/Content/Textures/Standard/T_DefaultColor.uasset" 3979
"../../../Engine/Plugins/Fab/Content/Textures/Standard/T_DefaultColor.uexp" 3980
"../../../Engine/Plugins/Fab/Content/Materials/Standard/M_MS_Base.uasset" 3981
"../../../Engine/Plugins/Fab/Content/Materials/Standard/M_MS_Base.uexp" 3982
"F:/Nijimori/PJ_1_Unreal/PJ_1/Content/Fab/Megascans/3D/Rock/ullndifga_tier_2/Materials/MI_ullndifga.uasset" 3983
"F:/Nijimori/PJ_1_Unreal/PJ_1/Content/Fab/Megascans/3D/Rock/ullndifga_tier_2/Materials/MI_ullndifga.uexp" 3984
"F:/Nijimori/PJ_1_Unreal/PJ_1/Content/Fab/Megascans/3D/Rock/ullndifga_tier_2/StaticMeshes/ullndifga_tier_2.ubulk" 3985
"F:/Nijimori/PJ_1_Unreal/PJ_1/Content/Fab/Megascans/3D/Rock/ullndifga_tier_2/StaticMeshes/ullndifga_tier_2.uasset" 3986
"F:/Nijimori/PJ_1_Unreal/PJ_1/Content/Fab/Megascans/3D/Rock/ullndifga_tier_2/StaticMeshes/ullndifga_tier_2.uexp" 3987
"F:/Nijimori/PJ_1_Unreal/PJ_1/Content/Fab/Megascans/3D/Rock/ullndifga_tier_2/Materials/MI_ullndifga_Inst.uasset" 3988
"F:/Nijimori/PJ_1_Unreal/PJ_1/Content/Fab/Megascans/3D/Rock/ullndifga_tier_2/Materials/MI_ullndifga_Inst.uexp" 3989
"F:/Nijimori/PJ_1_Unreal/PJ_1/Content/Fab/Megascans/3D/Rock/Military_Trenches_Scatter_Rock_S_04_ydzsabc/Medium/SM_ydzsabc_tier_2/Textures/T_ydzsabc_2k_ORM.ubulk" 3990
"F:/Nijimori/PJ_1_Unreal/PJ_1/Content/Fab/Megascans/3D/Rock/Military_Trenches_Scatter_Rock_S_04_ydzsabc/Medium/SM_ydzsabc_tier_2/Textures/T_ydzsabc_2k_ORM.uasset" 3991
"F:/Nijimori/PJ_1_Unreal/PJ_1/Content/Fab/Megascans/3D/Rock/Military_Trenches_Scatter_Rock_S_04_ydzsabc/Medium/SM_ydzsabc_tier_2/Textures/T_ydzsabc_2k_ORM.uexp" 3992
"F:/Nijimori/PJ_1_Unreal/PJ_1/Content/Fab/Megascans/3D/Rock/Military_Trenches_Scatter_Rock_S_04_ydzsabc/Medium/SM_ydzsabc_tier_2/Textures/T_ydzsabc_2k_N.ubulk" 3993
"F:/Nijimori/PJ_1_Unreal/PJ_1/Content/Fab/Megascans/3D/Rock/Military_Trenches_Scatter_Rock_S_04_ydzsabc/Medium/SM_ydzsabc_tier_2/Textures/T_ydzsabc_2k_N.uasset" 3994
"F:/Nijimori/PJ_1_Unreal/PJ_1/Content/Fab/Megascans/3D/Rock/Military_Trenches_Scatter_Rock_S_04_ydzsabc/Medium/SM_ydzsabc_tier_2/Textures/T_ydzsabc_2k_N.uexp" 3995
"F:/Nijimori/PJ_1_Unreal/PJ_1/Content/Fab/Megascans/3D/Rock/Military_Trenches_Scatter_Rock_S_04_ydzsabc/Medium/SM_ydzsabc_tier_2/Textures/T_ydzsabc_2k_B.ubulk" 3996
"F:/Nijimori/PJ_1_Unreal/PJ_1/Content/Fab/Megascans/3D/Rock/Military_Trenches_Scatter_Rock_S_04_ydzsabc/Medium/SM_ydzsabc_tier_2/Textures/T_ydzsabc_2k_B.uasset" 3997
"F:/Nijimori/PJ_1_Unreal/PJ_1/Content/Fab/Megascans/3D/Rock/Military_Trenches_Scatter_Rock_S_04_ydzsabc/Medium/SM_ydzsabc_tier_2/Textures/T_ydzsabc_2k_B.uexp" 3998
"F:/Nijimori/PJ_1_Unreal/PJ_1/Content/Fab/Megascans/3D/Rock/Military_Trenches_Scatter_Rock_S_04_ydzsabc/Medium/SM_ydzsabc_tier_2/Materials/MI_ydzsabc.uasset" 3999
"F:/Nijimori/PJ_1_Unreal/PJ_1/Content/Fab/Megascans/3D/Rock/Military_Trenches_Scatter_Rock_S_04_ydzsabc/Medium/SM_ydzsabc_tier_2/Materials/MI_ydzsabc.uexp" 4000
"F:/Nijimori/PJ_1_Unreal/PJ_1/Content/Fab/Megascans/3D/Rock/Military_Trenches_Scatter_Rock_S_04_ydzsabc/Medium/SM_ydzsabc_tier_2/StaticMeshes/SM_ydzsabc_tier_2.ubulk" 4001
"F:/Nijimori/PJ_1_Unreal/PJ_1/Content/Fab/Megascans/3D/Rock/Military_Trenches_Scatter_Rock_S_04_ydzsabc/Medium/SM_ydzsabc_tier_2/StaticMeshes/SM_ydzsabc_tier_2.uasset" 4002
"F:/Nijimori/PJ_1_Unreal/PJ_1/Content/Fab/Megascans/3D/Rock/Military_Trenches_Scatter_Rock_S_04_ydzsabc/Medium/SM_ydzsabc_tier_2/StaticMeshes/SM_ydzsabc_tier_2.uexp" 4003
"F:/Nijimori/PJ_1_Unreal/PJ_1/Content/Fab/Megascans/3D/Rock/Granite_rock/Textures/T_shopk_2K_ORM.ubulk" 4004
"F:/Nijimori/PJ_1_Unreal/PJ_1/Content/Fab/Megascans/3D/Rock/Granite_rock/Textures/T_shopk_2K_ORM.uasset" 4005
"F:/Nijimori/PJ_1_Unreal/PJ_1/Content/Fab/Megascans/3D/Rock/Granite_rock/Textures/T_shopk_2K_ORM.uexp" 4006
"F:/Nijimori/PJ_1_Unreal/PJ_1/Content/Fab/Megascans/3D/Rock/Granite_rock/Textures/T_shopk_2K_N.ubulk" 4007
"F:/Nijimori/PJ_1_Unreal/PJ_1/Content/Fab/Megascans/3D/Rock/Granite_rock/Textures/T_shopk_2K_N.uasset" 4008
"F:/Nijimori/PJ_1_Unreal/PJ_1/Content/Fab/Megascans/3D/Rock/Granite_rock/Textures/T_shopk_2K_N.uexp" 4009
"F:/Nijimori/PJ_1_Unreal/PJ_1/Content/Fab/Megascans/3D/Rock/Granite_rock/Textures/T_shopk_2K_B.ubulk" 4010
"F:/Nijimori/PJ_1_Unreal/PJ_1/Content/Fab/Megascans/3D/Rock/Granite_rock/Textures/T_shopk_2K_B.uasset" 4011
"F:/Nijimori/PJ_1_Unreal/PJ_1/Content/Fab/Megascans/3D/Rock/Granite_rock/Textures/T_shopk_2K_B.uexp" 4012
"F:/Nijimori/PJ_1_Unreal/PJ_1/Content/Fab/Megascans/3D/Rock/Granite_rock/Materials/MI_shopk.uasset" 4013
"F:/Nijimori/PJ_1_Unreal/PJ_1/Content/Fab/Megascans/3D/Rock/Granite_rock/Materials/MI_shopk.uexp" 4014
"F:/Nijimori/PJ_1_Unreal/PJ_1/Content/Fab/Megascans/3D/Rock/Granite_rock/StaticMeshes/shopk_tier_2.ubulk" 4015
"F:/Nijimori/PJ_1_Unreal/PJ_1/Content/Fab/Megascans/3D/Rock/Granite_rock/StaticMeshes/shopk_tier_2.uasset" 4016
"F:/Nijimori/PJ_1_Unreal/PJ_1/Content/Fab/Megascans/3D/Rock/Granite_rock/StaticMeshes/shopk_tier_2.uexp" 4017
"F:/Nijimori/PJ_1_Unreal/PJ_1/Content/Fab/Megascans/3D/Rock/Military_Trenches_Scatter_Rock_S_04_ydzsabc/Medium/SM_ydzsabc_tier_2/Materials/MI_ydzsabc_Inst.uasset" 4018
"F:/Nijimori/PJ_1_Unreal/PJ_1/Content/Fab/Megascans/3D/Rock/Military_Trenches_Scatter_Rock_S_04_ydzsabc/Medium/SM_ydzsabc_tier_2/Materials/MI_ydzsabc_Inst.uexp" 4019
"F:/Nijimori/PJ_1_Unreal/PJ_1/Content/Fab/Tuna_Fish/tuna_fish/SkeletalMeshes/tuna_fish_Skeleton.uasset" 4020
"F:/Nijimori/PJ_1_Unreal/PJ_1/Content/Fab/Tuna_Fish/tuna_fish/SkeletalMeshes/tuna_fish_Skeleton.uexp" 4021
"F:/Nijimori/PJ_1_Unreal/PJ_1/Content/Fab/Tuna_Fish/tuna_fish/SkeletalMeshes/tuna_fish_PhysicsAsset.uasset" 4022
"F:/Nijimori/PJ_1_Unreal/PJ_1/Content/Fab/Tuna_Fish/tuna_fish/SkeletalMeshes/tuna_fish_PhysicsAsset.uexp" 4023
"../../../Engine/Plugins/Interchange/Assets/Content/gltf/MaterialInstances/MI_Default_Blend_DS.uasset" 4024
"../../../Engine/Plugins/Interchange/Assets/Content/gltf/MaterialInstances/MI_Default_Blend_DS.uexp" 4025
"F:/Nijimori/PJ_1_Unreal/PJ_1/Content/Fab/Tuna_Fish/tuna_fish/Materials/Material_004.uasset" 4026
"F:/Nijimori/PJ_1_Unreal/PJ_1/Content/Fab/Tuna_Fish/tuna_fish/Materials/Material_004.uexp" 4027
"F:/Nijimori/PJ_1_Unreal/PJ_1/Content/Fab/Tuna_Fish/tuna_fish/Textures/tuna_fish_texture_3.ubulk" 4028
"F:/Nijimori/PJ_1_Unreal/PJ_1/Content/Fab/Tuna_Fish/tuna_fish/Textures/tuna_fish_texture_3.uasset" 4029
"F:/Nijimori/PJ_1_Unreal/PJ_1/Content/Fab/Tuna_Fish/tuna_fish/Textures/tuna_fish_texture_3.uexp" 4030
"F:/Nijimori/PJ_1_Unreal/PJ_1/Content/Fab/Tuna_Fish/tuna_fish/Textures/tuna_fish_texture_4.ubulk" 4031
"F:/Nijimori/PJ_1_Unreal/PJ_1/Content/Fab/Tuna_Fish/tuna_fish/Textures/tuna_fish_texture_4.uasset" 4032
"F:/Nijimori/PJ_1_Unreal/PJ_1/Content/Fab/Tuna_Fish/tuna_fish/Textures/tuna_fish_texture_4.uexp" 4033
"F:/Nijimori/PJ_1_Unreal/PJ_1/Content/Fab/Tuna_Fish/tuna_fish/Textures/tuna_fish_texture_5.ubulk" 4034
"F:/Nijimori/PJ_1_Unreal/PJ_1/Content/Fab/Tuna_Fish/tuna_fish/Textures/tuna_fish_texture_5.uasset" 4035
"F:/Nijimori/PJ_1_Unreal/PJ_1/Content/Fab/Tuna_Fish/tuna_fish/Textures/tuna_fish_texture_5.uexp" 4036
"F:/Nijimori/PJ_1_Unreal/PJ_1/Content/Fab/Tuna_Fish/tuna_fish/Materials/Material_003.uasset" 4037
"F:/Nijimori/PJ_1_Unreal/PJ_1/Content/Fab/Tuna_Fish/tuna_fish/Materials/Material_003.uexp" 4038
"F:/Nijimori/PJ_1_Unreal/PJ_1/Content/Fab/Tuna_Fish/tuna_fish/Textures/tuna_fish_texture_0.ubulk" 4039
"F:/Nijimori/PJ_1_Unreal/PJ_1/Content/Fab/Tuna_Fish/tuna_fish/Textures/tuna_fish_texture_0.uasset" 4040
"F:/Nijimori/PJ_1_Unreal/PJ_1/Content/Fab/Tuna_Fish/tuna_fish/Textures/tuna_fish_texture_0.uexp" 4041
"F:/Nijimori/PJ_1_Unreal/PJ_1/Content/Fab/Tuna_Fish/tuna_fish/Textures/tuna_fish_texture_1.ubulk" 4042
"F:/Nijimori/PJ_1_Unreal/PJ_1/Content/Fab/Tuna_Fish/tuna_fish/Textures/tuna_fish_texture_1.uasset" 4043
"F:/Nijimori/PJ_1_Unreal/PJ_1/Content/Fab/Tuna_Fish/tuna_fish/Textures/tuna_fish_texture_1.uexp" 4044
"F:/Nijimori/PJ_1_Unreal/PJ_1/Content/Fab/Tuna_Fish/tuna_fish/Textures/tuna_fish_texture_2.ubulk" 4045
"F:/Nijimori/PJ_1_Unreal/PJ_1/Content/Fab/Tuna_Fish/tuna_fish/Textures/tuna_fish_texture_2.uasset" 4046
"F:/Nijimori/PJ_1_Unreal/PJ_1/Content/Fab/Tuna_Fish/tuna_fish/Textures/tuna_fish_texture_2.uexp" 4047
"F:/Nijimori/PJ_1_Unreal/PJ_1/Content/Fab/Tuna_Fish/tuna_fish/Materials/Material.uasset" 4048
"F:/Nijimori/PJ_1_Unreal/PJ_1/Content/Fab/Tuna_Fish/tuna_fish/Materials/Material.uexp" 4049
"F:/Nijimori/PJ_1_Unreal/PJ_1/Content/Fab/Tuna_Fish/tuna_fish/SkeletalMeshes/tuna_fish.uasset" 4050
"F:/Nijimori/PJ_1_Unreal/PJ_1/Content/Fab/Tuna_Fish/tuna_fish/SkeletalMeshes/tuna_fish.uexp" 4051
"F:/Nijimori/PJ_1_Unreal/PJ_1/Content/FBX/moriya_fish/lambert1.uasset" 4052
"F:/Nijimori/PJ_1_Unreal/PJ_1/Content/FBX/moriya_fish/lambert1.uexp" 4053
"F:/Nijimori/PJ_1_Unreal/PJ_1/Content/FBX/moriya_fish/moriya_fish.ubulk" 4054
"F:/Nijimori/PJ_1_Unreal/PJ_1/Content/FBX/moriya_fish/moriya_fish.uasset" 4055
"F:/Nijimori/PJ_1_Unreal/PJ_1/Content/FBX/moriya_fish/moriya_fish.uexp" 4056
"F:/Nijimori/PJ_1_Unreal/PJ_1/Content/FBX/building_wall/glass.uasset" 4057
"F:/Nijimori/PJ_1_Unreal/PJ_1/Content/FBX/building_wall/glass.uexp" 4058
"F:/Nijimori/PJ_1_Unreal/PJ_1/Content/FBX/building_wall/glass_Inst.uasset" 4059
"F:/Nijimori/PJ_1_Unreal/PJ_1/Content/FBX/building_wall/glass_Inst.uexp" 4060
"F:/Nijimori/PJ_1_Unreal/PJ_1/Content/FBX/building_wall/building_wall_ume.uasset" 4061
"F:/Nijimori/PJ_1_Unreal/PJ_1/Content/FBX/building_wall/building_wall_ume.uexp" 4062
"F:/Nijimori/PJ_1_Unreal/PJ_1/Content/Fab/Door_with_handle/scene/Textures/Material_004_normal.ubulk" 4063
"F:/Nijimori/PJ_1_Unreal/PJ_1/Content/Fab/Door_with_handle/scene/Textures/Material_004_normal.uasset" 4064
"F:/Nijimori/PJ_1_Unreal/PJ_1/Content/Fab/Door_with_handle/scene/Textures/Material_004_normal.uexp" 4065
"F:/Nijimori/PJ_1_Unreal/PJ_1/Content/Fab/Door_with_handle/scene/Textures/Material_004_metallicRoughness.ubulk" 4066
"F:/Nijimori/PJ_1_Unreal/PJ_1/Content/Fab/Door_with_handle/scene/Textures/Material_004_metallicRoughness.uasset" 4067
"F:/Nijimori/PJ_1_Unreal/PJ_1/Content/Fab/Door_with_handle/scene/Textures/Material_004_metallicRoughness.uexp" 4068
"F:/Nijimori/PJ_1_Unreal/PJ_1/Content/Fab/Door_with_handle/scene/Textures/Material_004_baseColor.ubulk" 4069
"F:/Nijimori/PJ_1_Unreal/PJ_1/Content/Fab/Door_with_handle/scene/Textures/Material_004_baseColor.uasset" 4070
"F:/Nijimori/PJ_1_Unreal/PJ_1/Content/Fab/Door_with_handle/scene/Textures/Material_004_baseColor.uexp" 4071
"F:/Nijimori/PJ_1_Unreal/PJ_1/Content/Fab/Door_with_handle/scene/Materials/Material_004.uasset" 4072
"F:/Nijimori/PJ_1_Unreal/PJ_1/Content/Fab/Door_with_handle/scene/Materials/Material_004.uexp" 4073
"F:/Nijimori/PJ_1_Unreal/PJ_1/Content/Fab/Door_with_handle/scene/Textures/Material_002_normal.ubulk" 4074
"F:/Nijimori/PJ_1_Unreal/PJ_1/Content/Fab/Door_with_handle/scene/Textures/Material_002_normal.uasset" 4075
"F:/Nijimori/PJ_1_Unreal/PJ_1/Content/Fab/Door_with_handle/scene/Textures/Material_002_normal.uexp" 4076
"F:/Nijimori/PJ_1_Unreal/PJ_1/Content/Fab/Door_with_handle/scene/Textures/Material_002_metallicRoughness.ubulk" 4077
"F:/Nijimori/PJ_1_Unreal/PJ_1/Content/Fab/Door_with_handle/scene/Textures/Material_002_metallicRoughness.uasset" 4078
"F:/Nijimori/PJ_1_Unreal/PJ_1/Content/Fab/Door_with_handle/scene/Textures/Material_002_metallicRoughness.uexp" 4079
"F:/Nijimori/PJ_1_Unreal/PJ_1/Content/Fab/Door_with_handle/scene/Textures/Material_002_baseColor.ubulk" 4080
"F:/Nijimori/PJ_1_Unreal/PJ_1/Content/Fab/Door_with_handle/scene/Textures/Material_002_baseColor.uasset" 4081
"F:/Nijimori/PJ_1_Unreal/PJ_1/Content/Fab/Door_with_handle/scene/Textures/Material_002_baseColor.uexp" 4082
"../../../Engine/Plugins/Interchange/Assets/Content/gltf/MaterialInstances/MI_ClearCoat_Opaque_DS.uasset" 4083
"../../../Engine/Plugins/Interchange/Assets/Content/gltf/MaterialInstances/MI_ClearCoat_Opaque_DS.uexp" 4084
"F:/Nijimori/PJ_1_Unreal/PJ_1/Content/Fab/Door_with_handle/scene/Materials/Material_002.uasset" 4085
"F:/Nijimori/PJ_1_Unreal/PJ_1/Content/Fab/Door_with_handle/scene/Materials/Material_002.uexp" 4086
"F:/Nijimori/PJ_1_Unreal/PJ_1/Content/Fab/Door_with_handle/scene/Textures/DOOR_001_normal.ubulk" 4087
"F:/Nijimori/PJ_1_Unreal/PJ_1/Content/Fab/Door_with_handle/scene/Textures/DOOR_001_normal.uasset" 4088
"F:/Nijimori/PJ_1_Unreal/PJ_1/Content/Fab/Door_with_handle/scene/Textures/DOOR_001_normal.uexp" 4089
"F:/Nijimori/PJ_1_Unreal/PJ_1/Content/Fab/Door_with_handle/scene/Textures/DOOR_001_metallicRoughness.ubulk" 4090
"F:/Nijimori/PJ_1_Unreal/PJ_1/Content/Fab/Door_with_handle/scene/Textures/DOOR_001_metallicRoughness.uasset" 4091
"F:/Nijimori/PJ_1_Unreal/PJ_1/Content/Fab/Door_with_handle/scene/Textures/DOOR_001_metallicRoughness.uexp" 4092
"F:/Nijimori/PJ_1_Unreal/PJ_1/Content/Fab/Door_with_handle/scene/Textures/DOOR_001_baseColor.ubulk" 4093
"F:/Nijimori/PJ_1_Unreal/PJ_1/Content/Fab/Door_with_handle/scene/Textures/DOOR_001_baseColor.uasset" 4094
"F:/Nijimori/PJ_1_Unreal/PJ_1/Content/Fab/Door_with_handle/scene/Textures/DOOR_001_baseColor.uexp" 4095
"F:/Nijimori/PJ_1_Unreal/PJ_1/Content/Fab/Door_with_handle/scene/Materials/DOOR_001.uasset" 4096
"F:/Nijimori/PJ_1_Unreal/PJ_1/Content/Fab/Door_with_handle/scene/Materials/DOOR_001.uexp" 4097
"F:/Nijimori/PJ_1_Unreal/PJ_1/Content/Fab/Door_with_handle/scene/Textures/cadre_normal.ubulk" 4098
"F:/Nijimori/PJ_1_Unreal/PJ_1/Content/Fab/Door_with_handle/scene/Textures/cadre_normal.uasset" 4099
"F:/Nijimori/PJ_1_Unreal/PJ_1/Content/Fab/Door_with_handle/scene/Textures/cadre_normal.uexp" 4100
"F:/Nijimori/PJ_1_Unreal/PJ_1/Content/Fab/Door_with_handle/scene/Textures/cadre_metallicRoughness.ubulk" 4101
"F:/Nijimori/PJ_1_Unreal/PJ_1/Content/Fab/Door_with_handle/scene/Textures/cadre_metallicRoughness.uasset" 4102
"F:/Nijimori/PJ_1_Unreal/PJ_1/Content/Fab/Door_with_handle/scene/Textures/cadre_metallicRoughness.uexp" 4103
"F:/Nijimori/PJ_1_Unreal/PJ_1/Content/Fab/Door_with_handle/scene/Textures/cadre_baseColor.ubulk" 4104
"F:/Nijimori/PJ_1_Unreal/PJ_1/Content/Fab/Door_with_handle/scene/Textures/cadre_baseColor.uasset" 4105
"F:/Nijimori/PJ_1_Unreal/PJ_1/Content/Fab/Door_with_handle/scene/Textures/cadre_baseColor.uexp" 4106
"F:/Nijimori/PJ_1_Unreal/PJ_1/Content/Fab/Door_with_handle/scene/Materials/cadre.uasset" 4107
"F:/Nijimori/PJ_1_Unreal/PJ_1/Content/Fab/Door_with_handle/scene/Materials/cadre.uexp" 4108
"F:/Nijimori/PJ_1_Unreal/PJ_1/Content/Fab/Door_with_handle/scene/StaticMeshes/scene.ubulk" 4109
"F:/Nijimori/PJ_1_Unreal/PJ_1/Content/Fab/Door_with_handle/scene/StaticMeshes/scene.uasset" 4110
"F:/Nijimori/PJ_1_Unreal/PJ_1/Content/Fab/Door_with_handle/scene/StaticMeshes/scene.uexp" 4111
"F:/Nijimori/PJ_1_Unreal/PJ_1/Content/FBX/building_wall/building_wall_wood_OcclusionRoughnessMetallic.ubulk" 4112
"F:/Nijimori/PJ_1_Unreal/PJ_1/Content/FBX/building_wall/building_wall_wood_OcclusionRoughnessMetallic.uasset" 4113
"F:/Nijimori/PJ_1_Unreal/PJ_1/Content/FBX/building_wall/building_wall_wood_OcclusionRoughnessMetallic.uexp" 4114
"F:/Nijimori/PJ_1_Unreal/PJ_1/Content/FBX/building_wall/building_wall_wood_Normal.ubulk" 4115
"F:/Nijimori/PJ_1_Unreal/PJ_1/Content/FBX/building_wall/building_wall_wood_Normal.uasset" 4116
"F:/Nijimori/PJ_1_Unreal/PJ_1/Content/FBX/building_wall/building_wall_wood_Normal.uexp" 4117
"F:/Nijimori/PJ_1_Unreal/PJ_1/Content/FBX/building_wall/building_wall_wood_BaseColor.ubulk" 4118
"F:/Nijimori/PJ_1_Unreal/PJ_1/Content/FBX/building_wall/building_wall_wood_BaseColor.uasset" 4119
"F:/Nijimori/PJ_1_Unreal/PJ_1/Content/FBX/building_wall/building_wall_wood_BaseColor.uexp" 4120
"F:/Nijimori/PJ_1_Unreal/PJ_1/Content/FBX/building_wall/building_wall_wood_BaseColor_Mat.uasset" 4121
"F:/Nijimori/PJ_1_Unreal/PJ_1/Content/FBX/building_wall/building_wall_wood_BaseColor_Mat.uexp" 4122
"F:/Nijimori/PJ_1_Unreal/PJ_1/Content/Fab/stone_LayerInfo.uasset" 4123
"F:/Nijimori/PJ_1_Unreal/PJ_1/Content/Fab/stone_LayerInfo.uexp" 4124
"F:/Nijimori/PJ_1_Unreal/PJ_1/Content/Fab/forest_LayerInfo.uasset" 4125
"F:/Nijimori/PJ_1_Unreal/PJ_1/Content/Fab/forest_LayerInfo.uexp" 4126
"F:/Nijimori/PJ_1_Unreal/PJ_1/Content/Fab/dirt_LayerInfo.uasset" 4127
"F:/Nijimori/PJ_1_Unreal/PJ_1/Content/Fab/dirt_LayerInfo.uexp" 4128
"F:/Nijimori/PJ_1_Unreal/PJ_1/Content/Fab/Megascans/Surfaces/Asphalt_Fresh_sfrofg0a/asphalt_LayerInfo.uasset" 4129
"F:/Nijimori/PJ_1_Unreal/PJ_1/Content/Fab/Megascans/Surfaces/Asphalt_Fresh_sfrofg0a/asphalt_LayerInfo.uexp" 4130
"F:/Nijimori/PJ_1_Unreal/PJ_1/Content/Fab/Megascans/Surfaces/Construction_Gravel_vl0mfbllw/Low/vl0mfbllw_tier_3/Textures/T_vl0mfbllw_1K_ORM.ubulk" 4131
"F:/Nijimori/PJ_1_Unreal/PJ_1/Content/Fab/Megascans/Surfaces/Construction_Gravel_vl0mfbllw/Low/vl0mfbllw_tier_3/Textures/T_vl0mfbllw_1K_ORM.uasset" 4132
"F:/Nijimori/PJ_1_Unreal/PJ_1/Content/Fab/Megascans/Surfaces/Construction_Gravel_vl0mfbllw/Low/vl0mfbllw_tier_3/Textures/T_vl0mfbllw_1K_ORM.uexp" 4133
"F:/Nijimori/PJ_1_Unreal/PJ_1/Content/Fab/Megascans/Surfaces/Construction_Gravel_vl0mfbllw/Low/vl0mfbllw_tier_3/Textures/T_vl0mfbllw_1K_N.ubulk" 4134
"F:/Nijimori/PJ_1_Unreal/PJ_1/Content/Fab/Megascans/Surfaces/Construction_Gravel_vl0mfbllw/Low/vl0mfbllw_tier_3/Textures/T_vl0mfbllw_1K_N.uasset" 4135
"F:/Nijimori/PJ_1_Unreal/PJ_1/Content/Fab/Megascans/Surfaces/Construction_Gravel_vl0mfbllw/Low/vl0mfbllw_tier_3/Textures/T_vl0mfbllw_1K_N.uexp" 4136
"F:/Nijimori/PJ_1_Unreal/PJ_1/Content/Fab/Megascans/Surfaces/Construction_Gravel_vl0mfbllw/Low/vl0mfbllw_tier_3/Textures/T_vl0mfbllw_1K_B.ubulk" 4137
"F:/Nijimori/PJ_1_Unreal/PJ_1/Content/Fab/Megascans/Surfaces/Construction_Gravel_vl0mfbllw/Low/vl0mfbllw_tier_3/Textures/T_vl0mfbllw_1K_B.uasset" 4138
"F:/Nijimori/PJ_1_Unreal/PJ_1/Content/Fab/Megascans/Surfaces/Construction_Gravel_vl0mfbllw/Low/vl0mfbllw_tier_3/Textures/T_vl0mfbllw_1K_B.uexp" 4139
"F:/Nijimori/PJ_1_Unreal/PJ_1/Content/Fab/Megascans/Surfaces/Construction_Gravel_vl0mfbllw/Low/vl0mfbllw_tier_3/Textures/T_vl0mfbllw_1K_B_Mat.uasset" 4140
"F:/Nijimori/PJ_1_Unreal/PJ_1/Content/Fab/Megascans/Surfaces/Construction_Gravel_vl0mfbllw/Low/vl0mfbllw_tier_3/Textures/T_vl0mfbllw_1K_B_Mat.uexp" 4141
"F:/Nijimori/PJ_1_Unreal/PJ_1/Content/Fab/Megascans/Surfaces/Construction_Gravel_vl0mfbllw/Low/vl0mfbllw_tier_3/Textures/T_vl0mfbllw_1K_B_Mat_Inst.uasset" 4142
"F:/Nijimori/PJ_1_Unreal/PJ_1/Content/Fab/Megascans/Surfaces/Construction_Gravel_vl0mfbllw/Low/vl0mfbllw_tier_3/Textures/T_vl0mfbllw_1K_B_Mat_Inst.uexp" 4143
"F:/Nijimori/PJ_1_Unreal/PJ_1/Content/FBX/wood_b/wood_b_red_OcclusionRoughnessMetallic.ubulk" 4144
"F:/Nijimori/PJ_1_Unreal/PJ_1/Content/FBX/wood_b/wood_b_red_OcclusionRoughnessMetallic.uasset" 4145
"F:/Nijimori/PJ_1_Unreal/PJ_1/Content/FBX/wood_b/wood_b_red_OcclusionRoughnessMetallic.uexp" 4146
"F:/Nijimori/PJ_1_Unreal/PJ_1/Content/FBX/wood_b/wood_b_red_Normal.ubulk" 4147
"F:/Nijimori/PJ_1_Unreal/PJ_1/Content/FBX/wood_b/wood_b_red_Normal.uasset" 4148
"F:/Nijimori/PJ_1_Unreal/PJ_1/Content/FBX/wood_b/wood_b_red_Normal.uexp" 4149
"F:/Nijimori/PJ_1_Unreal/PJ_1/Content/FBX/wood_b/wood_b_red_BaseColor.ubulk" 4150
"F:/Nijimori/PJ_1_Unreal/PJ_1/Content/FBX/wood_b/wood_b_red_BaseColor.uasset" 4151
"F:/Nijimori/PJ_1_Unreal/PJ_1/Content/FBX/wood_b/wood_b_red_BaseColor.uexp" 4152
"F:/Nijimori/PJ_1_Unreal/PJ_1/Content/FBX/wood_b/wood_b_red_BaseColor_Mat.uasset" 4153
"F:/Nijimori/PJ_1_Unreal/PJ_1/Content/FBX/wood_b/wood_b_red_BaseColor_Mat.uexp" 4154
"F:/Nijimori/PJ_1_Unreal/PJ_1/Content/FBX/building_wall/opa_80.uasset" 4155
"F:/Nijimori/PJ_1_Unreal/PJ_1/Content/FBX/building_wall/opa_80.uexp" 4156
"F:/Nijimori/PJ_1_Unreal/PJ_1/Content/FBX/rkr4/rkr4_1001_OcclusionRoughnessMetallic.ubulk" 4157
"F:/Nijimori/PJ_1_Unreal/PJ_1/Content/FBX/rkr4/rkr4_1001_OcclusionRoughnessMetallic.uasset" 4158
"F:/Nijimori/PJ_1_Unreal/PJ_1/Content/FBX/rkr4/rkr4_1001_OcclusionRoughnessMetallic.uexp" 4159
"F:/Nijimori/PJ_1_Unreal/PJ_1/Content/FBX/rkr4/rkr4_1001_Normal.ubulk" 4160
"F:/Nijimori/PJ_1_Unreal/PJ_1/Content/FBX/rkr4/rkr4_1001_Normal.uasset" 4161
"F:/Nijimori/PJ_1_Unreal/PJ_1/Content/FBX/rkr4/rkr4_1001_Normal.uexp" 4162
"F:/Nijimori/PJ_1_Unreal/PJ_1/Content/FBX/rkr4/rkr4_1001_BaseColor.ubulk" 4163
"F:/Nijimori/PJ_1_Unreal/PJ_1/Content/FBX/rkr4/rkr4_1001_BaseColor.uasset" 4164
"F:/Nijimori/PJ_1_Unreal/PJ_1/Content/FBX/rkr4/rkr4_1001_BaseColor.uexp" 4165
"F:/Nijimori/PJ_1_Unreal/PJ_1/Content/FBX/rkr4/rkr4_1001_BaseColor_Mat.uasset" 4166
"F:/Nijimori/PJ_1_Unreal/PJ_1/Content/FBX/rkr4/rkr4_1001_BaseColor_Mat.uexp" 4167
"F:/Nijimori/PJ_1_Unreal/PJ_1/Content/FBX/fence/fence_low_1001_OcclusionRoughnessMetallic.ubulk" 4168
"F:/Nijimori/PJ_1_Unreal/PJ_1/Content/FBX/fence/fence_low_1001_OcclusionRoughnessMetallic.uasset" 4169
"F:/Nijimori/PJ_1_Unreal/PJ_1/Content/FBX/fence/fence_low_1001_OcclusionRoughnessMetallic.uexp" 4170
"F:/Nijimori/PJ_1_Unreal/PJ_1/Content/FBX/fence/fence_low_1001_Normal.ubulk" 4171
"F:/Nijimori/PJ_1_Unreal/PJ_1/Content/FBX/fence/fence_low_1001_Normal.uasset" 4172
"F:/Nijimori/PJ_1_Unreal/PJ_1/Content/FBX/fence/fence_low_1001_Normal.uexp" 4173
"F:/Nijimori/PJ_1_Unreal/PJ_1/Content/FBX/fence/fence_low_1001_BaseColor.ubulk" 4174
"F:/Nijimori/PJ_1_Unreal/PJ_1/Content/FBX/fence/fence_low_1001_BaseColor.uasset" 4175
"F:/Nijimori/PJ_1_Unreal/PJ_1/Content/FBX/fence/fence_low_1001_BaseColor.uexp" 4176
"F:/Nijimori/PJ_1_Unreal/PJ_1/Content/FBX/fence/fence_low_1001_BaseColor_Mat.uasset" 4177
"F:/Nijimori/PJ_1_Unreal/PJ_1/Content/FBX/fence/fence_low_1001_BaseColor_Mat.uexp" 4178
"F:/Nijimori/PJ_1_Unreal/PJ_1/Content/FBX/building_wall/straw/building_wall_straw_OcclusionRoughnessMetallic.ubulk" 4179
"F:/Nijimori/PJ_1_Unreal/PJ_1/Content/FBX/building_wall/straw/building_wall_straw_OcclusionRoughnessMetallic.uasset" 4180
"F:/Nijimori/PJ_1_Unreal/PJ_1/Content/FBX/building_wall/straw/building_wall_straw_OcclusionRoughnessMetallic.uexp" 4181
"F:/Nijimori/PJ_1_Unreal/PJ_1/Content/FBX/building_wall/straw/building_wall_straw_Normal.ubulk" 4182
"F:/Nijimori/PJ_1_Unreal/PJ_1/Content/FBX/building_wall/straw/building_wall_straw_Normal.uasset" 4183
"F:/Nijimori/PJ_1_Unreal/PJ_1/Content/FBX/building_wall/straw/building_wall_straw_Normal.uexp" 4184
"F:/Nijimori/PJ_1_Unreal/PJ_1/Content/FBX/building_wall/straw/building_wall_straw_BaseColor.ubulk" 4185
"F:/Nijimori/PJ_1_Unreal/PJ_1/Content/FBX/building_wall/straw/building_wall_straw_BaseColor.uasset" 4186
"F:/Nijimori/PJ_1_Unreal/PJ_1/Content/FBX/building_wall/straw/building_wall_straw_BaseColor.uexp" 4187
"F:/Nijimori/PJ_1_Unreal/PJ_1/Content/FBX/building_wall/straw/building_wall_straw_BaseColor_Mat.uasset" 4188
"F:/Nijimori/PJ_1_Unreal/PJ_1/Content/FBX/building_wall/straw/building_wall_straw_BaseColor_Mat.uexp" 4189
"F:/Nijimori/PJ_1_Unreal/PJ_1/Content/FBX/box/box_1001_OcclusionRoughnessMetallic.ubulk" 4190
"F:/Nijimori/PJ_1_Unreal/PJ_1/Content/FBX/box/box_1001_OcclusionRoughnessMetallic.uasset" 4191
"F:/Nijimori/PJ_1_Unreal/PJ_1/Content/FBX/box/box_1001_OcclusionRoughnessMetallic.uexp" 4192
"F:/Nijimori/PJ_1_Unreal/PJ_1/Content/FBX/box/box_1001_Normal.ubulk" 4193
"F:/Nijimori/PJ_1_Unreal/PJ_1/Content/FBX/box/box_1001_Normal.uasset" 4194
"F:/Nijimori/PJ_1_Unreal/PJ_1/Content/FBX/box/box_1001_Normal.uexp" 4195
"F:/Nijimori/PJ_1_Unreal/PJ_1/Content/FBX/box/box_1001_BaseColor.ubulk" 4196
"F:/Nijimori/PJ_1_Unreal/PJ_1/Content/FBX/box/box_1001_BaseColor.uasset" 4197
"F:/Nijimori/PJ_1_Unreal/PJ_1/Content/FBX/box/box_1001_BaseColor.uexp" 4198
"F:/Nijimori/PJ_1_Unreal/PJ_1/Content/FBX/box/box_1001_BaseColor_Mat.uasset" 4199
"F:/Nijimori/PJ_1_Unreal/PJ_1/Content/FBX/box/box_1001_BaseColor_Mat.uexp" 4200
"F:/Nijimori/PJ_1_Unreal/PJ_1/Content/FBX/torii/torii_lambert1_OcclusionRoughnessMetallic.ubulk" 4201
"F:/Nijimori/PJ_1_Unreal/PJ_1/Content/FBX/torii/torii_lambert1_OcclusionRoughnessMetallic.uasset" 4202
"F:/Nijimori/PJ_1_Unreal/PJ_1/Content/FBX/torii/torii_lambert1_OcclusionRoughnessMetallic.uexp" 4203
"F:/Nijimori/PJ_1_Unreal/PJ_1/Content/FBX/torii/torii_lambert1_Normal.ubulk" 4204
"F:/Nijimori/PJ_1_Unreal/PJ_1/Content/FBX/torii/torii_lambert1_Normal.uasset" 4205
"F:/Nijimori/PJ_1_Unreal/PJ_1/Content/FBX/torii/torii_lambert1_Normal.uexp" 4206
"F:/Nijimori/PJ_1_Unreal/PJ_1/Content/FBX/torii/torii_lambert1_BaseColor.ubulk" 4207
"F:/Nijimori/PJ_1_Unreal/PJ_1/Content/FBX/torii/torii_lambert1_BaseColor.uasset" 4208
"F:/Nijimori/PJ_1_Unreal/PJ_1/Content/FBX/torii/torii_lambert1_BaseColor.uexp" 4209
"F:/Nijimori/PJ_1_Unreal/PJ_1/Content/FBX/torii/torii_lambert1_BaseColor_Mat.uasset" 4210
"F:/Nijimori/PJ_1_Unreal/PJ_1/Content/FBX/torii/torii_lambert1_BaseColor_Mat.uexp" 4211
"F:/Nijimori/PJ_1_Unreal/PJ_1/Content/FBX/torii/lambert1.uasset" 4212
"F:/Nijimori/PJ_1_Unreal/PJ_1/Content/FBX/torii/lambert1.uexp" 4213
"F:/Nijimori/PJ_1_Unreal/PJ_1/Content/FBX/torii/torii.ubulk" 4214
"F:/Nijimori/PJ_1_Unreal/PJ_1/Content/FBX/torii/torii.uasset" 4215
"F:/Nijimori/PJ_1_Unreal/PJ_1/Content/FBX/torii/torii.uexp" 4216
"F:/Nijimori/PJ_1_Unreal/PJ_1/Content/FBX/rkr4/lambert1.uasset" 4217
"F:/Nijimori/PJ_1_Unreal/PJ_1/Content/FBX/rkr4/lambert1.uexp" 4218
"F:/Nijimori/PJ_1_Unreal/PJ_1/Content/FBX/rkr4/rkr4.ubulk" 4219
"F:/Nijimori/PJ_1_Unreal/PJ_1/Content/FBX/rkr4/rkr4.uasset" 4220
"F:/Nijimori/PJ_1_Unreal/PJ_1/Content/FBX/rkr4/rkr4.uexp" 4221
"F:/Nijimori/PJ_1_Unreal/PJ_1/Content/FBX/fence/lambert1.uasset" 4222
"F:/Nijimori/PJ_1_Unreal/PJ_1/Content/FBX/fence/lambert1.uexp" 4223
"F:/Nijimori/PJ_1_Unreal/PJ_1/Content/FBX/fence/fence_low.ubulk" 4224
"F:/Nijimori/PJ_1_Unreal/PJ_1/Content/FBX/fence/fence_low.uasset" 4225
"F:/Nijimori/PJ_1_Unreal/PJ_1/Content/FBX/fence/fence_low.uexp" 4226
"F:/Nijimori/PJ_1_Unreal/PJ_1/Content/FBX/box/lambert1.uasset" 4227
"F:/Nijimori/PJ_1_Unreal/PJ_1/Content/FBX/box/lambert1.uexp" 4228
"F:/Nijimori/PJ_1_Unreal/PJ_1/Content/FBX/box/box.ubulk" 4229
"F:/Nijimori/PJ_1_Unreal/PJ_1/Content/FBX/box/box.uasset" 4230
"F:/Nijimori/PJ_1_Unreal/PJ_1/Content/FBX/box/box.uexp" 4231
"F:/Nijimori/PJ_1_Unreal/PJ_1/Content/Fab/Megascans/Surfaces/Asphalt_Fresh_sfrofg0a/Low/sfrofg0a_tier_3/Textures/T_sfrofg0a_1K_ORM.ubulk" 4232
"F:/Nijimori/PJ_1_Unreal/PJ_1/Content/Fab/Megascans/Surfaces/Asphalt_Fresh_sfrofg0a/Low/sfrofg0a_tier_3/Textures/T_sfrofg0a_1K_ORM.uasset" 4233
"F:/Nijimori/PJ_1_Unreal/PJ_1/Content/Fab/Megascans/Surfaces/Asphalt_Fresh_sfrofg0a/Low/sfrofg0a_tier_3/Textures/T_sfrofg0a_1K_ORM.uexp" 4234
"F:/Nijimori/PJ_1_Unreal/PJ_1/Content/Fab/Megascans/Surfaces/Asphalt_Fresh_sfrofg0a/Low/sfrofg0a_tier_3/Textures/T_sfrofg0a_1K_N.ubulk" 4235
"F:/Nijimori/PJ_1_Unreal/PJ_1/Content/Fab/Megascans/Surfaces/Asphalt_Fresh_sfrofg0a/Low/sfrofg0a_tier_3/Textures/T_sfrofg0a_1K_N.uasset" 4236
"F:/Nijimori/PJ_1_Unreal/PJ_1/Content/Fab/Megascans/Surfaces/Asphalt_Fresh_sfrofg0a/Low/sfrofg0a_tier_3/Textures/T_sfrofg0a_1K_N.uexp" 4237
"F:/Nijimori/PJ_1_Unreal/PJ_1/Content/Fab/Megascans/Surfaces/Asphalt_Fresh_sfrofg0a/Low/sfrofg0a_tier_3/Textures/T_sfrofg0a_1K_B.ubulk" 4238
"F:/Nijimori/PJ_1_Unreal/PJ_1/Content/Fab/Megascans/Surfaces/Asphalt_Fresh_sfrofg0a/Low/sfrofg0a_tier_3/Textures/T_sfrofg0a_1K_B.uasset" 4239
"F:/Nijimori/PJ_1_Unreal/PJ_1/Content/Fab/Megascans/Surfaces/Asphalt_Fresh_sfrofg0a/Low/sfrofg0a_tier_3/Textures/T_sfrofg0a_1K_B.uexp" 4240
"F:/Nijimori/PJ_1_Unreal/PJ_1/Content/Fab/Megascans/Surfaces/Forest_Floor_vktfeilaw/Low/vktfeilaw_tier_3/Textures/T_vktfeilaw_1K_ORM.ubulk" 4241
"F:/Nijimori/PJ_1_Unreal/PJ_1/Content/Fab/Megascans/Surfaces/Forest_Floor_vktfeilaw/Low/vktfeilaw_tier_3/Textures/T_vktfeilaw_1K_ORM.uasset" 4242
"F:/Nijimori/PJ_1_Unreal/PJ_1/Content/Fab/Megascans/Surfaces/Forest_Floor_vktfeilaw/Low/vktfeilaw_tier_3/Textures/T_vktfeilaw_1K_ORM.uexp" 4243
"F:/Nijimori/PJ_1_Unreal/PJ_1/Content/Fab/Megascans/Surfaces/Forest_Floor_vktfeilaw/Low/vktfeilaw_tier_3/Textures/T_vktfeilaw_1K_N.ubulk" 4244
"F:/Nijimori/PJ_1_Unreal/PJ_1/Content/Fab/Megascans/Surfaces/Forest_Floor_vktfeilaw/Low/vktfeilaw_tier_3/Textures/T_vktfeilaw_1K_N.uasset" 4245
"F:/Nijimori/PJ_1_Unreal/PJ_1/Content/Fab/Megascans/Surfaces/Forest_Floor_vktfeilaw/Low/vktfeilaw_tier_3/Textures/T_vktfeilaw_1K_N.uexp" 4246
"F:/Nijimori/PJ_1_Unreal/PJ_1/Content/Fab/Megascans/Surfaces/Forest_Floor_vktfeilaw/Low/vktfeilaw_tier_3/Textures/T_vktfeilaw_1K_B.ubulk" 4247
"F:/Nijimori/PJ_1_Unreal/PJ_1/Content/Fab/Megascans/Surfaces/Forest_Floor_vktfeilaw/Low/vktfeilaw_tier_3/Textures/T_vktfeilaw_1K_B.uasset" 4248
"F:/Nijimori/PJ_1_Unreal/PJ_1/Content/Fab/Megascans/Surfaces/Forest_Floor_vktfeilaw/Low/vktfeilaw_tier_3/Textures/T_vktfeilaw_1K_B.uexp" 4249
"F:/Nijimori/PJ_1_Unreal/PJ_1/Content/Fab/Megascans/Surfaces/Dirt_Ground_xdhhdgq/Low/xdhhdgq_tier_3/Textures/T_xdhhdgq_1K_ORM.ubulk" 4250
"F:/Nijimori/PJ_1_Unreal/PJ_1/Content/Fab/Megascans/Surfaces/Dirt_Ground_xdhhdgq/Low/xdhhdgq_tier_3/Textures/T_xdhhdgq_1K_ORM.uasset" 4251
"F:/Nijimori/PJ_1_Unreal/PJ_1/Content/Fab/Megascans/Surfaces/Dirt_Ground_xdhhdgq/Low/xdhhdgq_tier_3/Textures/T_xdhhdgq_1K_ORM.uexp" 4252
"F:/Nijimori/PJ_1_Unreal/PJ_1/Content/Fab/Megascans/Surfaces/Dirt_Ground_xdhhdgq/Low/xdhhdgq_tier_3/Textures/T_xdhhdgq_1K_N.ubulk" 4253
"F:/Nijimori/PJ_1_Unreal/PJ_1/Content/Fab/Megascans/Surfaces/Dirt_Ground_xdhhdgq/Low/xdhhdgq_tier_3/Textures/T_xdhhdgq_1K_N.uasset" 4254
"F:/Nijimori/PJ_1_Unreal/PJ_1/Content/Fab/Megascans/Surfaces/Dirt_Ground_xdhhdgq/Low/xdhhdgq_tier_3/Textures/T_xdhhdgq_1K_N.uexp" 4255
"F:/Nijimori/PJ_1_Unreal/PJ_1/Content/Fab/Megascans/Surfaces/Dirt_Ground_xdhhdgq/Low/xdhhdgq_tier_3/Textures/T_xdhhdgq_1K_B.ubulk" 4256
"F:/Nijimori/PJ_1_Unreal/PJ_1/Content/Fab/Megascans/Surfaces/Dirt_Ground_xdhhdgq/Low/xdhhdgq_tier_3/Textures/T_xdhhdgq_1K_B.uasset" 4257
"F:/Nijimori/PJ_1_Unreal/PJ_1/Content/Fab/Megascans/Surfaces/Dirt_Ground_xdhhdgq/Low/xdhhdgq_tier_3/Textures/T_xdhhdgq_1K_B.uexp" 4258
"../../../Engine/Content/EngineMaterials/WeightMapPlaceholderTexture.uasset" 4259
"../../../Engine/Content/EngineMaterials/WeightMapPlaceholderTexture.uexp" 4260
"../../../Engine/Content/EngineMaterials/WeightMapArrayPlaceholderTexture.uasset" 4261
"../../../Engine/Content/EngineMaterials/WeightMapArrayPlaceholderTexture.uexp" 4262
"F:/Nijimori/PJ_1_Unreal/PJ_1/Content/land.uasset" 4263
"F:/Nijimori/PJ_1_Unreal/PJ_1/Content/land.uexp" 4264
"F:/Nijimori/PJ_1_Unreal/PJ_1/Content/land_Inst.uasset" 4265
"F:/Nijimori/PJ_1_Unreal/PJ_1/Content/land_Inst.uexp" 4266
"F:/Nijimori/PJ_1_Unreal/PJ_1/Content/BP_Player.uasset" 4267
"F:/Nijimori/PJ_1_Unreal/PJ_1/Content/BP_Player.uexp" 4268
"F:/Nijimori/PJ_1_Unreal/PJ_1/Content/Rain_Forest/Textures/Vegetations/T_MapleBranch01_SRM.ubulk" 4269
"F:/Nijimori/PJ_1_Unreal/PJ_1/Content/Rain_Forest/Textures/Vegetations/T_MapleBranch01_SRM.uasset" 4270
"F:/Nijimori/PJ_1_Unreal/PJ_1/Content/Rain_Forest/Textures/Vegetations/T_MapleBranch01_SRM.uexp" 4271
"F:/Nijimori/PJ_1_Unreal/PJ_1/Content/Rain_Forest/Textures/Vegetations/T_MapleBranch01_N.ubulk" 4272
"F:/Nijimori/PJ_1_Unreal/PJ_1/Content/Rain_Forest/Textures/Vegetations/T_MapleBranch01_N.uasset" 4273
"F:/Nijimori/PJ_1_Unreal/PJ_1/Content/Rain_Forest/Textures/Vegetations/T_MapleBranch01_N.uexp" 4274
"F:/Nijimori/PJ_1_Unreal/PJ_1/Content/Rain_Forest/Textures/Vegetations/T_MapleBranch01_D.uasset" 4275
"F:/Nijimori/PJ_1_Unreal/PJ_1/Content/Rain_Forest/Textures/Vegetations/T_MapleBranch01_D.uexp" 4276
"F:/Nijimori/PJ_1_Unreal/PJ_1/Content/Rain_Forest/Textures/Landscape/RVT_Mat.uasset" 4277
"F:/Nijimori/PJ_1_Unreal/PJ_1/Content/Rain_Forest/Textures/Landscape/RVT_Mat.uexp" 4278
"F:/Nijimori/PJ_1_Unreal/PJ_1/Content/Rain_Forest/Textures/Landscape/RVT_Height.uasset" 4279
"F:/Nijimori/PJ_1_Unreal/PJ_1/Content/Rain_Forest/Textures/Landscape/RVT_Height.uexp" 4280
"F:/Nijimori/PJ_1_Unreal/PJ_1/Content/Rain_Forest/Materials/BaseMaterial/Textures/T_NoiseMask_RGB.ubulk" 4281
"F:/Nijimori/PJ_1_Unreal/PJ_1/Content/Rain_Forest/Materials/BaseMaterial/Textures/T_NoiseMask_RGB.uasset" 4282
"F:/Nijimori/PJ_1_Unreal/PJ_1/Content/Rain_Forest/Materials/BaseMaterial/Textures/T_NoiseMask_RGB.uexp" 4283
"F:/Nijimori/PJ_1_Unreal/PJ_1/Content/Rain_Forest/Textures/BaseTextures/T_MASK1.ubulk" 4284
"F:/Nijimori/PJ_1_Unreal/PJ_1/Content/Rain_Forest/Textures/BaseTextures/T_MASK1.uasset" 4285
"F:/Nijimori/PJ_1_Unreal/PJ_1/Content/Rain_Forest/Textures/BaseTextures/T_MASK1.uexp" 4286
"F:/Nijimori/PJ_1_Unreal/PJ_1/Content/Rain_Forest/Textures/BaseTextures/T_B_N.uasset" 4287
"F:/Nijimori/PJ_1_Unreal/PJ_1/Content/Rain_Forest/Textures/BaseTextures/T_B_N.uexp" 4288
"F:/Nijimori/PJ_1_Unreal/PJ_1/Content/Rain_Forest/Textures/BaseTextures/T_BW_D.uasset" 4289
"F:/Nijimori/PJ_1_Unreal/PJ_1/Content/Rain_Forest/Textures/BaseTextures/T_BW_D.uexp" 4290
"F:/Nijimori/PJ_1_Unreal/PJ_1/Content/Rain_Forest/Textures/BaseTextures/T_BG_D.uasset" 4291
"F:/Nijimori/PJ_1_Unreal/PJ_1/Content/Rain_Forest/Textures/BaseTextures/T_BG_D.uexp" 4292
"../../../Engine/Content/EngineDebugMaterials/HeatmapGradient.ubulk" 4293
"../../../Engine/Content/EngineDebugMaterials/HeatmapGradient.uasset" 4294
"../../../Engine/Content/EngineDebugMaterials/HeatmapGradient.uexp" 4295
"../../../Engine/Content/Functions/Engine_MaterialFunctions01/ImageAdjustment/CheapContrast_RGB.uasset" 4296
"../../../Engine/Content/Functions/Engine_MaterialFunctions01/ImageAdjustment/CheapContrast_RGB.uexp" 4297
"../../../Engine/Content/Functions/Engine_MaterialFunctions02/Utility/DitherTemporalAA.uasset" 4298
"../../../Engine/Content/Functions/Engine_MaterialFunctions02/Utility/DitherTemporalAA.uexp" 4299
"../../../Engine/Content/Functions/Engine_MaterialFunctions01/ImageAdjustment/BlurSampleOffsets.uasset" 4300
"../../../Engine/Content/Functions/Engine_MaterialFunctions01/ImageAdjustment/BlurSampleOffsets.uexp" 4301
"../../../Engine/Content/Functions/Engine_MaterialFunctions01/Vectors/RotateVector.uasset" 4302
"../../../Engine/Content/Functions/Engine_MaterialFunctions01/Vectors/RotateVector.uexp" 4303
"F:/Nijimori/PJ_1_Unreal/PJ_1/Content/Rain_Forest/Materials/BaseMaterial/MaterialFunction/MF_Wind.uasset" 4304
"F:/Nijimori/PJ_1_Unreal/PJ_1/Content/Rain_Forest/Materials/BaseMaterial/MaterialFunction/MF_Wind.uexp" 4305
"F:/Nijimori/PJ_1_Unreal/PJ_1/Content/Rain_Forest/Materials/BaseMaterial/MaterialFunction/MF_VTGroundBlend.uasset" 4306
"F:/Nijimori/PJ_1_Unreal/PJ_1/Content/Rain_Forest/Materials/BaseMaterial/MaterialFunction/MF_VTGroundBlend.uexp" 4307
"F:/Nijimori/PJ_1_Unreal/PJ_1/Content/Rain_Forest/Materials/BaseMaterial/M_Vegetations.uasset" 4308
"F:/Nijimori/PJ_1_Unreal/PJ_1/Content/Rain_Forest/Materials/BaseMaterial/M_Vegetations.uexp" 4309
"F:/Nijimori/PJ_1_Unreal/PJ_1/Content/Rain_Forest/Materials/Vegetations/MI_TreeMaster.uasset" 4310
"F:/Nijimori/PJ_1_Unreal/PJ_1/Content/Rain_Forest/Materials/Vegetations/MI_TreeMaster.uexp" 4311
"F:/Nijimori/PJ_1_Unreal/PJ_1/Content/Rain_Forest/Materials/Vegetations/MI_MapleBranch01.uasset" 4312
"F:/Nijimori/PJ_1_Unreal/PJ_1/Content/Rain_Forest/Materials/Vegetations/MI_MapleBranch01.uexp" 4313
"F:/Nijimori/PJ_1_Unreal/PJ_1/Content/Rain_Forest/Textures/Vegetations/T_TreeBark01_SRM.ubulk" 4314
"F:/Nijimori/PJ_1_Unreal/PJ_1/Content/Rain_Forest/Textures/Vegetations/T_TreeBark01_SRM.uasset" 4315
"F:/Nijimori/PJ_1_Unreal/PJ_1/Content/Rain_Forest/Textures/Vegetations/T_TreeBark01_SRM.uexp" 4316
"F:/Nijimori/PJ_1_Unreal/PJ_1/Content/Rain_Forest/Textures/Vegetations/T_TreeBark01_N.ubulk" 4317
"F:/Nijimori/PJ_1_Unreal/PJ_1/Content/Rain_Forest/Textures/Vegetations/T_TreeBark01_N.uasset" 4318
"F:/Nijimori/PJ_1_Unreal/PJ_1/Content/Rain_Forest/Textures/Vegetations/T_TreeBark01_N.uexp" 4319
"F:/Nijimori/PJ_1_Unreal/PJ_1/Content/Rain_Forest/Textures/Vegetations/T_TreeBark01_D.ubulk" 4320
"F:/Nijimori/PJ_1_Unreal/PJ_1/Content/Rain_Forest/Textures/Vegetations/T_TreeBark01_D.uasset" 4321
"F:/Nijimori/PJ_1_Unreal/PJ_1/Content/Rain_Forest/Textures/Vegetations/T_TreeBark01_D.uexp" 4322
"F:/Nijimori/PJ_1_Unreal/PJ_1/Content/Rain_Forest/Materials/Vegetations/MI_TreeBark01.uasset" 4323
"F:/Nijimori/PJ_1_Unreal/PJ_1/Content/Rain_Forest/Materials/Vegetations/MI_TreeBark01.uexp" 4324
"F:/Nijimori/PJ_1_Unreal/PJ_1/Content/Rain_Forest/Meshes/Vegetations/SM_Maple11.ubulk" 4325
"F:/Nijimori/PJ_1_Unreal/PJ_1/Content/Rain_Forest/Meshes/Vegetations/SM_Maple11.uasset" 4326
"F:/Nijimori/PJ_1_Unreal/PJ_1/Content/Rain_Forest/Meshes/Vegetations/SM_Maple11.uexp" 4327
"F:/Nijimori/PJ_1_Unreal/PJ_1/Content/Rain_Forest/Meshes/Vegetations/SM_Maple10.ubulk" 4328
"F:/Nijimori/PJ_1_Unreal/PJ_1/Content/Rain_Forest/Meshes/Vegetations/SM_Maple10.uasset" 4329
"F:/Nijimori/PJ_1_Unreal/PJ_1/Content/Rain_Forest/Meshes/Vegetations/SM_Maple10.uexp" 4330
"F:/Nijimori/PJ_1_Unreal/PJ_1/Content/Rain_Forest/Meshes/Vegetations/SM_Maple09.ubulk" 4331
"F:/Nijimori/PJ_1_Unreal/PJ_1/Content/Rain_Forest/Meshes/Vegetations/SM_Maple09.uasset" 4332
"F:/Nijimori/PJ_1_Unreal/PJ_1/Content/Rain_Forest/Meshes/Vegetations/SM_Maple09.uexp" 4333
"F:/Nijimori/PJ_1_Unreal/PJ_1/Content/Rain_Forest/Meshes/Vegetations/SM_Maple08.ubulk" 4334
"F:/Nijimori/PJ_1_Unreal/PJ_1/Content/Rain_Forest/Meshes/Vegetations/SM_Maple08.uasset" 4335
"F:/Nijimori/PJ_1_Unreal/PJ_1/Content/Rain_Forest/Meshes/Vegetations/SM_Maple08.uexp" 4336
"F:/Nijimori/PJ_1_Unreal/PJ_1/Content/Rain_Forest/Meshes/Vegetations/SM_Maple07.ubulk" 4337
"F:/Nijimori/PJ_1_Unreal/PJ_1/Content/Rain_Forest/Meshes/Vegetations/SM_Maple07.uasset" 4338
"F:/Nijimori/PJ_1_Unreal/PJ_1/Content/Rain_Forest/Meshes/Vegetations/SM_Maple07.uexp" 4339
"F:/Nijimori/PJ_1_Unreal/PJ_1/Content/Rain_Forest/Meshes/Vegetations/SM_Maple06.ubulk" 4340
"F:/Nijimori/PJ_1_Unreal/PJ_1/Content/Rain_Forest/Meshes/Vegetations/SM_Maple06.uasset" 4341
"F:/Nijimori/PJ_1_Unreal/PJ_1/Content/Rain_Forest/Meshes/Vegetations/SM_Maple06.uexp" 4342
"F:/Nijimori/PJ_1_Unreal/PJ_1/Content/Rain_Forest/Meshes/Vegetations/SM_Maple05.ubulk" 4343
"F:/Nijimori/PJ_1_Unreal/PJ_1/Content/Rain_Forest/Meshes/Vegetations/SM_Maple05.uasset" 4344
"F:/Nijimori/PJ_1_Unreal/PJ_1/Content/Rain_Forest/Meshes/Vegetations/SM_Maple05.uexp" 4345
"F:/Nijimori/PJ_1_Unreal/PJ_1/Content/Rain_Forest/Meshes/Vegetations/SM_Maple04.ubulk" 4346
"F:/Nijimori/PJ_1_Unreal/PJ_1/Content/Rain_Forest/Meshes/Vegetations/SM_Maple04.uasset" 4347
"F:/Nijimori/PJ_1_Unreal/PJ_1/Content/Rain_Forest/Meshes/Vegetations/SM_Maple04.uexp" 4348
"F:/Nijimori/PJ_1_Unreal/PJ_1/Content/Rain_Forest/Meshes/Vegetations/SM_Maple03.ubulk" 4349
"F:/Nijimori/PJ_1_Unreal/PJ_1/Content/Rain_Forest/Meshes/Vegetations/SM_Maple03.uasset" 4350
"F:/Nijimori/PJ_1_Unreal/PJ_1/Content/Rain_Forest/Meshes/Vegetations/SM_Maple03.uexp" 4351
"F:/Nijimori/PJ_1_Unreal/PJ_1/Content/Rain_Forest/Textures/Vegetations/T_Ivy_N.ubulk" 4352
"F:/Nijimori/PJ_1_Unreal/PJ_1/Content/Rain_Forest/Textures/Vegetations/T_Ivy_N.uasset" 4353
"F:/Nijimori/PJ_1_Unreal/PJ_1/Content/Rain_Forest/Textures/Vegetations/T_Ivy_N.uexp" 4354
"F:/Nijimori/PJ_1_Unreal/PJ_1/Content/Rain_Forest/Textures/Vegetations/T_Ivy_D.uasset" 4355
"F:/Nijimori/PJ_1_Unreal/PJ_1/Content/Rain_Forest/Textures/Vegetations/T_Ivy_D.uexp" 4356
"F:/Nijimori/PJ_1_Unreal/PJ_1/Content/Rain_Forest/Materials/Vegetations/MI_Ivy01.uasset" 4357
"F:/Nijimori/PJ_1_Unreal/PJ_1/Content/Rain_Forest/Materials/Vegetations/MI_Ivy01.uexp" 4358
"F:/Nijimori/PJ_1_Unreal/PJ_1/Content/Rain_Forest/Meshes/Vegetations/SM_Ivy2_05.ubulk" 4359
"F:/Nijimori/PJ_1_Unreal/PJ_1/Content/Rain_Forest/Meshes/Vegetations/SM_Ivy2_05.uasset" 4360
"F:/Nijimori/PJ_1_Unreal/PJ_1/Content/Rain_Forest/Meshes/Vegetations/SM_Ivy2_05.uexp" 4361
"F:/Nijimori/PJ_1_Unreal/PJ_1/Content/Rain_Forest/Meshes/Vegetations/SM_Ivy2_04.ubulk" 4362
"F:/Nijimori/PJ_1_Unreal/PJ_1/Content/Rain_Forest/Meshes/Vegetations/SM_Ivy2_04.uasset" 4363
"F:/Nijimori/PJ_1_Unreal/PJ_1/Content/Rain_Forest/Meshes/Vegetations/SM_Ivy2_04.uexp" 4364
"F:/Nijimori/PJ_1_Unreal/PJ_1/Content/Rain_Forest/Meshes/Vegetations/SM_Ivy2_02.ubulk" 4365
"F:/Nijimori/PJ_1_Unreal/PJ_1/Content/Rain_Forest/Meshes/Vegetations/SM_Ivy2_02.uasset" 4366
"F:/Nijimori/PJ_1_Unreal/PJ_1/Content/Rain_Forest/Meshes/Vegetations/SM_Ivy2_02.uexp" 4367
"F:/Nijimori/PJ_1_Unreal/PJ_1/Content/Rain_Forest/Meshes/Vegetations/SM_Ivy2_01.ubulk" 4368
"F:/Nijimori/PJ_1_Unreal/PJ_1/Content/Rain_Forest/Meshes/Vegetations/SM_Ivy2_01.uasset" 4369
"F:/Nijimori/PJ_1_Unreal/PJ_1/Content/Rain_Forest/Meshes/Vegetations/SM_Ivy2_01.uexp" 4370
"F:/Nijimori/PJ_1_Unreal/PJ_1/Content/Rain_Forest/Textures/Vegetations/T__Hydrangea_N.ubulk" 4371
"F:/Nijimori/PJ_1_Unreal/PJ_1/Content/Rain_Forest/Textures/Vegetations/T__Hydrangea_N.uasset" 4372
"F:/Nijimori/PJ_1_Unreal/PJ_1/Content/Rain_Forest/Textures/Vegetations/T__Hydrangea_N.uexp" 4373
"F:/Nijimori/PJ_1_Unreal/PJ_1/Content/Rain_Forest/Textures/Vegetations/T__Hydrangea_D.ubulk" 4374
"F:/Nijimori/PJ_1_Unreal/PJ_1/Content/Rain_Forest/Textures/Vegetations/T__Hydrangea_D.uasset" 4375
"F:/Nijimori/PJ_1_Unreal/PJ_1/Content/Rain_Forest/Textures/Vegetations/T__Hydrangea_D.uexp" 4376
"F:/Nijimori/PJ_1_Unreal/PJ_1/Content/Rain_Forest/Textures/Vegetations/T_Hydrangea_Billboard_ART.ubulk" 4377
"F:/Nijimori/PJ_1_Unreal/PJ_1/Content/Rain_Forest/Textures/Vegetations/T_Hydrangea_Billboard_ART.uasset" 4378
"F:/Nijimori/PJ_1_Unreal/PJ_1/Content/Rain_Forest/Textures/Vegetations/T_Hydrangea_Billboard_ART.uexp" 4379
"../../../Engine/Content/Functions/Engine_MaterialFunctions01/WorldPositionOffset/SimpleGrassWind.uasset" 4380
"../../../Engine/Content/Functions/Engine_MaterialFunctions01/WorldPositionOffset/SimpleGrassWind.uexp" 4381
"../../../Engine/Content/Functions/Engine_MaterialFunctions03/Blends/Blend_Overlay.uasset" 4382
"../../../Engine/Content/Functions/Engine_MaterialFunctions03/Blends/Blend_Overlay.uexp" 4383
"../../../Engine/Plugins/Bridge/Content/MSPresets/MSTextures/Placeholder_Normal.uasset" 4384
"../../../Engine/Plugins/Bridge/Content/MSPresets/MSTextures/Placeholder_Normal.uexp" 4385
"../../../Engine/Plugins/Bridge/Content/MSPresets/MSTextures/WhitePlaceholder.uasset" 4386
"../../../Engine/Plugins/Bridge/Content/MSPresets/MSTextures/WhitePlaceholder.uexp" 4387
"../../../Engine/Content/Functions/Engine_MaterialFunctions01/SpeedTree/SpeedTreeColorVariation.uasset" 4388
"../../../Engine/Content/Functions/Engine_MaterialFunctions01/SpeedTree/SpeedTreeColorVariation.uexp" 4389
"../../../Engine/Plugins/Bridge/Content/MSPresets/M_MS_Foliage_Material/Functions/MF_Translucency.uasset" 4390
"../../../Engine/Plugins/Bridge/Content/MSPresets/M_MS_Foliage_Material/Functions/MF_Translucency.uexp" 4391
"F:/Nijimori/PJ_1_Unreal/PJ_1/Content/Rain_Forest/Materials/Vegetations/M__Foliage_Material.uasset" 4392
"F:/Nijimori/PJ_1_Unreal/PJ_1/Content/Rain_Forest/Materials/Vegetations/M__Foliage_Material.uexp" 4393
"F:/Nijimori/PJ_1_Unreal/PJ_1/Content/Rain_Forest/Materials/Vegetations/MI_Hydrangea.uasset" 4394
"F:/Nijimori/PJ_1_Unreal/PJ_1/Content/Rain_Forest/Materials/Vegetations/MI_Hydrangea.uexp" 4395
"F:/Nijimori/PJ_1_Unreal/PJ_1/Content/Rain_Forest/Textures/Vegetations/T_Hydrangea_Billboard_N.ubulk" 4396
"F:/Nijimori/PJ_1_Unreal/PJ_1/Content/Rain_Forest/Textures/Vegetations/T_Hydrangea_Billboard_N.uasset" 4397
"F:/Nijimori/PJ_1_Unreal/PJ_1/Content/Rain_Forest/Textures/Vegetations/T_Hydrangea_Billboard_N.uexp" 4398
"F:/Nijimori/PJ_1_Unreal/PJ_1/Content/Rain_Forest/Textures/Vegetations/T_Hydrangea_Billboard_D.ubulk" 4399
"F:/Nijimori/PJ_1_Unreal/PJ_1/Content/Rain_Forest/Textures/Vegetations/T_Hydrangea_Billboard_D.uasset" 4400
"F:/Nijimori/PJ_1_Unreal/PJ_1/Content/Rain_Forest/Textures/Vegetations/T_Hydrangea_Billboard_D.uexp" 4401
"F:/Nijimori/PJ_1_Unreal/PJ_1/Content/Rain_Forest/Textures/Vegetations/T_BigleafHydrangea_vgztealha_2K_billboard_ART.ubulk" 4402
"F:/Nijimori/PJ_1_Unreal/PJ_1/Content/Rain_Forest/Textures/Vegetations/T_BigleafHydrangea_vgztealha_2K_billboard_ART.uasset" 4403
"F:/Nijimori/PJ_1_Unreal/PJ_1/Content/Rain_Forest/Textures/Vegetations/T_BigleafHydrangea_vgztealha_2K_billboard_ART.uexp" 4404
"../../../Engine/Content/ArtTools/RenderToTexture/MaterialFunctions/FoliageZRotation.uasset" 4405
"../../../Engine/Content/ArtTools/RenderToTexture/MaterialFunctions/FoliageZRotation.uexp" 4406
"F:/Nijimori/PJ_1_Unreal/PJ_1/Content/Rain_Forest/Materials/Vegetations/M_Billboard_Material.uasset" 4407
"F:/Nijimori/PJ_1_Unreal/PJ_1/Content/Rain_Forest/Materials/Vegetations/M_Billboard_Material.uexp" 4408
"F:/Nijimori/PJ_1_Unreal/PJ_1/Content/Rain_Forest/Materials/Vegetations/MI_Hydrangea_Billbord.uasset" 4409
"F:/Nijimori/PJ_1_Unreal/PJ_1/Content/Rain_Forest/Materials/Vegetations/MI_Hydrangea_Billbord.uexp" 4410
"F:/Nijimori/PJ_1_Unreal/PJ_1/Content/Rain_Forest/Meshes/Vegetations/SM_Hydrangea_E.ubulk" 4411
"F:/Nijimori/PJ_1_Unreal/PJ_1/Content/Rain_Forest/Meshes/Vegetations/SM_Hydrangea_E.uasset" 4412
"F:/Nijimori/PJ_1_Unreal/PJ_1/Content/Rain_Forest/Meshes/Vegetations/SM_Hydrangea_E.uexp" 4413
"F:/Nijimori/PJ_1_Unreal/PJ_1/Content/Rain_Forest/Textures/Vegetations/T_Grass10_N.ubulk" 4414
"F:/Nijimori/PJ_1_Unreal/PJ_1/Content/Rain_Forest/Textures/Vegetations/T_Grass10_N.uasset" 4415
"F:/Nijimori/PJ_1_Unreal/PJ_1/Content/Rain_Forest/Textures/Vegetations/T_Grass10_N.uexp" 4416
"F:/Nijimori/PJ_1_Unreal/PJ_1/Content/Rain_Forest/Textures/Vegetations/T_Grass10_D.uasset" 4417
"F:/Nijimori/PJ_1_Unreal/PJ_1/Content/Rain_Forest/Textures/Vegetations/T_Grass10_D.uexp" 4418
"F:/Nijimori/PJ_1_Unreal/PJ_1/Content/Rain_Forest/Materials/Vegetations/MI_GrassMaster.uasset" 4419
"F:/Nijimori/PJ_1_Unreal/PJ_1/Content/Rain_Forest/Materials/Vegetations/MI_GrassMaster.uexp" 4420
"F:/Nijimori/PJ_1_Unreal/PJ_1/Content/Rain_Forest/Materials/Vegetations/MI_Grass10.uasset" 4421
"F:/Nijimori/PJ_1_Unreal/PJ_1/Content/Rain_Forest/Materials/Vegetations/MI_Grass10.uexp" 4422
"F:/Nijimori/PJ_1_Unreal/PJ_1/Content/Rain_Forest/Meshes/Vegetations/SM_grass10_1.ubulk" 4423
"F:/Nijimori/PJ_1_Unreal/PJ_1/Content/Rain_Forest/Meshes/Vegetations/SM_grass10_1.uasset" 4424
"F:/Nijimori/PJ_1_Unreal/PJ_1/Content/Rain_Forest/Meshes/Vegetations/SM_grass10_1.uexp" 4425
"F:/Nijimori/PJ_1_Unreal/PJ_1/Content/Rain_Forest/Meshes/Vegetations/SM_Grass10_7.ubulk" 4426
"F:/Nijimori/PJ_1_Unreal/PJ_1/Content/Rain_Forest/Meshes/Vegetations/SM_Grass10_7.uasset" 4427
"F:/Nijimori/PJ_1_Unreal/PJ_1/Content/Rain_Forest/Meshes/Vegetations/SM_Grass10_7.uexp" 4428
"F:/Nijimori/PJ_1_Unreal/PJ_1/Content/Rain_Forest/Textures/Vegetations/T_Grass09_N.ubulk" 4429
"F:/Nijimori/PJ_1_Unreal/PJ_1/Content/Rain_Forest/Textures/Vegetations/T_Grass09_N.uasset" 4430
"F:/Nijimori/PJ_1_Unreal/PJ_1/Content/Rain_Forest/Textures/Vegetations/T_Grass09_N.uexp" 4431
"F:/Nijimori/PJ_1_Unreal/PJ_1/Content/Rain_Forest/Textures/Vegetations/T_Grass09_D.uasset" 4432
"F:/Nijimori/PJ_1_Unreal/PJ_1/Content/Rain_Forest/Textures/Vegetations/T_Grass09_D.uexp" 4433
"F:/Nijimori/PJ_1_Unreal/PJ_1/Content/Rain_Forest/Materials/Vegetations/MI_Grass09.uasset" 4434
"F:/Nijimori/PJ_1_Unreal/PJ_1/Content/Rain_Forest/Materials/Vegetations/MI_Grass09.uexp" 4435
"F:/Nijimori/PJ_1_Unreal/PJ_1/Content/Rain_Forest/Meshes/Vegetations/SM_grass09_1.ubulk" 4436
"F:/Nijimori/PJ_1_Unreal/PJ_1/Content/Rain_Forest/Meshes/Vegetations/SM_grass09_1.uasset" 4437
"F:/Nijimori/PJ_1_Unreal/PJ_1/Content/Rain_Forest/Meshes/Vegetations/SM_grass09_1.uexp" 4438
"F:/Nijimori/PJ_1_Unreal/PJ_1/Content/Rain_Forest/Textures/Vegetations/T_Grass08_N.ubulk" 4439
"F:/Nijimori/PJ_1_Unreal/PJ_1/Content/Rain_Forest/Textures/Vegetations/T_Grass08_N.uasset" 4440
"F:/Nijimori/PJ_1_Unreal/PJ_1/Content/Rain_Forest/Textures/Vegetations/T_Grass08_N.uexp" 4441
"F:/Nijimori/PJ_1_Unreal/PJ_1/Content/Rain_Forest/Textures/Vegetations/T_Grass08_D.uasset" 4442
"F:/Nijimori/PJ_1_Unreal/PJ_1/Content/Rain_Forest/Textures/Vegetations/T_Grass08_D.uexp" 4443
"F:/Nijimori/PJ_1_Unreal/PJ_1/Content/Rain_Forest/Materials/Vegetations/MI_Grass08.uasset" 4444
"F:/Nijimori/PJ_1_Unreal/PJ_1/Content/Rain_Forest/Materials/Vegetations/MI_Grass08.uexp" 4445
"F:/Nijimori/PJ_1_Unreal/PJ_1/Content/Rain_Forest/Meshes/Vegetations/SM_grass08_3.ubulk" 4446
"F:/Nijimori/PJ_1_Unreal/PJ_1/Content/Rain_Forest/Meshes/Vegetations/SM_grass08_3.uasset" 4447
"F:/Nijimori/PJ_1_Unreal/PJ_1/Content/Rain_Forest/Meshes/Vegetations/SM_grass08_3.uexp" 4448
"F:/Nijimori/PJ_1_Unreal/PJ_1/Content/Rain_Forest/Textures/Vegetations/T_Grass06_N.ubulk" 4449
"F:/Nijimori/PJ_1_Unreal/PJ_1/Content/Rain_Forest/Textures/Vegetations/T_Grass06_N.uasset" 4450
"F:/Nijimori/PJ_1_Unreal/PJ_1/Content/Rain_Forest/Textures/Vegetations/T_Grass06_N.uexp" 4451
"F:/Nijimori/PJ_1_Unreal/PJ_1/Content/Rain_Forest/Textures/Vegetations/T_Grass06_D.uasset" 4452
"F:/Nijimori/PJ_1_Unreal/PJ_1/Content/Rain_Forest/Textures/Vegetations/T_Grass06_D.uexp" 4453
"F:/Nijimori/PJ_1_Unreal/PJ_1/Content/Rain_Forest/Materials/Vegetations/MI_Grass06.uasset" 4454
"F:/Nijimori/PJ_1_Unreal/PJ_1/Content/Rain_Forest/Materials/Vegetations/MI_Grass06.uexp" 4455
"F:/Nijimori/PJ_1_Unreal/PJ_1/Content/Rain_Forest/Meshes/Vegetations/SM_grass06_2.ubulk" 4456
"F:/Nijimori/PJ_1_Unreal/PJ_1/Content/Rain_Forest/Meshes/Vegetations/SM_grass06_2.uasset" 4457
"F:/Nijimori/PJ_1_Unreal/PJ_1/Content/Rain_Forest/Meshes/Vegetations/SM_grass06_2.uexp" 4458
"F:/Nijimori/PJ_1_Unreal/PJ_1/Content/Rain_Forest/Textures/Vegetations/T_Grass02_N.ubulk" 4459
"F:/Nijimori/PJ_1_Unreal/PJ_1/Content/Rain_Forest/Textures/Vegetations/T_Grass02_N.uasset" 4460
"F:/Nijimori/PJ_1_Unreal/PJ_1/Content/Rain_Forest/Textures/Vegetations/T_Grass02_N.uexp" 4461
"F:/Nijimori/PJ_1_Unreal/PJ_1/Content/Rain_Forest/Textures/Vegetations/T_Grass02_D.ubulk" 4462
"F:/Nijimori/PJ_1_Unreal/PJ_1/Content/Rain_Forest/Textures/Vegetations/T_Grass02_D.uasset" 4463
"F:/Nijimori/PJ_1_Unreal/PJ_1/Content/Rain_Forest/Textures/Vegetations/T_Grass02_D.uexp" 4464
"F:/Nijimori/PJ_1_Unreal/PJ_1/Content/Rain_Forest/Materials/Vegetations/MI_Grass02.uasset" 4465
"F:/Nijimori/PJ_1_Unreal/PJ_1/Content/Rain_Forest/Materials/Vegetations/MI_Grass02.uexp" 4466
"F:/Nijimori/PJ_1_Unreal/PJ_1/Content/Rain_Forest/Meshes/Vegetations/SM_grass02.ubulk" 4467
"F:/Nijimori/PJ_1_Unreal/PJ_1/Content/Rain_Forest/Meshes/Vegetations/SM_grass02.uasset" 4468
"F:/Nijimori/PJ_1_Unreal/PJ_1/Content/Rain_Forest/Meshes/Vegetations/SM_grass02.uexp" 4469
"F:/Nijimori/PJ_1_Unreal/PJ_1/Content/Rain_Forest/Textures/Vegetations/T_Field_Poppy_N.ubulk" 4470
"F:/Nijimori/PJ_1_Unreal/PJ_1/Content/Rain_Forest/Textures/Vegetations/T_Field_Poppy_N.uasset" 4471
"F:/Nijimori/PJ_1_Unreal/PJ_1/Content/Rain_Forest/Textures/Vegetations/T_Field_Poppy_N.uexp" 4472
"F:/Nijimori/PJ_1_Unreal/PJ_1/Content/Rain_Forest/Textures/Vegetations/T_Field_Poppy_D.ubulk" 4473
"F:/Nijimori/PJ_1_Unreal/PJ_1/Content/Rain_Forest/Textures/Vegetations/T_Field_Poppy_D.uasset" 4474
"F:/Nijimori/PJ_1_Unreal/PJ_1/Content/Rain_Forest/Textures/Vegetations/T_Field_Poppy_D.uexp" 4475
"F:/Nijimori/PJ_1_Unreal/PJ_1/Content/Rain_Forest/Textures/Vegetations/T_FieldPoppy_ART.ubulk" 4476
"F:/Nijimori/PJ_1_Unreal/PJ_1/Content/Rain_Forest/Textures/Vegetations/T_FieldPoppy_ART.uasset" 4477
"F:/Nijimori/PJ_1_Unreal/PJ_1/Content/Rain_Forest/Textures/Vegetations/T_FieldPoppy_ART.uexp" 4478
"F:/Nijimori/PJ_1_Unreal/PJ_1/Content/Rain_Forest/Materials/Vegetations/MI_Field_Poppy.uasset" 4479
"F:/Nijimori/PJ_1_Unreal/PJ_1/Content/Rain_Forest/Materials/Vegetations/MI_Field_Poppy.uexp" 4480
"F:/Nijimori/PJ_1_Unreal/PJ_1/Content/Rain_Forest/Textures/Vegetations/T_Field_Poppy_Billboard_N.ubulk" 4481
"F:/Nijimori/PJ_1_Unreal/PJ_1/Content/Rain_Forest/Textures/Vegetations/T_Field_Poppy_Billboard_N.uasset" 4482
"F:/Nijimori/PJ_1_Unreal/PJ_1/Content/Rain_Forest/Textures/Vegetations/T_Field_Poppy_Billboard_N.uexp" 4483
"F:/Nijimori/PJ_1_Unreal/PJ_1/Content/Rain_Forest/Textures/Vegetations/T_Field_Poppy_Billboard_D.ubulk" 4484
"F:/Nijimori/PJ_1_Unreal/PJ_1/Content/Rain_Forest/Textures/Vegetations/T_Field_Poppy_Billboard_D.uasset" 4485
"F:/Nijimori/PJ_1_Unreal/PJ_1/Content/Rain_Forest/Textures/Vegetations/T_Field_Poppy_Billboard_D.uexp" 4486
"F:/Nijimori/PJ_1_Unreal/PJ_1/Content/Rain_Forest/Textures/Vegetations/T_FieldPoppy_billboard_ART.ubulk" 4487
"F:/Nijimori/PJ_1_Unreal/PJ_1/Content/Rain_Forest/Textures/Vegetations/T_FieldPoppy_billboard_ART.uasset" 4488
"F:/Nijimori/PJ_1_Unreal/PJ_1/Content/Rain_Forest/Textures/Vegetations/T_FieldPoppy_billboard_ART.uexp" 4489
"F:/Nijimori/PJ_1_Unreal/PJ_1/Content/Rain_Forest/Materials/Vegetations/MI_Field_Poppy_Billboard.uasset" 4490
"F:/Nijimori/PJ_1_Unreal/PJ_1/Content/Rain_Forest/Materials/Vegetations/MI_Field_Poppy_Billboard.uexp" 4491
"F:/Nijimori/PJ_1_Unreal/PJ_1/Content/Rain_Forest/Meshes/Vegetations/SM_Field_Poppy_N.ubulk" 4492
"F:/Nijimori/PJ_1_Unreal/PJ_1/Content/Rain_Forest/Meshes/Vegetations/SM_Field_Poppy_N.uasset" 4493
"F:/Nijimori/PJ_1_Unreal/PJ_1/Content/Rain_Forest/Meshes/Vegetations/SM_Field_Poppy_N.uexp" 4494
"F:/Nijimori/PJ_1_Unreal/PJ_1/Content/Rain_Forest/Textures/Vegetations/T_AmurCorkBranch01_SRM.ubulk" 4495
"F:/Nijimori/PJ_1_Unreal/PJ_1/Content/Rain_Forest/Textures/Vegetations/T_AmurCorkBranch01_SRM.uasset" 4496
"F:/Nijimori/PJ_1_Unreal/PJ_1/Content/Rain_Forest/Textures/Vegetations/T_AmurCorkBranch01_SRM.uexp" 4497
"F:/Nijimori/PJ_1_Unreal/PJ_1/Content/Rain_Forest/Textures/Vegetations/T_AmurCorkBranch01_N.ubulk" 4498
"F:/Nijimori/PJ_1_Unreal/PJ_1/Content/Rain_Forest/Textures/Vegetations/T_AmurCorkBranch01_N.uasset" 4499
"F:/Nijimori/PJ_1_Unreal/PJ_1/Content/Rain_Forest/Textures/Vegetations/T_AmurCorkBranch01_N.uexp" 4500
"F:/Nijimori/PJ_1_Unreal/PJ_1/Content/Rain_Forest/Textures/Vegetations/T_AmurCorkBranch01_D.uasset" 4501
"F:/Nijimori/PJ_1_Unreal/PJ_1/Content/Rain_Forest/Textures/Vegetations/T_AmurCorkBranch01_D.uexp" 4502
"F:/Nijimori/PJ_1_Unreal/PJ_1/Content/Rain_Forest/Materials/Vegetations/MI_AmurCorkBranch01.uasset" 4503
"F:/Nijimori/PJ_1_Unreal/PJ_1/Content/Rain_Forest/Materials/Vegetations/MI_AmurCorkBranch01.uexp" 4504
"F:/Nijimori/PJ_1_Unreal/PJ_1/Content/Rain_Forest/Meshes/Vegetations/SM_AmurCork03.ubulk" 4505
"F:/Nijimori/PJ_1_Unreal/PJ_1/Content/Rain_Forest/Meshes/Vegetations/SM_AmurCork03.uasset" 4506
"F:/Nijimori/PJ_1_Unreal/PJ_1/Content/Rain_Forest/Meshes/Vegetations/SM_AmurCork03.uexp" 4507
"F:/Nijimori/PJ_1_Unreal/PJ_1/Content/Rain_Forest/Meshes/Vegetations/SM_AmurCork01.ubulk" 4508
"F:/Nijimori/PJ_1_Unreal/PJ_1/Content/Rain_Forest/Meshes/Vegetations/SM_AmurCork01.uasset" 4509
"F:/Nijimori/PJ_1_Unreal/PJ_1/Content/Rain_Forest/Meshes/Vegetations/SM_AmurCork01.uexp" 4510
"F:/Nijimori/PJ_1_Unreal/PJ_1/Content/Main.uexp" 4511
"F:/Nijimori/PJ_1_Unreal/PJ_1/Content/Main.ubulk" 4512
"F:/Nijimori/PJ_1_Unreal/PJ_1/Content/Main.umap" 4513
"../../../Engine/Content/Maps/Entry_BuiltData.uasset" 4514
"../../../Engine/Content/Maps/Entry_BuiltData.uexp" 4515
"../../../Engine/Content/Maps/Entry.uexp" 4516
"../../../Engine/Content/Maps/Entry.umap" 4517
